1979.88382	0
1979.98957	0
1980.09533	0
1980.2011	0
1980.30688	145.15515
1980.41266	66.45603
1980.51845	29.99877
1980.62425	0.00189
1980.73006	0
1980.83588	0
1980.94171	34.91976
1981.04754	70.71544
1981.15339	123.37736
1981.25924	127.50162
1981.3651	172.35568
1981.47097	181.37906
1981.57685	151.413
1981.68273	86.90899
1981.78863	86.11973
1981.89453	60.36263
1982.00044	68.56598
1982.10636	204.66919
1982.21229	255.4024
1982.31823	245.73618
1982.42417	204.2046
1982.53013	158.86001
1982.63609	160.47161
1982.74206	314.11078
1982.84804	423.96844
1982.95403	407.33187
1983.06002	314.87086
1983.16603	203.08094
1983.27204	52.48446
1983.37806	11.16198
1983.48409	42.50859
1983.59013	143.38548
1983.69618	218.51155
1983.80223	220.12974
1983.9083	251.38976
1984.01437	408.8377
1984.12045	448.47051
1984.22654	322.95221
1984.33264	132.02549
1984.43875	32.68865
1984.54486	82.10946
1984.65099	205.48051
1984.75712	309.65362
1984.86326	334.38458
1984.96941	327.44916
1985.07557	225.44265
1985.18174	253.73449
1985.28791	308.60544
1985.39409	335.76682
1985.50029	266.0202
1985.60649	280.21809
1985.7127	245.43061
1985.81891	217.80482
1985.92514	175.1919
1986.03137	163.94463
1986.13762	109.43045
1986.24387	40.47191
1986.35013	113.19086
1986.4564	216.92533
1986.56268	184.69963
1986.66896	141.39015
1986.77526	102.70908
1986.88156	44.88745
1986.98787	119.07668
1987.09419	245.58896
1987.20052	245.48629
1987.30686	194.35017
1987.4132	122.94462
1987.51956	195.62805
1987.62592	318.27763
1987.73229	315.04166
1987.83867	322.39178
1987.94506	278.09715
1988.05145	134.71579
1988.15786	204.12695
1988.26427	238.79464
1988.3707	202.4467
1988.47713	190.882
1988.58357	171.61039
1988.69001	301.98658
1988.79647	401.33462
1988.90294	576.32157
1989.00941	796.52827
1989.11589	928.45062
1989.22238	813.89528
1989.32888	720.63177
1989.43539	802.10032
1989.54191	929.61835
1989.64843	748.45175
1989.75497	440.16577
1989.86151	378.2185
1989.96806	481.04888
1990.07462	512.41473
1990.18119	643.08154
1990.28776	650.49437
1990.39435	657.15829
1990.50094	532.41843
1990.60754	619.52781
1990.71415	799.98704
1990.82077	1032.11498
1990.9274	1265.35408
1991.03404	1276.72052
1991.14068	1214.27414
1991.24733	1000.90021
1991.354	741.52292
1991.46067	538.46211
1991.56735	621.8922
1991.67403	809.16171
1991.78073	1002.95083
1991.88744	1133.49726
1991.99415	1328.18413
1992.10087	1336.90192
1992.2076	1218.95798
1992.31434	1041.95325
1992.42109	883.26665
1992.52785	798.50957
1992.63461	705.18988
1992.74138	690.1811
1992.84817	718.97018
1992.95496	913.83218
1993.06176	1155.71941
1993.16856	1395.27072
1993.27538	1341.58033
1993.3822	1266.36929
1993.48904	1096.80887
1993.59588	808.99615
1993.70273	719.14417
1993.80959	620.61724
1993.91646	693.01856
1994.02334	944.63847
1994.13022	1191.27885
1994.23711	1396.09675
1994.34402	1475.09933
1994.45093	1228.10995
1994.55785	948.32492
1994.66478	834.8964
1994.77171	982.13394
1994.87866	1311.60275
1994.98561	1463.8996
1995.09257	1396.58072
1995.19955	1227.04281
1995.30652	1318.62895
1995.41351	1206.80612
1995.52051	1017.29266
1995.62752	1057.62055
1995.73453	1123.87606
1995.84155	1226.99431
1995.94858	1356.50885
1996.05562	1503.90138
1996.16267	1872.02488
1996.26973	1967.02772
1996.3768	1755.33971
1996.48387	1370.83207
1996.59095	1133.0672
1996.69805	1164.40971
1996.80515	1407.7334
1996.91225	1651.52162
1997.01937	1685.90963
1997.1265	1602.06755
1997.23363	1575.9397
1997.34078	1522.656
1997.44793	1402.28068
1997.55509	1334.48828
1997.66226	1285.80245
1997.76944	1547.52662
1997.87662	1966.72466
1997.98382	2277.38513
1998.09102	2369.75109
1998.19823	2186.40107
1998.30545	1931.25332
1998.41268	1696.64461
1998.51992	1872.86437
1998.62717	1970.2225
1998.73443	1860.00487
1998.84169	1682.69975
1998.94896	1614.51261
1999.05624	1676.38371
1999.16353	2278.55183
1999.27083	2944.63047
1999.37814	3157.8097
1999.48546	2733.69358
1999.59278	2186.02262
1999.70011	1820.89785
1999.80746	2281.50156
1999.91481	3507.17234
2000.02217	4615.45243
2000.12953	4938.84998
2000.23691	4484.33965
2000.3443	4292.00027
2000.45169	3934.99962
2000.55909	3743.53089
2000.6665	4027.99896
2000.77392	4216.58353
2000.88135	4162.00463
2000.98879	4484.35243
2001.09623	4499.77206
2001.20369	3911.84988
2001.31115	3438.61883
2001.41862	3213.60852
2001.5261	3109.30451
2001.63359	3373.14921
2001.74109	3730.58946
2001.8486	4011.62961
2001.95611	4719.8032
2002.06363	5543.48198
2002.17117	5663.1799
2002.27871	4857.27648
2002.38626	3797.46685
2002.49382	2803.68195
2002.60138	2401.77141
2002.70896	2827.9533
2002.81654	4107.05358
2002.92414	5275.99338
2003.03174	5442.75849
2003.13935	5056.46683
2003.24697	4747.04364
2003.35459	4347.76427
2003.46223	3796.016
2003.56988	3362.85205
2003.67753	3154.0708
2003.78519	3333.59841
2003.89286	4202.26685
2004.00054	5285.79899
2004.10823	5933.83904
2004.21593	5655.13788
2004.32363	4469.00146
2004.43135	3299.98717
2004.53907	2732.0931
2004.6468	2589.76224
2004.75454	2898.43772
2004.86229	3973.29642
2004.97005	5192.55791
2005.07782	5631.27347
2005.18559	5261.47989
2005.29338	4473.90873
2005.40117	3661.86302
2005.50897	3247.18684
2005.61678	3202.67056
2005.7246	3268.72112
2005.83243	3223.39825
2005.94026	3215.83911
2006.04811	3699.55298
2006.15596	4224.12928
2006.26382	4243.09638
2006.37169	3793.515
2006.47957	3366.77653
2006.58746	3284.6706
2006.69536	3284.69223
2006.80326	3684.65402
2006.91118	4484.74808
2007.0191	5089.00945
2007.12703	5315.84869
2007.23497	4927.43625
2007.34292	4246.68357
2007.45088	3479.70521
2007.55885	2970.46249
2007.66682	2804.33757
2007.77481	3432.96299
2007.8828	4218.01359
2007.9908	4860.52955
2008.09881	4954.18691
2008.20683	4493.89981
2008.31486	4027.4489
2008.42289	3731.25891
2008.53094	3615.90727
2008.63899	3600.81535
2008.74706	3697.82923
2008.85513	4217.35486
2008.96321	5030.29711
2009.07129	5868.46672
2009.17939	5788.50147
2009.2875	4683.40605
2009.39561	3640.40144
2009.50374	2829.58495
2009.61187	2604.08559
2009.72001	2952.83456
2009.82816	3720.38578
2009.93632	4195.57062
2010.04449	4523.28883
2010.15266	4572.95496
2010.26085	4205.34403
2010.36904	3731.63119
2010.47724	3413.39301
2010.58545	3245.56409
2010.69367	3690.46072
2010.8019	4193.37988
2010.91014	4794.99931
2011.01838	5452.28958
2011.12664	5288.48123
2011.2349	4730.50248
2011.34317	4068.29271
2011.45145	3777.07295
2011.55974	3517.53144
2011.66804	3328.90746
2011.77635	3334.35834
2011.88466	3761.0447
2011.99299	4322.65051
2012.10132	5003.38409
2012.20966	5631.15855
2012.31802	5667.88259
2012.42637	5175.95191
2012.53474	4358.24885
2012.64312	3360.86386
2012.75151	2856.07541
2012.8599	3182.52313
2012.9683	4081.65711
2013.07672	4821.2696
2013.18514	5178.42077
2013.29357	4948.56753
2013.402	4206.89128
2013.51045	3435.0162
2013.61891	2663.62866
2013.72737	2720.713
2013.83585	3629.04273
2013.94433	4879.71549
2014.05282	5683.45368
2014.16132	5800.03913
2014.26983	5391.53589
2014.37834	4753.06727
2014.48687	3960.5683
2014.5954	3458.951
2014.70395	3062.14143
2014.8125	2605.59929
2014.92106	3032.86026
2015.02963	3889.84891
2015.13821	4677.96901
2015.2468	4931.70132
2015.35539	4421.87977
2015.464	3962.21987
2015.57261	3581.99301
2015.68123	3273.9893
2015.78987	3398.20776
2015.89851	3910.31171
2016.00715	4327.9667
2016.11581	4608.26983
2016.22448	4473.79184
2016.33315	4037.9156
2016.44184	3575.24465
2016.55053	3356.19146
2016.65923	3461.60387
2016.76794	3801.80107
2016.87666	4292.41194
2016.98539	4415.76926
2017.09413	4213.04954
2017.20287	3939.42016
2017.31163	3613.38649
2017.42039	3762.75214
2017.52916	4029.85128
2017.63794	4216.97646
2017.74673	4482.1773
2017.85553	4954.81423
2017.96434	5330.37061
2018.07315	5568.49119
2018.18198	5270.92573
2018.29081	4575.03116
2018.39965	3885.51034
2018.5085	3285.13413
2018.61736	3237.29346
2018.72623	3274.41938
2018.83511	3658.45734
2018.944	4297.20359
2019.05289	4668.05137
2019.1618	4757.81451
2019.27071	4366.65914
2019.37963	3576.18203
2019.48856	2995.28559
2019.5975	3011.04582
2019.70645	3388.07586
2019.81541	4045.47107
2019.92437	4055.99145
2020.03335	3889.92113
2020.14233	3976.7844
2020.25132	4440.72221
2020.36032	4731.27692
2020.46933	4246.28039
2020.57835	3338.3085
2020.68738	2878.37329
2020.79641	3166.33978
2020.90546	3608.93294
2021.01451	4377.13324
2021.12358	4955.23176
2021.23265	4864.17241
2021.34173	4147.0834
2021.45082	3440.1636
2021.55992	3609.06886
2021.66902	4127.29745
2021.77814	4416.50964
2021.88726	4739.87024
2021.9964	4821.07453
2022.10554	4908.17793
2022.21469	4520.61779
2022.32385	4120.07692
2022.43302	3731.03933
2022.5422	3342.76435
2022.65138	3239.07136
2022.76058	3773.22718
2022.86978	4361.86633
2022.97899	4513.79788
2023.08822	4630.63988
2023.19745	4575.9857
2023.30669	4218.47302
2023.41593	3804.04471
2023.52519	3606.39867
2023.63446	3382.82316
2023.74373	3009.93759
2023.85302	2810.34232
2023.96231	3167.64395
2024.07161	3642.54883
2024.18092	3848.16349
2024.29024	3781.84397
2024.39957	3656.70767
2024.5089	3657.6034
2024.61825	3473.51293
2024.7276	3008.48033
2024.83697	2893.20375
2024.94634	3392.48477
2025.05572	4160.47904
2025.16511	4889.53182
2025.27451	5120.68603
2025.38392	4676.83765
2025.49333	4083.67733
2025.60276	3768.82391
2025.71219	3722.40527
2025.82164	3547.5603
2025.93109	3435.67065
2026.04055	3877.4939
2026.15002	4664.70039
2026.2595	5012.44951
2026.36899	4710.01439
2026.47848	4176.21279
2026.58799	3586.68995
2026.6975	3207.18543
2026.80703	3370.21855
2026.91656	3833.5051
2027.0261	4218.35141
2027.13565	4330.32282
2027.24521	4187.59849
2027.35477	3966.34702
2027.46435	3917.6404
2027.57394	4139.24492
2027.68353	4632.01522
2027.79313	4986.11758
2027.90274	5011.34943
2028.01237	5258.59816
2028.122	5233.07415
2028.23163	4923.17577
2028.34128	4498.25114
2028.45094	4359.60962
2028.5606	4641.44127
2028.67028	4866.02337
2028.77996	4599.91159
2028.88965	4109.29533
2028.99935	3602.06311
2029.10906	3423.9524
2029.21878	3756.66485
2029.32851	4292.98792
2029.43825	4293.33026
2029.54799	4091.77792
2029.65774	4045.31309
2029.76751	4012.00045
2029.87728	4161.24599
2029.98706	4458.89656
2030.09685	4555.56251
2030.20665	4397.33232
2030.31646	4004.4015
2030.42627	3926.97523
2030.5361	3607.5058
2030.64593	3363.50689
2030.75578	3370.68394
2030.86563	3820.58222
2030.97549	4303.68397
2031.08536	4506.46257
2031.19524	4539.56957
2031.30513	4236.77378
2031.41502	4006.63729
2031.52493	3739.14781
2031.63484	3442.77905
2031.74477	3532.96167
2031.8547	4315.97829
2031.96464	4702.95325
2032.07459	4469.4338
2032.18455	4090.77931
2032.29452	3788.70156
2032.4045	3187.92274
2032.51448	3087.76125
2032.62448	3190.06357
2032.73448	3435.97991
2032.84449	3990.22967
2032.95452	4664.06192
2033.06455	5348.76893
2033.17459	5509.99586
2033.28463	5292.57708
2033.39469	4905.6555
2033.50476	4509.02033
2033.61483	4032.72429
2033.72492	3949.4436
2033.83501	4377.85975
2033.94511	4559.43652
2034.05522	4637.05958
2034.16534	4699.3744
2034.27547	4117.21675
2034.38561	3172.46356
2034.49576	2742.70487
2034.60591	2962.55458
2034.71608	3594.47877
2034.82625	4517.31371
2034.93644	5279.21726
2035.04663	5567.27299
2035.15683	5169.84524
2035.26704	4266.07622
2035.37726	3573.56058
2035.48748	3192.50185
2035.59772	2991.91084
2035.70796	3047.65584
2035.81822	3463.52359
2035.92848	4243.13659
2036.03875	4900.5595
2036.14904	5009.72376
2036.25933	4974.47171
2036.36962	4770.82701
2036.47993	4053.73948
2036.59025	3382.10505
2036.70058	3018.2416
2036.81091	3161.96529
2036.92125	3885.59159
2037.03161	4919.06212
2037.14197	5529.69065
2037.25234	5495.08339
2037.36272	5081.23165
2037.47311	4451.76577
2037.58351	3926.80971
2037.69391	3384.08183
2037.80433	3347.75537
2037.91475	4155.33431
2038.02519	5463.29807
2038.13563	6191.93125
2038.24608	5801.81672
2038.35654	4954.92337
2038.46701	4406.80321
2038.57749	3852.91817
2038.68798	3432.9054
2038.79847	3447.29118
2038.90898	4041.24043
2039.01949	4889.76925
2039.13002	4968.56914
2039.24055	4472.07863
2039.35109	3844.95749
2039.46164	3719.21558
2039.5722	3796.94533
2039.68277	3482.76382
2039.79335	3425.2103
2039.90393	4118.68523
2040.01453	4897.89662
2040.12513	5158.73933
2040.23575	4648.74728
2040.34637	3905.21807
2040.457	3488.51783
2040.56764	3560.39357
2040.67829	3750.21568
2040.78895	3811.11631
2040.89961	3886.27161
2041.01029	4184.1651
2041.12098	4693.54194
2041.23167	4636.14889
2041.34237	3917.87313
2041.45309	3570.33927
2041.56381	3565.43904
2041.67454	3611.49657
2041.78528	3654.74569
2041.89603	3673.80577
2042.00678	3695.2598
2042.11755	4092.14313
2042.22832	4514.18016
2042.33911	4353.77305
2042.4499	3950.77971
2042.5607	3618.69971
2042.67152	3688.84512
2042.78234	3924.2503
2042.89317	4542.0118
2043.004	5296.82811
2043.11485	5723.40359
2043.22571	5760.36156
2043.33657	5439.18676
2043.44745	5100.80799
2043.55833	4399.0294
2043.66923	3570.74826
2043.78013	3371.3389
2043.89104	3636.11359
2044.00196	4589.79894
2044.11289	5734.30227
2044.22382	6117.33926
2044.33477	5501.65595
2044.44573	4321.09736
2044.55669	3572.43423
2044.66767	3083.80017
2044.77865	3219.04433
2044.88964	3650.00768
2045.00064	4233.53579
2045.11165	4655.23614
2045.22267	4924.57701
2045.3337	4923.8864
2045.44474	4379.25705
2045.55578	3448.61149
2045.66684	3000.89592
2045.7779	3400.58797
2045.88898	4017.24063
2046.00006	4232.10288
2046.11115	4285.82825
2046.22225	3857.51029
2046.33336	3120.00721
2046.44448	2752.66809
2046.55561	3086.53789
2046.66674	3529.35186
2046.77789	3994.97461
2046.88904	4199.11329
2047.00021	4003.11305
2047.11138	3837.53815
2047.22256	3704.17037
2047.33375	3661.04349
2047.44495	3562.1326
2047.55616	3520.25822
2047.66738	3831.86393
2047.77861	4247.89746
2047.88984	4561.67373
2048.00109	4876.79212
2048.11234	4826.45727
2048.22361	4279.36753
2048.33488	3521.49696
2048.44616	3358.1866
2048.55745	3773.32441
2048.66875	4500.07286
2048.78006	4877.85376
2048.89138	4566.06332
2049.00271	4238.14195
2049.11404	4049.68973
2049.22539	4133.26246
2049.33674	4081.41241
2049.44811	3745.46771
2049.55948	3304.06488
2049.67086	3091.2551
2049.78225	3203.91838
2049.89365	3554.39654
2050.00506	3778.87565
2050.11648	3932.7784
2050.2279	4089.24842
2050.33934	4209.31807
2050.45079	3903.46855
2050.56224	3420.25008
2050.6737	3374.01973
2050.78517	3384.89798
2050.89666	3657.65123
2051.00815	4209.07275
2051.11965	4416.30937
2051.23116	4294.15964
2051.34267	3981.42012
2051.4542	3323.03524
2051.56574	2798.75149
2051.67728	2836.50089
2051.78884	3219.38285
2051.9004	3748.16464
2052.01197	4355.98076
2052.12355	4646.1187
2052.23514	4649.93627
2052.34674	4429.85235
2052.45835	4107.44039
2052.56997	4211.87909
2052.6816	4127.43141
2052.79323	3909.91594
2052.90488	4163.70289
2053.01653	4099.17338
2053.1282	4047.93644
2053.23987	4228.52801
2053.35155	4107.60732
2053.46324	3691.3157
2053.57494	3060.92897
2053.68665	2532.85234
2053.79837	2557.60385
2053.91009	3271.31512
2054.02183	4170.60894
2054.13358	4796.95062
2054.24533	4940.36686
2054.35709	4568.92037
2054.46887	4174.13236
2054.58065	3937.09744
2054.69244	3707.80758
2054.80424	3461.95766
2054.91605	3377.64901
2055.02787	3711.73593
2055.1397	3849.64496
2055.25153	3926.33669
2055.36338	3994.44583
2055.47523	3886.52159
2055.5871	3406.77211
2055.69897	2806.52779
2055.81085	2953.94342
2055.92274	3868.30121
2056.03465	5170.35068
2056.14656	5587.81061
2056.25847	4516.09499
2056.3704	2885.96546
2056.48234	2131.66655
2056.59429	2567.29766
2056.70624	4017.66061
2056.81821	5140.20845
2056.93018	4930.14258
2057.04216	4020.22327
2057.15415	3857.44563
2057.26616	3735.46755
2057.37817	3506.08213
2057.49019	3353.6097
2057.60221	3169.09227
2057.71425	3551.6946
2057.8263	4123.67702
2057.93835	4717.52954
2058.05042	4753.10277
2058.16249	4050.39256
2058.27458	3446.71882
2058.38667	3519.87262
2058.49877	3705.71129
2058.61088	3784.37368
2058.723	3760.47821
2058.83513	3731.4398
2058.94727	4146.80684
2059.05942	4523.21372
2059.17158	4380.41702
2059.28374	3684.10327
2059.39592	3276.06189
2059.5081	3194.13919
2059.62029	3443.40208
2059.7325	3439.32292
2059.84471	3632.69083
2059.95693	3719.74517
2060.06916	3800.34246
2060.1814	3855.74634
2060.29365	3876.82296
2060.40591	3965.60278
2060.51817	3890.55273
2060.63045	3619.92672
2060.74273	3494.24421
2060.85503	3140.61565
2060.96733	3128.73857
2061.07964	3705.69872
2061.19197	4226.72002
2061.3043	5045.63225
2061.41664	5135.2692
2061.52899	4342.98852
2061.64135	3658.22694
2061.75371	3127.45084
2061.86609	3127.32433
2061.97848	3978.33249
2062.09087	5124.03864
2062.20328	5473.40241
2062.31569	5323.83146
2062.42811	4562.52193
2062.54055	3645.36249
2062.65299	3445.30666
2062.76544	3669.06002
2062.8779	4260.03513
2062.99037	5001.94782
2063.10285	5508.70118
2063.21533	5331.58675
2063.32783	4737.61763
2063.44033	3880.56525
2063.55285	3051.40789
2063.66537	2625.78097
2063.77791	2726.28137
2063.89045	3260.365
2064.003	3920.74865
2064.11556	4401.96715
2064.22813	4232.79206
2064.34071	3926.58037
2064.4533	3910.79461
2064.5659	3320.67012
2064.67851	2795.57217
2064.79112	2868.89699
2064.90375	3262.41383
2065.01638	3942.46947
2065.12903	4863.99737
2065.24168	5393.24517
2065.35434	5308.4874
2065.46701	4479.8397
2065.57969	3734.28549
2065.69238	3690.26858
2065.80508	4058.37807
2065.91779	4701.49264
2066.03051	4926.62785
2066.14324	4551.85653
2066.25597	3950.96002
2066.36872	3863.07544
2066.48147	3780.51605
2066.59424	3498.72202
2066.70701	3296.00298
2066.81979	3470.18152
2066.93258	4181.0142
2067.04538	5634.49118
2067.15819	7181.69872
2067.27101	7404.36174
2067.38384	5749.26788
2067.49668	3395.43142
2067.60953	1984.76683
2067.72238	2028.38885
2067.83525	3313.09824
2067.94812	4543.18279
2068.06101	5101.36156
2068.1739	4708.48606
2068.2868	3951.76578
2068.39971	3618.08526
2068.51263	3582.08893
2068.62556	3504.72065
2068.7385	3120.43363
2068.85145	3025.62764
2068.96441	3400.79399
2069.07738	4313.01383
2069.19035	5625.84828
2069.30334	6175.13126
2069.41633	5442.8372
2069.52934	4162.63769
2069.64235	3490.36205
2069.75537	3389.97292
2069.8684	3847.77672
2069.98145	4580.78336
2070.0945	4891.83601
2070.20756	4744.93071
2070.32062	4397.51223
2070.4337	4150.4215
2070.54679	3605.5736
2070.65989	3008.28154
2070.77299	2762.64603
2070.88611	3226.85421
2070.99923	4081.51496
2071.11237	4826.08427
2071.22551	4733.65229
2071.33866	4045.62004
2071.45182	3291.08644
2071.56499	2968.3538
2071.67817	3410.66609
2071.79136	3962.17946
2071.90456	4547.76256
2072.01777	5314.59368
2072.13099	5521.74202
2072.24421	5380.65271
2072.35745	4966.4488
2072.4707	4462.05815
2072.58395	3994.49311
2072.69721	3941.09813
2072.81049	4264.93991
2072.92377	4758.42596
2073.03706	5090.57127
2073.15036	5081.97064
2073.26367	4801.1048
2073.37699	4481.88017
2073.49032	4223.89664
2073.60366	3703.39958
2073.717	3074.55125
2073.83036	2918.88998
2073.94373	3129.81095
2074.0571	3460.4817
2074.17049	4007.9331
2074.28388	4525.72679
2074.39728	4466.96882
2074.5107	4279.95854
2074.62412	3798.51135
2074.73755	3522.50534
2074.85099	3672.97528
2074.96444	4195.0944
2075.0779	4754.16036
2075.19137	4980.27737
2075.30484	4691.22308
2075.41833	4213.20995
2075.53183	3991.1202
2075.64533	3816.69068
2075.75885	3792.59415
2075.87237	3949.20276
2075.9859	4196.35621
2076.09945	4331.69578
2076.213	4395.01505
2076.32656	4179.98836
2076.44013	4016.11879
2076.55371	4480.65017
2076.6673	5088.0214
2076.7809	5166.73043
2076.8945	4569.46438
2077.00812	3896.12719
2077.12175	4169.26477
2077.23538	5053.11192
2077.34903	5225.94067
2077.46268	4786.23209
2077.57635	3885.78036
2077.69002	3121.91585
2077.8037	3105.03139
2077.9174	4045.09323
2078.0311	5340.13013
2078.14481	5753.44026
2078.25853	4894.51272
2078.37226	3492.33804
2078.48599	2636.49255
2078.59974	2523.51281
2078.7135	3128.83978
2078.82727	4321.77876
2078.94104	4975.54785
2079.05483	4718.0887
2079.16862	3915.95457
2079.28243	3503.94051
2079.39624	3180.1447
2079.51006	3012.91329
2079.62389	3166.49798
2079.73773	3171.86224
2079.85159	3048.45765
2079.96544	3102.7911
2080.07931	3441.28724
2080.19319	4121.16916
2080.30708	4426.25025
2080.42098	4282.73287
2080.53488	3708.56491
2080.6488	3349.45718
2080.76273	3801.61761
2080.87666	4396.49184
2080.99061	4845.76145
2081.10456	5195.01138
2081.21852	5244.40092
2081.33249	4678.16245
2081.44648	3972.18565
2081.56047	3699.72739
2081.67447	3686.88282
2081.78848	4109.35485
2081.9025	4716.48057
2082.01652	4846.81949
2082.13056	4421.01935
2082.24461	3728.65413
2082.35867	3436.73898
2082.47273	3244.46722
2082.58681	3146.0909
2082.70089	3084.47178
2082.81498	3347.79188
2082.92909	4127.64943
2083.0432	4576.26396
2083.15732	4721.08622
2083.27145	4508.00517
2083.3856	3953.99285
2083.49975	3449.51439
2083.61391	3300.58367
2083.72807	3223.83232
2083.84225	3308.28482
2083.95644	3936.18105
2084.07064	4771.92768
2084.18484	5464.95979
2084.29906	5498.84313
2084.41329	4737.33929
2084.52752	3903.25297
2084.64176	3387.61232
2084.75602	3626.67011
2084.87028	3974.84248
2084.98455	4132.35702
2085.09884	4538.88529
2085.21313	4872.96756
2085.32743	4779.32725
2085.44174	4620.6011
2085.55606	3931.8679
2085.67038	3125.38862
2085.78472	2807.92848
2085.89907	3307.39002
2086.01343	4645.21006
2086.12779	6081.61548
2086.24217	6197.7046
2086.35655	5030.32313
2086.47095	3940.91666
2086.58535	3217.13727
2086.69977	3349.70614
2086.81419	4332.35088
2086.92862	5421.69082
2087.04306	6233.53996
2087.15751	6749.91769
2087.27197	6493.01143
2087.38644	5595.97138
2087.50092	4896.8143
2087.61541	4725.91853
2087.72991	4548.37556
2087.84442	4368.51485
2087.95893	4302.32173
2088.07346	4371.6491
2088.188	4673.36414
2088.30254	4841.49859
2088.4171	4636.65268
2088.53166	4255.62421
2088.64623	4255.82298
2088.76082	4422.09327
2088.87541	4442.53809
2088.99001	4152.51737
2089.10462	3768.74509
2089.21924	3799.07446
2089.33387	4007.53872
2089.44851	4230.36426
2089.56316	3882.41584
2089.67782	3286.51987
2089.79249	3190.495
2089.90716	3434.21746
2090.02185	3804.29485
2090.13655	4055.14351
2090.25125	3924.79367
2090.36597	3569.11955
2090.48069	3467.81756
2090.59543	3290.10344
2090.71017	3184.95217
2090.82492	3238.29943
2090.93968	3572.96368
2091.05446	4275.1697
2091.16924	4821.65873
2091.28403	4682.48253
2091.39883	4015.94424
2091.51364	3947.77934
2091.62846	4361.45727
2091.74329	4745.20162
2091.85812	5200.84459
2091.97297	5377.47481
2092.08783	5837.37589
2092.20269	6014.49427
2092.31757	5665.78419
2092.43245	4633.18964
2092.54735	3275.34794
2092.66225	2565.25982
2092.77717	2670.64882
2092.89209	3607.70955
2093.00702	4806.98632
2093.12196	5314.16067
2093.23692	4993.39206
2093.35188	4442.19983
2093.46685	4000.02991
2093.58183	3623.45199
2093.69682	3313.62526
2093.81181	3521.30243
2093.92682	4511.46339
2094.04184	5674.70867
2094.15687	5834.50857
2094.2719	5227.21475
2094.38695	4537.08002
2094.50201	4420.72759
2094.61707	4346.04355
2094.73215	4685.14906
2094.84723	4972.3515
2094.96232	5362.17679
2095.07743	5904.32579
2095.19254	6049.51932
2095.30766	5790.2642
2095.42279	4942.70068
2095.53793	4113.22917
2095.65308	3554.64995
2095.76824	3482.21754
2095.88341	3899.52158
2095.99859	4320.10872
2096.11378	4643.39057
2096.22898	4562.92853
2096.34419	4192.49276
2096.4594	4198.73407
2096.57463	4289.58428
2096.68987	3874.65156
2096.80511	3851.52565
2096.92037	3990.33819
2097.03563	4417.43194
2097.1509	4926.63585
2097.26619	5379.6484
2097.38148	5315.51395
2097.49678	5037.57901
2097.6121	4464.35738
2097.72742	3803.99936
2097.84275	3698.09817
2097.95809	4725.97633
2098.07344	5587.14623
2098.1888	5773.76939
2098.30417	5239.76662
2098.41955	4656.28341
2098.53493	4129.13073
2098.65033	3935.13046
2098.76574	4076.06671
2098.88116	4236.55958
2098.99658	4239.91951
2099.11202	4201.99091
2099.22746	4599.84547
2099.34292	5072.41084
2099.45838	5081.65655
2099.57385	4412.19474
2099.68934	3943.59535
2099.80483	3770.55217
2099.92033	4082.29547
2100.03585	4809.25378
2100.15137	5103.50399
2100.2669	4501.42681
2100.38244	3547.96898
2100.49799	2930.20141
2100.61355	2785.70479
2100.72912	2851.07724
2100.8447	3088.50506
2100.96028	3530.58515
2101.07588	3862.31885
2101.19149	4150.91806
2101.30711	4573.97822
2101.42273	4400.81657
2101.53837	4090.15167
2101.65401	3956.80546
2101.76967	3668.12726
2101.88533	3476.89791
2102.00101	3618.9995
2102.11669	4187.84755
2102.23238	4839.72234
2102.34809	5153.56389
2102.4638	4698.93564
2102.57952	3970.23294
2102.69525	3272.11251
2102.81099	3019.83122
2102.92674	3146.32725
2103.0425	3551.75512
2103.15827	3757.21145
2103.27405	3764.30353
2103.38984	3960.69985
2103.50564	3986.25457
2103.62145	3685.44809
2103.73726	3381.05906
2103.85309	3053.98218
2103.96893	3333.67562
2104.08477	3883.06491
2104.20063	4375.03234
2104.3165	4638.88283
2104.43237	4536.84674
2104.54825	4091.56405
2104.66415	3586.21397
2104.78005	3207.71926
2104.89597	3459.33397
2105.01189	4322.56886
2105.12782	5420.70863
2105.24376	5961.68607
2105.35971	5545.53443
2105.47567	4512.41274
2105.59165	3605.42122
2105.70763	3371.61063
2105.82362	3939.3605
2105.93961	4690.70637
2106.05562	5660.54907
2106.17164	6044.62864
2106.28767	5569.15782
2106.40371	4706.74244
2106.51976	3876.51495
2106.63581	3362.04147
2106.75188	3297.11497
2106.86795	3643.04636
2106.98404	3981.71253
2107.10014	4191.5994
2107.21624	4137.84088
2107.33235	4006.46301
2107.44848	3820.18987
2107.56461	3510.92515
2107.68076	3675.44078
2107.79691	3787.42182
2107.91307	3896.09215
2108.02924	4089.41967
2108.14542	4423.25482
2108.26162	4892.55355
2108.37782	4913.34258
2108.49403	4384.10948
2108.61025	3955.76034
2108.72648	3677.87643
2108.84272	3795.7259
2108.95897	4236.75957
2109.07522	5033.25461
2109.19149	5324.22595
2109.30777	5245.91219
2109.42406	4871.92864
2109.54035	4615.66003
2109.65666	4500.88495
2109.77298	4653.89354
2109.8893	4992.67376
2110.00564	5665.36826
2110.12198	6015.21946
2110.23834	5984.8786
2110.3547	5559.50856
2110.47108	4729.18222
2110.58746	4143.36171
2110.70385	3773.50038
2110.82026	4001.29112
2110.93667	4329.74461
2111.05309	4881.75275
2111.16952	5188.39508
2111.28596	4865.48578
2111.40241	4289.95271
2111.51887	3923.3357
2111.63534	3490.15597
2111.75182	3186.12974
2111.86831	3291.69165
2111.98481	3690.75487
2112.10132	4440.30562
2112.21784	4949.24003
2112.33437	4952.55448
2112.45091	4213.58465
2112.56745	3778.29209
2112.68401	3895.69939
2112.80058	4360.76592
2112.91715	4853.34254
2113.03374	4932.47315
2113.15034	4468.6934
2113.26694	4200.30182
2113.38356	4260.50983
2113.50018	4542.13102
2113.61681	4705.38409
2113.73346	4527.66976
2113.85011	4559.68401
2113.96678	4485.83474
2114.08345	4397.48765
2114.20013	4137.16695
2114.31682	3840.5438
2114.43352	3415.76683
2114.55024	3133.05225
2114.66696	3393.98595
2114.78369	3783.9975
2114.90043	4076.46543
2115.01718	4418.53654
2115.13394	4534.90821
2115.25071	4487.53373
2115.36749	4047.29011
2115.48428	3816.15627
2115.60107	3535.09036
2115.71788	3486.93926
2115.8347	3782.78056
2115.95153	4268.67496
2116.06837	4474.96057
2116.18521	4600.60356
2116.30207	4661.61295
2116.41894	4529.92491
2116.53581	4054.05361
2116.6527	3707.3619
2116.76959	3719.76513
2116.8865	4094.13781
2117.00341	4569.23778
2117.12034	4920.38268
2117.23727	5142.24789
2117.35421	5242.26913
2117.47117	5431.35513
2117.58813	5345.47843
2117.7051	4965.24776
2117.82209	4312.17256
2117.93908	4164.01986
2118.05608	4441.75434
2118.17309	4934.67405
2118.29011	4938.77244
2118.40714	4624.73986
2118.52418	4491.64066
2118.64123	4203.80611
2118.75829	4211.04084
2118.87536	4624.91389
2118.99244	4896.76849
2119.10953	4896.97255
2119.22663	4777.48667
2119.34374	4701.90405
2119.46086	5033.26374
2119.57799	4591.87687
2119.69512	4265.6613
2119.81227	4154.86424
2119.92943	3986.00699
2120.0466	3982.60141
2120.16377	4477.90353
2120.28096	4512.09399
2120.39815	4131.16794
2120.51536	3653.57719
2120.63258	3539.01411
2120.7498	3936.87051
2120.86704	4313.85444
2120.98428	4639.42494
2121.10153	4559.05732
2121.2188	4429.96972
2121.33607	4344.26516
2121.45336	4147.04077
2121.57065	4003.66702
2121.68795	4063.47213
2121.80526	4017.86445
2121.92259	4126.59665
2122.03992	4482.19541
2122.15726	4513.45037
2122.27461	4673.53767
2122.39197	4750.53275
2122.50934	4649.03518
2122.62673	4063.81315
2122.74412	3890.82054
2122.86152	4093.24972
2122.97893	4630.19486
2123.09635	5151.17657
2123.21378	5322.38034
2123.33121	4948.43227
2123.44866	4271.37621
2123.56612	3611.31108
2123.68359	3488.98233
2123.80107	3836.58986
2123.91856	4571.86471
2124.03605	5141.05037
2124.15356	5002.98185
2124.27108	4644.53001
2124.38861	4293.4253
2124.50614	4025.23416
2124.62369	3777.02807
2124.74125	3921.34053
2124.85881	4216.71792
2124.97639	4761.06471
2125.09397	5359.71884
2125.21157	5590.99732
2125.32917	5238.50587
2125.44679	4424.36759
2125.56441	3863.7656
2125.68205	3910.92719
2125.79969	4223.70186
2125.91735	4659.46889
2126.03501	5059.75857
2126.15268	4970.32484
2126.27037	4366.98936
2126.38806	3616.76486
2126.50576	3291.30171
2126.62347	3315.98284
2126.7412	3666.7383
2126.85893	4303.88787
2126.97667	4895.7794
2127.09442	4915.28824
2127.21218	4487.5415
2127.32995	3853.76693
2127.44773	3253.82448
2127.56553	2734.14337
2127.68333	2549.52589
2127.80114	3447.64452
2127.91896	4608.75886
2128.03679	5232.97377
2128.15463	5178.62522
2128.27247	4603.90188
2128.39033	4440.24876
2128.5082	4523.65104
2128.62608	4361.82659
2128.74397	3982.07272
2128.86187	4256.53079
2128.97978	4788.74633
2129.09769	5478.03769
2129.21562	5720.32926
2129.33356	5100.83467
2129.45151	4583.97701
2129.56946	4103.75715
2129.68743	4057.4549
2129.80541	4638.09761
2129.9234	5306.98725
2130.04139	6111.28871
2130.1594	6238.50716
2130.27741	5720.05491
2130.39544	4969.90073
2130.51347	4395.03322
2130.63152	4032.79429
2130.74958	4228.52736
2130.86764	4463.45763
2130.98572	4921.41606
2131.1038	5085.54381
2131.22189	4708.07524
2131.34	3986.7893
2131.45811	3434.50394
2131.57624	3502.23993
2131.69437	4121.91223
2131.81251	4717.32637
2131.93067	4773.91405
2132.04883	4545.54309
2132.167	4396.6574
2132.28519	4390.70858
2132.40338	4260.50033
2132.52158	4380.39214
2132.63979	4519.81443
2132.75802	4564.16565
2132.87625	4390.57182
2132.99449	4109.71144
2133.11274	3953.60428
2133.231	3878.3826
2133.34927	3778.39635
2133.46756	3917.00281
2133.58585	4000.2515
2133.70415	4152.63992
2133.82246	4256.22618
2133.94078	4197.17181
2134.05911	4694.55098
2134.17745	5582.66788
2134.2958	6247.16305
2134.41416	6008.24679
2134.53253	5027.13605
2134.65091	3640.12574
2134.7693	2677.1048
2134.8877	2734.15805
2135.00611	3912.39993
2135.12453	5175.55904
2135.24295	5733.85888
2135.36139	5616.47104
2135.47984	4982.78869
2135.5983	4532.38143
2135.71677	4497.69064
2135.83525	4724.34907
2135.95373	4670.61856
2136.07223	4348.40162
2136.19074	4026.19709
2136.30926	3771.82676
2136.42779	3550.09039
2136.54632	3384.88569
2136.66487	3558.25168
2136.78343	4192.8461
2136.90199	4543.23744
2137.02057	4418.30589
2137.13916	3808.8386
2137.25775	3228.36661
2137.37636	3186.99927
2137.49498	3691.24084
2137.6136	4227.22484
2137.73224	4557.01002
2137.85088	4584.74097
2137.96954	4780.88413
2138.08821	5168.28446
2138.20688	5346.2978
2138.32557	5408.7929
2138.44426	5400.63316
2138.56297	4828.24679
2138.68168	3789.26211
2138.80041	3489.60978
2138.91914	3747.63269
2139.03789	4375.80735
2139.15664	5275.14934
2139.27541	5999.60089
2139.39418	5730.77065
2139.51296	4911.59644
2139.63176	3886.53766
2139.75056	3529.25913
2139.86938	3779.5617
2139.9882	4517.90196
2140.10703	5138.9081
2140.22588	5335.54543
2140.34473	5029.33767
2140.46359	4802.35461
2140.58247	5304.0196
2140.70135	5813.77734
2140.82024	6049.45435
2140.93915	5864.98967
2141.05806	5643.80393
2141.17698	5797.43281
2141.29592	6283.93613
2141.41486	6367.42127
2141.53381	5726.40738
2141.65277	4669.79497
2141.77175	3761.10713
2141.89073	3313.51339
2142.00972	3709.30356
2142.12872	4606.08684
2142.24773	5294.01971
2142.36676	5156.06862
2142.48579	4556.95611
2142.60483	4227.59978
2142.72388	4437.50801
2142.84294	4585.1284
2142.96202	4535.65889
2143.0811	4453.77201
2143.20019	4585.97347
2143.31929	4988.91946
2143.4384	5459.64301
2143.55752	5121.06126
2143.67665	4594.17864
2143.79579	4059.88608
2143.91495	3653.32004
2144.03411	3906.38781
2144.15328	4682.23123
2144.27246	5459.8373
2144.39165	5571.44677
2144.51085	4483.41162
2144.63006	3305.69792
2144.74928	2837.25504
2144.86851	3279.07956
2144.98775	4242.80848
2145.107	4955.52943
2145.22626	5231.59145
2145.34553	4869.14826
2145.46481	4532.22425
2145.5841	4473.11022
2145.7034	4368.51742
2145.82271	4460.1786
2145.94203	4794.32536
2146.06136	5216.02782
2146.1807	5628.57022
2146.30005	5327.79012
2146.41941	4392.21091
2146.53878	3512.7163
2146.65816	3273.13901
2146.77755	3554.54689
2146.89695	4038.40519
2147.01636	4227.58969
2147.13578	3689.82155
2147.25521	3251.4664
2147.37465	3374.63706
2147.4941	4086.42433
2147.61356	4623.25229
2147.73303	4517.14838
2147.85251	4186.69789
2147.972	4592.10904
2148.0915	5043.61908
2148.21101	5257.58185
2148.33053	5194.89668
2148.45006	4805.7592
2148.5696	4538.67091
2148.68915	4461.94586
2148.8087	4194.82232
2148.92827	4132.75535
2149.04785	4300.37281
2149.16744	4483.78941
2149.28704	5051.55965
2149.40665	5311.96258
2149.52627	4855.94457
2149.6459	3929.1001
2149.76554	3064.70135
2149.88519	3349.74094
2150.00485	4399.87623
2150.12451	5287.16081
2150.24419	5415.17056
2150.36388	4698.16907
2150.48358	3851.62879
2150.60329	3427.01997
2150.72301	3857.30897
2150.84274	4535.88468
2150.96248	5263.44631
2151.08223	5534.93476
2151.20199	5457.3475
2151.32176	5108.94724
2151.44153	4850.46378
2151.56132	4385.27093
2151.68112	3912.14113
2151.80093	4198.12432
2151.92075	4921.19112
2152.04058	5687.38031
2152.16042	5677.43337
2152.28027	5160.32011
2152.40013	4576.53361
2152.52	4335.93571
2152.63987	4669.81876
2152.75976	5315.67806
2152.87966	5783.35905
2152.99957	5627.93871
2153.11949	5430.08712
2153.23942	5303.44404
2153.35936	5161.52366
2153.47931	5148.02305
2153.59927	5020.44601
2153.71924	4547.83486
2153.83922	4421.53989
2153.95921	4847.6298
2154.07921	5214.92835
2154.19922	4436.41637
2154.31923	3459.5669
2154.43926	3215.33541
2154.5593	3680.36909
2154.67935	4497.06765
2154.79941	5216.37323
2154.91948	5385.31867
2155.03956	5011.92684
2155.15965	4805.7439
2155.27975	4447.90796
2155.39986	4306.6369
2155.51998	4474.01564
2155.64011	4599.31291
2155.76025	4632.67385
2155.8804	4303.01737
2156.00056	3842.18006
2156.12073	4145.51203
2156.24091	4681.91589
2156.3611	5074.13443
2156.4813	5258.26947
2156.60151	5272.27646
2156.72173	4968.37477
2156.84196	4384.31719
2156.9622	4327.94453
2157.08245	5049.34529
2157.20271	5629.63853
2157.32298	5765.75192
2157.44326	5381.89344
2157.56355	4526.8439
2157.68386	3785.8282
2157.80417	3478.93798
2157.92449	3634.88207
2158.04482	4586.32013
2158.16516	5336.41809
2158.28551	5323.0181
2158.40587	5305.53687
2158.52624	4776.18031
2158.64662	4253.50107
2158.76701	3651.83757
2158.88742	3319.10269
2159.00783	3883.5889
2159.12825	4528.09821
2159.24868	4561.72343
2159.36912	3838.61251
2159.48957	3158.27162
2159.61004	3100.5361
2159.73051	3284.81417
2159.85099	3703.36036
2159.97148	4380.00833
2160.09198	5093.68011
2160.2125	5625.21447
2160.33302	5625.64183
2160.45355	5182.25375
2160.57409	4487.27089
2160.69465	3825.13636
2160.81521	3468.04829
2160.93578	3692.09419
2161.05636	4088.93754
2161.17696	4426.34777
2161.29756	4820.31587
2161.41817	5015.88761
2161.5388	4979.99897
2161.65943	4738.61268
2161.78007	4696.01307
2161.90073	4868.86667
2162.02139	5153.83845
2162.14206	5296.68788
2162.26275	4947.99838
2162.38344	4438.45424
2162.50415	4048.80927
2162.62486	4243.17249
2162.74558	4780.02427
2162.86632	4943.00871
2162.98706	4595.38446
2163.10782	4228.25827
2163.22858	4101.6342
2163.34936	4274.99032
2163.47014	4394.92608
2163.59094	4281.52101
2163.71174	4298.84903
2163.83256	4618.40705
2163.95338	5073.4339
2164.07422	5418.76505
2164.19506	5614.28808
2164.31592	5736.8304
2164.43679	5434.32144
2164.55766	4498.84199
2164.67855	3549.06044
2164.79944	3353.80271
2164.92035	3558.9072
2165.04127	3838.80295
2165.16219	3892.1148
2165.28313	3979.45837
2165.40408	4321.60787
2165.52503	4714.9534
2165.646	5045.66118
2165.76698	5048.25181
2165.88797	4764.47458
2166.00896	4575.99728
2166.12997	5086.57277
2166.25099	5838.31447
2166.37202	6120.00352
2166.49306	5614.9673
2166.6141	4826.04078
2166.73516	3885.22976
2166.85623	3600.1062
2166.97731	4375.58908
2167.0984	5279.02501
2167.2195	5332.63155
2167.34061	4805.29224
2167.46173	4180.95851
2167.58286	3843.56201
2167.704	3923.81131
2167.82515	3924.32341
2167.94631	4313.14078
2168.06748	4866.61203
2168.18866	5279.7024
2168.30985	5428.9452
2168.43105	5222.26902
2168.55226	4680.4922
2168.67348	4389.27929
2168.79471	4410.44501
2168.91595	4651.30205
2169.0372	4833.82886
2169.15846	5175.00186
2169.27974	5577.74104
2169.40102	5319.55001
2169.52231	4671.5827
2169.64361	4036.63514
2169.76493	4024.41943
2169.88625	4381.49405
2170.00758	4907.85332
2170.12892	5001.34204
2170.25028	4729.90678
2170.37164	4615.89712
2170.49301	4938.98068
2170.6144	5051.34619
2170.73579	4906.59735
2170.8572	4616.3208
2170.97861	4132.3643
2171.10003	4216.01693
2171.22147	4909.20969
2171.34291	5106.52456
2171.46437	4663.70846
2171.58583	4149.43251
2171.70731	4068.71134
2171.82879	4289.04475
2171.95029	4691.08587
2172.0718	4736.90224
2172.19331	4422.26007
2172.31484	4461.90534
2172.43638	4864.48639
2172.55792	5000.18892
2172.67948	4796.73005
2172.80105	4809.26675
2172.92262	4952.62742
2173.04421	5380.35245
2173.16581	5489.24981
2173.28742	5134.36371
2173.40904	4940.7215
2173.53066	4504.54869
2173.6523	3934.44712
2173.77395	3669.5727
2173.89561	3789.58643
2174.01728	4197.09373
2174.13896	4977.75223
2174.26065	5557.67257
2174.38235	5401.92847
2174.50406	4429.30948
2174.62578	3675.5566
2174.74751	3437.84737
2174.86925	3846.02428
2174.991	4817.83035
2175.11276	5989.8555
2175.23453	6370.29824
2175.35632	5811.98486
2175.47811	4825.40478
2175.59991	3995.96914
2175.72172	3927.4875
2175.84355	4086.09599
2175.96538	4195.46122
2176.08722	4410.60182
2176.20907	4662.49389
2176.33094	4895.17336
2176.45281	4603.81703
2176.5747	4097.44209
2176.69659	3468.17678
2176.81849	3111.70664
2176.94041	3381.20001
2177.06233	4152.63965
2177.18427	4996.81646
2177.30621	5141.17769
2177.42817	4513.98324
2177.55014	4080.53916
2177.67211	4327.40012
2177.7941	4781.05151
2177.9161	5104.32141
2178.0381	4907.87823
2178.16012	5005.41572
2178.28215	5344.99751
2178.40419	5406.90801
2178.52623	4741.95243
2178.64829	3954.49222
2178.77036	3670.8496
2178.89244	3790.27
2179.01453	4668.98492
2179.13663	5705.29663
2179.25874	5991.25234
2179.38086	5206.53597
2179.50299	3924.84587
2179.62513	3105.6206
2179.74728	2916.61545
2179.86944	3574.31798
2179.99161	4500.28034
2180.11379	5002.92702
2180.23598	5032.18559
2180.35818	4954.12532
2180.4804	4702.89133
2180.60262	4212.33736
2180.72485	3543.2135
2180.84709	3601.8582
2180.96935	4335.41378
2181.09161	5300.0951
2181.21389	5977.80775
2181.33617	5631.81069
2181.45846	4509.20179
2181.58077	3703.31055
2181.70308	3625.38359
2181.82541	4268.4637
2181.94774	4748.96355
2182.07009	4845.26396
2182.19245	4958.97729
2182.31481	5015.00895
2182.43719	4866.47469
2182.55958	4369.29708
2182.68197	3919.25303
2182.80438	3915.37055
2182.9268	3840.66998
2183.04923	3759.75044
2183.17167	3912.61808
2183.29412	4455.85125
2183.41657	4613.48432
2183.53904	4368.17364
2183.66152	4210.05017
2183.78401	4329.28442
2183.90651	4555.4198
2184.02903	4655.1812
2184.15155	4970.27794
2184.27408	5184.5551
2184.39662	5176.04765
2184.51917	4813.82985
2184.64173	4232.19415
2184.76431	3780.47078
2184.88689	4002.53239
2185.00948	4411.40578
2185.13209	4815.66615
2185.2547	5326.5595
2185.37732	5453.53686
2185.49996	5246.4733
2185.6226	4892.60789
2185.74526	4252.72658
2185.86792	3905.27151
2185.9906	4153.09804
2186.11329	4628.38214
2186.23598	5432.1002
2186.35869	5870.87456
2186.48141	5602.11881
2186.60413	4877.22069
2186.72687	4296.40279
2186.84962	3820.14231
2186.97238	3865.00252
2187.09515	4179.7835
2187.21792	4791.0365
2187.34071	5116.92353
2187.46351	4737.26128
2187.58632	3937.74605
2187.70914	3219.13343
2187.83198	3060.98789
2187.95482	3412.49438
2188.07767	4196.02951
2188.20053	4831.97594
2188.3234	4957.78522
2188.44628	4618.49599
2188.56918	4025.02388
2188.69208	3711.03505
2188.81499	3865.97381
2188.93792	4408.95957
2189.06085	4880.88381
2189.1838	4648.04958
2189.30675	4405.17221
2189.42972	4321.5608
2189.55269	4214.82749
2189.67568	4646.93573
2189.79868	4934.01323
2189.92168	5026.92505
2190.0447	5640.26356
2190.16773	6398.13936
2190.29077	6872.97192
2190.41381	6780.43155
2190.53687	6053.40417
2190.65994	4984.30513
2190.78302	4271.58627
2190.90611	4325.04412
2191.02921	4823.03241
2191.15232	5494.93236
2191.27544	5896.07252
2191.39857	5912.16223
2191.52171	5208.49967
2191.64487	4323.16545
2191.76803	3575.64088
2191.8912	3416.52025
2192.01439	3906.56382
2192.13758	4416.78794
2192.26078	4277.40242
2192.384	3841.43009
2192.50722	3518.14299
2192.63046	3086.1014
2192.7537	3449.52582
2192.87696	4994.33674
2193.00022	6590.25841
2193.1235	7268.35789
2193.24679	6842.94304
2193.37009	5589.28877
2193.49339	4406.48691
2193.61671	3739.02378
2193.74004	3505.75509
2193.86338	4043.03048
2193.98673	5197.25385
2194.11009	5895.30798
2194.23346	6029.23754
2194.35684	5403.2115
2194.48023	4631.11299
2194.60363	4050.68574
2194.72704	3602.16643
2194.85047	3796.95416
2194.9739	4518.96657
2195.09734	5461.4011
2195.2208	6161.34426
2195.34426	6131.97155
2195.46773	5245.73167
2195.59122	4431.39258
2195.71471	3805.70595
2195.83822	3772.55875
2195.96174	4305.88326
2196.08526	4944.07863
2196.2088	5571.54505
2196.33235	5654.84531
2196.45591	5109.29668
2196.57947	4552.21199
2196.70305	4260.0805
2196.82664	4472.76878
2196.95024	4426.74105
2197.07385	4314.02518
2197.19747	4374.68087
2197.3211	4840.82949
2197.44474	5131.80824
2197.56839	4863.922
2197.69206	4515.45391
2197.81573	4292.41276
2197.93941	4104.01299
2198.06311	4147.06077
2198.18681	4530.75024
2198.31052	4738.18077
2198.43425	4664.28763
2198.55798	4142.3734
2198.68173	3339.18027
2198.80548	2702.38519
2198.92925	2904.84741
2199.05303	4035.51899
2199.17682	5709.49083
2199.30061	6631.56408
2199.42442	6378.06617
2199.54824	5291.95168
2199.67207	3897.39772
2199.79591	3412.83444
2199.91976	3576.14768
2200.04362	3743.98521
2200.16749	3946.52498
2200.29137	3982.261
2200.41527	4009.17102
2200.53917	4248.1996
2200.66308	4596.03563
2200.787	4545.76835
2200.91094	4501.01581
2201.03488	4423.49914
2201.15884	4226.40625
2201.2828	4190.90649
2201.40678	4174.95843
2201.53076	4231.38259
2201.65476	4197.46008
2201.77877	3984.20618
2201.90279	4043.90573
2202.02681	4285.78763
2202.15085	4662.87722
2202.2749	4892.44639
2202.39896	4689.79382
2202.52303	4147.98762
2202.64711	3898.30076
2202.7712	3913.64413
2202.8953	4327.09159
2203.01942	5126.4141
2203.14354	5684.25771
2203.26767	5475.17289
2203.39181	4838.96198
2203.51597	3703.80054
2203.64013	2886.09491
2203.76431	2917.43334
2203.88849	3777.76742
2204.01269	4910.88267
2204.1369	5642.56488
2204.26111	5537.19626
2204.38534	4907.36607
2204.50958	4411.7914
2204.63383	4150.71339
2204.75809	4059.72227
2204.88236	4204.04297
2205.00664	4767.83454
2205.13093	5377.52547
2205.25523	5893.78038
2205.37954	6383.56653
2205.50386	6546.83515
2205.62819	5791.82333
2205.75254	4283.81636
2205.87689	3407.62143
2206.00125	3631.2962
2206.12563	4268.06313
2206.25001	4963.57043
2206.37441	4813.06279
2206.49881	3995.51288
2206.62323	3535.54887
2206.74766	3620.0892
2206.8721	4200.58347
2206.99654	4822.5365
2207.121	5538.50082
2207.24547	5611.59916
2207.36995	5188.16557
2207.49444	4103.64422
2207.61894	2844.26161
2207.74345	2318.82753
2207.86798	3063.45484
2207.99251	4123.7205
2208.11705	5035.77589
2208.24161	5540.51979
2208.36617	5783.8863
2208.49074	5666.0757
2208.61533	5147.64553
2208.73993	4081.2307
2208.86453	3788.42844
2208.98915	4104.78085
2209.11378	5043.12283
2209.23841	5589.51034
2209.36306	5345.98405
2209.48772	4104.44886
2209.61239	3331.45365
2209.73707	3058.07493
2209.86176	3578.86394
2209.98646	4509.02344
2210.11117	5536.9152
2210.2359	5927.08378
2210.36063	5307.98716
2210.48537	4139.17638
2210.61013	3613.02429
2210.73489	3842.04168
2210.85967	3983.54179
2210.98445	4008.45899
2211.10925	4044.62742
2211.23406	4184.53282
2211.35887	4492.26212
2211.4837	4994.61217
2211.60854	4734.37232
2211.73339	4137.30944
2211.85825	3231.61391
2211.98312	2843.03394
2212.108	3320.9684
2212.23289	4290.35049
2212.35779	4892.8683
2212.48271	5325.24589
2212.60763	5039.4496
2212.73256	4616.18534
2212.85751	4741.26534
2212.98246	5415.64971
2213.10743	5942.21054
2213.2324	6067.41147
2213.35739	5614.55445
2213.48239	4837.22165
2213.60739	4212.13774
2213.73241	4162.86672
2213.85744	4621.70231
2213.98248	5505.25783
2214.10753	6098.55566
2214.23259	6131.80048
2214.35766	5780.6406
2214.48275	4972.4949
2214.60784	4086.26139
2214.73294	3820.53372
2214.85805	3808.92332
2214.98318	4189.46172
2215.10831	4982.68466
2215.23346	5462.94743
2215.35862	5342.06672
2215.48378	4898.85298
2215.60896	4242.11707
2215.73415	3644.5337
2215.85935	3535.648
2215.98456	4207.42582
2216.10978	5261.7815
2216.23501	5880.73831
2216.36025	5793.60986
2216.4855	4969.44525
2216.61076	3915.14791
2216.73603	3324.38077
2216.86132	3738.2277
2216.98661	4792.30435
2217.11192	5763.18014
2217.23723	5828.71556
2217.36256	5483.9584
2217.48789	4993.97738
2217.61324	4590.72482
2217.7386	4552.41405
2217.86397	4523.15976
2217.98935	4615.23135
2218.11474	4680.57779
2218.24014	4900.08903
2218.36555	5006.14541
2218.49097	5169.77271
2218.6164	5224.31971
2218.74185	5325.82364
2218.8673	5210.72971
2218.99276	4968.07818
2219.11824	4867.97379
2219.24372	4924.31183
2219.36922	4938.97269
2219.49473	4786.76418
2219.62024	4258.04838
2219.74577	3620.34059
2219.87131	3525.6275
2219.99686	4352.23062
2220.12242	5567.15403
2220.24799	6298.98764
2220.37357	5826.29907
2220.49917	4999.84339
2220.62477	4328.97283
2220.75038	4312.55434
2220.87601	4525.16442
2221.00164	4618.36982
2221.12729	4484.97828
2221.25294	4359.56718
2221.37861	4540.02737
2221.50429	4678.09381
2221.62997	4817.59917
2221.75567	4934.1844
2221.88138	5107.23396
2222.0071	5375.99369
2222.13283	5416.06419
2222.25857	5228.47357
2222.38433	5048.37879
2222.51009	4735.50709
2222.63586	4349.59096
2222.76165	4063.50723
2222.88744	3986.89149
2223.01325	4530.34611
2223.13906	5180.00505
2223.26489	5776.05388
2223.39073	6124.26066
2223.51657	5829.90281
2223.64243	5036.35353
2223.7683	4390.51583
2223.89418	4302.91444
2224.02007	4624.2492
2224.14597	4779.34432
2224.27189	4439.54141
2224.39781	4181.77482
2224.52374	4176.51217
2224.64969	4420.69231
2224.77564	4951.87505
2224.90161	5381.90878
2225.02759	5872.4473
2225.15357	5951.09523
2225.27957	5708.35564
2225.40558	5051.77402
2225.5316	4038.54687
2225.65763	3638.50475
2225.78367	3650.1034
2225.90972	3834.76589
2226.03578	4391.02625
2226.16185	5163.44316
2226.28794	5565.9354
2226.41403	5755.86025
2226.54014	5479.15407
2226.66625	4645.45268
2226.79238	4366.18596
2226.91852	4769.52959
2227.04466	5439.33002
2227.17082	5952.749
2227.29699	5556.33861
2227.42317	5014.87809
2227.54936	4141.87123
2227.67556	3648.20461
2227.80178	3919.02961
2227.928	4496.38591
2228.05423	5159.24242
2228.18048	5515.50946
2228.30673	5944.86095
2228.433	6131.39494
2228.55927	5913.36353
2228.68556	5159.6065
2228.81186	4276.72206
2228.93817	3650.26074
2229.06449	3373.1598
2229.19082	3569.45036
2229.31716	4124.87249
2229.44351	4333.35572
2229.56987	4192.31265
2229.69624	4075.68685
2229.82263	3911.11843
2229.94902	3885.40175
2230.07543	3920.03524
2230.20184	4032.81528
2230.32827	4395.38328
2230.45471	4542.06117
2230.58116	4468.57276
2230.70762	4147.58608
2230.83409	3892.80952
2230.96057	3963.83132
2231.08706	4564.25596
2231.21356	5349.03125
2231.34007	5605.52774
2231.4666	5518.00261
2231.59313	5097.69539
2231.71968	4671.90054
2231.84623	4403.60234
2231.9728	4393.49409
2232.09938	4412.47412
2232.22597	4285.07621
2232.35256	4203.07015
2232.47917	4317.47117
2232.60579	4169.67275
2232.73243	4047.86938
2232.85907	4076.56134
2232.98572	4624.02093
2233.11238	5344.32171
2233.23906	5674.62091
2233.36574	5331.60662
2233.49244	4701.52802
2233.61915	4411.13008
2233.74586	4100.87902
2233.87259	3973.14311
2233.99933	4234.87014
2234.12608	4860.32587
2234.25284	5310.41782
2234.37961	5096.6072
2234.5064	4584.99366
2234.63319	3876.49856
2234.75999	3661.44065
2234.88681	3655.67433
2235.01363	4393.60447
2235.14047	5149.37182
2235.26732	5472.61159
2235.39417	5335.33785
2235.52104	4771.27008
2235.64792	4231.9215
2235.77481	4017.58688
2235.90171	4388.23388
2236.02863	5044.60127
2236.15555	5364.49617
2236.28248	4706.05983
2236.40943	4157.21884
2236.53638	4165.38272
2236.66335	4494.2979
2236.79032	4550.60095
2236.91731	4477.12348
2237.04431	3983.55357
2237.17132	4045.41445
2237.29834	4713.34239
2237.42537	4686.67409
2237.55241	4404.31719
2237.67946	3843.08948
2237.80653	3687.21863
2237.9336	4174.51162
2238.06069	5210.51677
2238.18778	5957.32477
2238.31489	5854.40031
2238.44201	5132.35626
2238.56913	4202.31187
2238.69627	3711.3107
2238.82342	3751.80871
2238.95058	4235.09809
2239.07775	5176.36228
2239.20494	6105.88193
2239.33213	6038.53587
2239.45933	4863.85825
2239.58655	3756.5901
2239.71377	3683.01097
2239.84101	4408.6034
2239.96826	5273.53693
2240.09552	6389.37483
2240.22279	6934.76535
2240.35007	6753.96823
2240.47736	5875.77552
2240.60466	4998.85123
2240.73197	4529.6276
2240.85929	4497.54998
2240.98663	4690.42346
2241.11397	4690.59505
2241.24133	4541.86502
2241.3687	4285.56207
2241.49607	4134.28912
2241.62346	3880.0337
2241.75086	3503.13631
2241.87827	3341.53761
2242.00569	3574.80489
2242.13312	4002.50932
2242.26057	4644.09628
2242.38802	5401.09815
2242.51549	5937.76855
2242.64296	6002.56893
2242.77045	5575.22202
2242.89794	4941.51059
2243.02545	5046.92695
2243.15297	5288.77202
2243.2805	5290.48257
2243.40804	5203.67054
2243.53559	4703.40206
2243.66316	4508.75494
2243.79073	4271.84709
2243.91831	4505.74701
2244.04591	4971.63798
2244.17351	5232.37411
2244.30113	5490.68707
2244.42876	5860.98271
2244.5564	5848.74295
2244.68405	5442.51282
2244.81171	4804.41941
2244.93938	4781.01389
2245.06706	4919.09375
2245.19475	5130.41447
2245.32246	5633.59374
2245.45017	5780.35607
2245.5779	5202.58908
2245.70563	4494.35219
2245.83338	4249.48767
2245.96114	4298.57574
2246.08891	4440.09763
2246.21669	4455.80161
2246.34448	4477.90356
2246.47228	4488.03497
2246.60009	4479.99911
2246.72792	4303.06677
2246.85575	4221.91391
2246.9836	4018.13176
2247.11146	3888.19587
2247.23932	4321.87879
2247.3672	4877.8616
2247.49509	5145.6411
2247.62299	4898.94678
2247.7509	4269.37173
2247.87882	3841.1805
2248.00676	4129.90752
2248.1347	4834.32319
2248.26266	5660.31977
2248.39062	6369.46818
2248.5186	6453.0827
2248.64659	5932.30464
2248.77458	5009.25393
2248.90259	3870.91977
2249.03061	3554.30065
2249.15865	4071.87597
2249.28669	4994.22101
2249.41474	5829.93346
2249.54281	5758.27285
2249.67088	5269.97437
2249.79897	5009.0606
2249.92706	4907.14909
2250.05517	4821.21462
2250.18329	4873.26291
2250.31142	4551.94867
2250.43956	4123.96358
2250.56771	3915.40616
2250.69587	4248.60299
2250.82405	4703.19842
2250.95223	5284.06687
2251.08043	6109.85464
2251.20863	7030.04318
2251.33685	6956.89457
2251.46508	6104.40971
2251.59332	5189.46082
2251.72157	4536.93426
2251.84983	4484.05538
2251.9781	4799.41642
2252.10639	4971.91005
2252.23468	5126.85522
2252.36298	5490.84834
2252.4913	5751.58645
2252.61963	5676.17518
2252.74797	5054.06536
2252.87631	4139.70664
2253.00467	4133.14302
2253.13305	5514.84972
2253.26143	7037.61826
2253.38982	7560.00499
2253.51822	6604.66249
2253.64664	4851.51616
2253.77506	3654.91295
2253.9035	3485.65745
2254.03195	4713.61471
2254.16041	5942.18259
2254.28888	6363.35227
2254.41736	5923.47573
2254.54585	5641.95459
2254.67435	5272.69081
2254.80286	4740.53034
2254.93139	4239.95868
2255.05992	4263.90762
2255.18847	4891.68571
2255.31703	5482.01463
2255.4456	6312.52903
2255.57418	6221.94008
2255.70277	5576.99508
2255.83137	4994.29161
2255.95998	4428.59847
2256.0886	4265.44561
2256.21724	4445.16298
2256.34588	4067.43499
2256.47454	3657.85513
2256.60321	3184.3801
2256.73189	2836.42454
2256.86058	3120.09738
2256.98928	3891.22419
2257.11799	5029.50832
2257.24671	6050.46945
2257.37544	6174.62406
2257.50419	5405.57902
2257.63294	4222.54219
2257.76171	3642.69555
2257.89049	4139.4237
2258.01928	5233.88614
2258.14808	6103.96301
2258.27689	6070.31501
2258.40571	4954.68109
2258.53454	3988.55388
2258.66339	3569.59843
2258.79224	3813.11764
2258.92111	4292.97903
2259.04998	4636.50817
2259.17887	4495.66288
2259.30777	4568.65777
2259.43668	4939.13873
2259.5656	5396.1897
2259.69453	5026.44998
2259.82348	4303.96289
2259.95243	3809.48875
2260.0814	4407.58359
2260.21037	5503.23226
2260.33936	6007.03172
2260.46836	5688.68639
2260.59737	4391.8933
2260.72639	3408.68893
2260.85542	3416.44807
2260.98446	4271.36633
2261.11351	5144.52975
2261.24258	5192.63533
2261.37165	4550.77308
2261.50074	4034.32573
2261.62984	3940.3343
2261.75895	3904.52958
2261.88807	4332.37238
2262.0172	5203.30469
2262.14634	5662.66843
2262.27549	5459.52674
2262.40466	4668.4815
2262.53383	3857.65229
2262.66302	3728.87184
2262.79221	4199.06005
2262.92142	4845.09386
2263.05064	5063.56338
2263.17987	5038.6573
2263.30911	5114.73833
2263.43837	4877.54777
2263.56763	4361.18611
2263.6969	3914.54207
2263.82619	3909.1962
2263.95549	4337.05907
2264.08479	4843.53549
2264.21411	5358.90794
2264.34344	5649.21198
2264.47278	5754.06222
2264.60214	5564.69576
2264.7315	5085.45916
2264.86087	4641.17742
2264.99026	4695.57996
2265.11966	5319.80363
2265.24906	6011.14353
2265.37848	6420.71529
2265.50791	6047.04606
2265.63735	5163.09781
2265.76681	4406.78025
2265.89627	4071.85512
2266.02574	4320.75794
2266.15523	4977.21984
2266.28472	5492.95056
2266.41423	5465.30773
2266.54375	5003.18351
2266.67328	4292.379
2266.80282	3619.76873
2266.93237	3423.5041
2267.06194	4248.38874
2267.19151	5237.4203
2267.3211	5755.50534
2267.45069	5567.54474
2267.5803	5158.55512
2267.70992	4811.72141
2267.83955	4912.24689
2267.96919	5115.5954
2268.09884	5365.22167
2268.2285	5524.86871
2268.35818	5347.79051
2268.48786	4651.78169
2268.61756	4076.42582
2268.74727	4769.80248
2268.87699	5529.3827
2269.00672	6092.60165
2269.13646	6311.47877
2269.26621	6390.71789
2269.39597	6286.61213
2269.52575	5663.80509
2269.65553	5052.20229
2269.78533	4711.69002
2269.91514	4916.78973
2270.04495	5891.81194
2270.17478	6676.79002
2270.30463	6440.59235
2270.43448	5362.00701
2270.56434	4258.25436
2270.69422	3564.57013
2270.8241	4104.89978
2270.954	5032.00478
2271.08391	5856.92557
2271.21383	6150.66192
2271.34376	5880.80127
2271.4737	5568.59601
2271.60365	5181.76686
2271.73361	4841.90438
2271.86359	4742.65955
2271.99357	4888.54796
2272.12357	5169.0397
2272.25358	5547.2045
2272.3836	5696.38768
2272.51363	5375.32038
2272.64367	4740.80476
2272.77372	4105.05044
2272.90379	3949.85015
2273.03386	4562.94513
2273.16395	5587.85684
2273.29405	6719.51867
2273.42416	7280.9403
2273.55428	6851.77977
2273.68441	5619.63315
2273.81455	4556.70331
2273.9447	4300.89552
2274.07487	4563.09489
2274.20504	5310.04791
2274.33523	6097.21419
2274.46543	6070.97995
2274.59564	5177.27155
2274.72586	4318.02198
2274.85609	4014.17646
2274.98633	4185.21957
2275.11659	4799.59941
2275.24685	5283.81449
2275.37713	5753.12553
2275.50742	5383.35297
2275.63772	4358.84736
2275.76803	3574.91709
2275.89835	3384.19497
2276.02868	4041.4514
2276.15902	5289.21505
2276.28938	6229.97133
2276.41974	6106.85994
2276.55012	5445.77581
2276.68051	4842.55612
2276.81091	4704.7068
2276.94132	5029.69536
2277.07174	5870.18276
2277.20218	6573.51266
2277.33262	6790.00114
2277.46308	6523.74095
2277.59354	5661.97693
2277.72402	4432.48915
2277.85451	4138.42857
2277.98501	5016.77784
2278.11552	6106.17594
2278.24605	6847.48626
2278.37658	6517.95725
2278.50713	5527.87281
2278.63768	4627.02382
2278.76825	4510.44883
2278.89883	4766.31608
2279.02942	4949.61659
2279.16002	5134.37921
2279.29063	5569.13604
2279.42126	5820.54048
2279.55189	5730.03587
2279.68254	5122.58115
2279.8132	4229.61295
2279.94387	3907.40734
2280.07455	4502.33816
2280.20524	5452.99873
2280.33594	6126.73237
2280.46665	5872.49327
2280.59738	4815.14084
2280.72811	3997.17065
2280.85886	3917.14747
2280.98962	4845.37962
2281.12039	6104.17463
2281.25117	6847.10331
2281.38196	6468.69172
2281.51277	5542.514
2281.64358	4614.76794
2281.77441	4562.48904
2281.90525	4866.46887
2282.0361	5386.83784
2282.16696	5674.75576
2282.29783	5814.9035
2282.42871	5480.06637
2282.5596	4822.02089
2282.69051	4052.82025
2282.82143	3714.4099
2282.95235	3782.76549
2283.08329	4192.02003
2283.21424	4694.71816
2283.3452	5147.71462
2283.47618	5267.75219
2283.60716	5111.72844
2283.73816	4673.71809
2283.86916	4314.23348
2284.00018	4460.94648
2284.13121	4869.83475
2284.26225	5582.03453
2284.3933	5898.59507
2284.52436	5841.13512
2284.65544	5191.21686
2284.78652	5011.35894
2284.91762	4995.07587
2285.04873	5235.408
2285.17985	6001.53147
2285.31098	6198.00969
2285.44212	6045.8236
2285.57327	5607.53912
2285.70444	4744.89455
2285.83561	4371.0234
2285.9668	4680.79506
2286.098	5124.92841
2286.22921	5445.02203
2286.36043	5571.59947
2286.49166	5213.16279
2286.6229	4744.84365
2286.75416	4679.36838
2286.88542	4837.84239
2287.0167	5303.47105
2287.14799	6040.49233
2287.27929	6267.18157
2287.4106	5542.60611
2287.54192	4619.38952
2287.67326	3971.23782
2287.8046	4083.51625
2287.93596	4301.8031
2288.06733	4414.89514
2288.19871	4515.14561
2288.3301	4890.87101
2288.4615	5159.71221
2288.59291	4866.62501
2288.72434	4186.5588
2288.85577	3981.12521
2288.98722	4322.82221
2289.11868	5191.46916
2289.25015	5958.20345
2289.38163	5936.8354
2289.51312	5298.84497
2289.64463	4703.41188
2289.77614	4647.47264
2289.90767	5343.35476
2290.0392	6121.91151
2290.17075	6100.86258
2290.30231	5541.65421
2290.43389	5199.11942
2290.56547	4694.42377
2290.69706	4309.64903
2290.82867	4371.39092
2290.96029	4474.77463
2291.09191	4861.85795
2291.22355	5603.6075
2291.3552	6231.14739
2291.48687	6386.82953
2291.61854	5996.99641
2291.75023	5464.63313
2291.88192	5399.36731
2292.01363	5758.28487
2292.14535	5758.85979
2292.27708	5542.07662
2292.40882	5173.89477
2292.54058	5091.15934
2292.67234	5775.16993
2292.80412	6210.81913
2292.9359	5954.53889
2293.0677	5478.91058
2293.19951	5698.12248
2293.33133	6366.4157
2293.46317	7228.48197
2293.59501	7220.01913
2293.72687	6321.09992
2293.85873	5225.02296
2293.99061	4790.36454
2294.1225	5418.62652
2294.2544	6970.79936
2294.38631	7871.25182
2294.51824	7539.02624
2294.65017	6191.10302
2294.78212	4663.65412
2294.91408	3727.42765
2295.04605	3808.20506
2295.17803	4996.58616
2295.31002	6196.55286
2295.44202	6535.12892
2295.57404	5935.2793
2295.70607	5152.51351
2295.8381	4540.14826
2295.97015	4557.04131
2296.10221	5282.23234
2296.23428	5789.22321
2296.36637	5826.90966
2296.49846	5164.15207
2296.63057	4320.38216
2296.76269	4099.59572
2296.89481	4812.45858
2297.02695	5636.15745
2297.15911	5984.18142
2297.29127	5938.21297
2297.42344	5582.08187
2297.55563	5394.02252
2297.68783	5463.60158
2297.82004	5334.76857
2297.95226	5411.66331
2298.08449	5287.5108
2298.21673	5379.07352
2298.34898	5393.07451
2298.48125	5286.8945
2298.61353	4767.9514
2298.74582	4245.80089
2298.87812	4587.81092
2299.01043	5088.05834
2299.14275	5611.32367
2299.27508	5886.15499
2299.40743	5421.10806
2299.53979	4975.48424
2299.67215	4660.06101
2299.80453	4926.39469
2299.93693	5371.81073
2300.06933	5916.18201
2300.20174	6014.69497
2300.33417	5786.17783
2300.46661	5227.92142
2300.59905	4727.96577
2300.73151	4706.68194
2300.86399	4891.55979
2300.99647	5464.06546
2301.12896	6060.1246
2301.26147	6247.40624
2301.39399	5727.7837
2301.52652	4975.48162
2301.65906	3950.60258
2301.79161	3532.76549
2301.92417	3800.99288
2302.05674	4833.88131
2302.18933	6094.03287
2302.32193	6253.7319
2302.45454	5405.35653
2302.58716	4533.99733
2302.71979	4217.02126
2302.85243	4472.20096
2302.98509	5202.61099
2303.11775	5931.82032
2303.25043	6063.85782
2303.38312	6010.29122
2303.51582	5814.96333
2303.64853	5239.9101
2303.78126	4641.00595
2303.91399	4531.28311
2304.04674	4657.0357
2304.17949	5273.88822
2304.31226	5457.33471
2304.44504	5472.57052
2304.57784	5407.44089
2304.71064	5096.75659
2304.84346	4635.43637
2304.97628	4645.93953
2305.10912	5435.02881
2305.24197	6220.67112
2305.37483	6441.36837
2305.5077	6102.26131
2305.64059	5421.37323
2305.77348	5022.19258
2305.90639	4900.2097
2306.03931	5219.20851
2306.17224	6235.51018
2306.30518	7053.04562
2306.43813	7022.69406
2306.5711	6504.70192
2306.70408	6049.57997
2306.83706	5487.10887
2306.97006	5227.59668
2307.10307	5649.10242
2307.2361	6108.00619
2307.36913	5669.41844
2307.50217	4662.45871
2307.63523	3748.26814
2307.7683	3714.15224
2307.90138	3947.39946
2308.03447	4399.425
2308.16757	5074.22994
2308.30069	6196.31343
2308.43381	7199.44443
2308.56695	7311.45848
2308.7001	6424.05252
2308.83326	5141.9396
2308.96643	4271.42649
2309.09961	4760.97301
2309.23281	6074.51078
2309.36601	7092.91362
2309.49923	6936.10551
2309.63246	5858.54981
2309.7657	4932.48123
2309.89896	4739.41702
2310.03222	5089.22549
2310.16549	5164.62499
2310.29878	5051.05171
2310.43208	4791.15069
2310.56539	4679.32691
2310.69871	4608.51549
2310.83205	4481.41511
2310.96539	4750.63802
2311.09875	5362.63557
2311.23211	5862.70766
2311.36549	6083.45744
2311.49888	5737.86855
2311.63229	5460.61787
2311.7657	5318.42265
2311.89913	5169.64094
2312.03256	5258.62797
2312.16601	5939.51805
2312.29947	6387.38574
2312.43295	6258.855
2312.56643	6289.31106
2312.69992	5947.41284
2312.83343	5270.59828
2312.96695	4897.66659
2313.10048	4736.75353
2313.23402	5111.5958
2313.36757	5550.86666
2313.50114	5912.06878
2313.63471	5654.77829
2313.7683	5126.15488
2313.9019	4797.41951
2314.03551	4967.26634
2314.16913	5998.23787
2314.30276	6889.07502
2314.43641	6567.82823
2314.57007	5614.95608
2314.70373	4264.61362
2314.83741	3702.99168
2314.97111	4263.69115
2315.10481	4964.99552
2315.23852	5666.2044
2315.37225	6067.07279
2315.50599	5834.61966
2315.63974	5399.82584
2315.7735	5036.78246
2315.90727	5091.55157
2316.04106	5531.37303
2316.17485	6496.85427
2316.30866	7404.35796
2316.44248	7677.55278
2316.57631	6834.56179
2316.71015	5637.59644
2316.84401	4798.50634
2316.97787	4319.54593
2317.11175	4472.21752
2317.24564	4762.6961
2317.37954	4999.05018
2317.51345	5342.7571
2317.64737	5960.77437
2317.78131	6201.2076
2317.91525	5852.73645
2318.04921	5348.68503
2318.18318	5215.34287
2318.31716	5134.67644
2318.45116	4770.75315
2318.58516	4342.05601
2318.71918	3982.30163
2318.85321	3857.44775
2318.98725	4055.55854
2319.1213	4116.52589
2319.25536	4987.89076
2319.38944	6420.37712
2319.52352	7043.18767
2319.65762	6413.16428
2319.79173	5353.594
2319.92585	4345.44102
2320.05998	4714.23333
2320.19413	5559.34757
2320.32828	6477.05132
2320.46245	6846.99769
2320.59663	6559.76416
2320.73082	6226.84907
2320.86502	6026.39751
2320.99924	6053.1756
2321.13346	6263.83664
2321.2677	6556.35326
2321.40195	6722.84273
2321.53621	6583.33071
2321.67048	5965.43288
2321.80477	5506.14963
2321.93906	5653.74486
2322.07337	6194.36826
2322.20769	6576.78684
2322.34202	6308.81068
2322.47636	5900.90524
2322.61072	5433.72605
2322.74508	5205.99657
2322.87946	5018.09395
2323.01385	5297.42632
2323.14825	5606.28081
2323.28266	5700.84249
2323.41708	5828.36176
2323.55152	5525.33519
2323.68597	4601.42942
2323.82043	3809.43789
2323.9549	3540.29081
2324.08938	3938.04969
2324.22387	4790.00536
2324.35838	5619.78502
2324.4929	5988.93283
2324.62742	5906.0696
2324.76196	5475.90112
2324.89652	5269.86695
2325.03108	5321.53649
2325.16566	5528.51894
2325.30024	5592.37603
2325.43484	5419.65092
2325.56945	4987.18037
2325.70408	4637.66056
2325.83871	4530.65803
2325.97336	4695.6812
2326.10801	5090.83905
2326.24268	6059.90831
2326.37736	6663.22459
2326.51206	6558.95658
2326.64676	5803.43467
2326.78148	5363.03925
2326.9162	5250.51981
2327.05094	5101.4034
2327.18569	5177.0022
2327.32046	5415.15665
2327.45523	5671.68109
2327.59002	5469.21858
2327.72482	5207.40312
2327.85963	5091.51741
2327.99445	5177.28632
2328.12928	5446.73194
2328.26413	5727.2112
2328.39898	5815.8489
2328.53385	5309.08589
2328.66873	4526.11099
2328.80362	4301.25047
2328.93852	4653.0201
2329.07344	5584.40748
2329.20837	6378.54401
2329.34331	6281.3905
2329.47826	5511.52579
2329.61322	4653.78821
2329.74819	4374.20529
2329.88318	4763.40901
2330.01817	5368.21385
2330.15318	6314.00205
2330.2882	7062.30378
2330.42324	7401.12638
2330.55828	6659.74754
2330.69334	5041.44351
2330.8284	3971.38721
2330.96348	3795.26403
2331.09857	4631.82729
2331.23368	5525.61483
2331.36879	6117.07499
2331.50392	6244.66477
2331.63906	5997.94056
2331.77421	5232.76517
2331.90937	4741.6622
2332.04454	4715.28218
2332.17973	5253.72183
2332.31492	5944.16376
2332.45013	5914.66745
2332.58535	5394.81741
2332.72058	4736.84288
2332.85583	4138.96557
2332.99108	4444.73179
2333.12635	5290.24353
2333.26163	6237.21562
2333.39692	6930.24865
2333.53222	7003.8519
2333.66754	6400.69579
2333.80286	5257.3005
2333.9382	4658.20734
2334.07355	4725.05882
2334.20891	5177.98
2334.34429	5474.18384
2334.47967	5193.9868
2334.61507	4427.83135
2334.75048	4011.79783
2334.8859	4230.63645
2335.02133	4866.13216
2335.15677	5748.01511
2335.29223	6731.42633
2335.4277	6998.86719
2335.56318	6490.46253
2335.69867	5428.28778
2335.83417	4471.04415
2335.96969	4315.89953
2336.10521	4679.41557
2336.24075	5430.81425
2336.3763	6089.18574
2336.51186	5942.86956
2336.64744	5233.61186
2336.78302	4636.18981
2336.91862	4440.12086
2337.05423	4981.66812
2337.18985	5964.69467
2337.32548	6747.1792
2337.46113	7103.21741
2337.59678	6486.04697
2337.73245	5245.17004
2337.86813	3887.44097
2338.00382	3224.29183
2338.13953	3762.44567
2338.27524	4803.53041
2338.41097	5387.23624
2338.54671	5293.83601
2338.68246	4646.55093
2338.81822	4154.4487
2338.954	4034.34144
2339.08978	4415.91089
2339.22558	5072.88341
2339.36139	5253.72818
2339.49721	4900.11501
2339.63305	4356.29199
2339.76889	4205.15278
2339.90475	4250.29737
2340.04062	5011.20914
2340.1765	5531.81364
2340.31239	5652.45715
2340.4483	5222.88219
2340.58421	4739.42537
2340.72014	4374.96553
2340.85608	4336.52103
2340.99203	4886.38817
2341.128	5484.84712
2341.26397	6184.74788
2341.39996	6761.74162
2341.53596	6617.90331
2341.67197	5809.70152
2341.80799	4953.0321
2341.94403	4394.21902
2342.08007	4488.53849
2342.21613	5198.5776
2342.3522	6189.50955
2342.48829	6572.52299
2342.62438	5949.7545
2342.76049	5105.15794
2342.8966	4736.11912
2343.03273	5170.07408
2343.16888	6014.54603
2343.30503	6742.19171
2343.4412	6747.53131
2343.57737	6152.51096
2343.71356	5772.90215
2343.84976	5716.867
2343.98598	6291.0564
2344.1222	6905.93152
2344.25844	7143.43792
2344.39469	6841.6516
2344.53095	6104.9783
2344.66722	5362.36042
2344.8035	4930.71912
2344.9398	5015.16544
2345.07611	5789.33566
2345.21243	6558.03076
2345.34876	6780.53154
2345.4851	6509.3051
2345.62146	5960.24292
2345.75782	5487.43162
2345.8942	5360.35592
2346.03059	5546.35436
2346.167	5852.05545
2346.30341	6036.74152
2346.43984	6116.15433
2346.57628	5963.28365
2346.71273	5791.05511
2346.84919	5556.31366
2346.98567	5350.69295
2347.12215	5564.86109
2347.25865	6233.68632
2347.39516	6977.7068
2347.53168	7129.56718
2347.66822	6981.82824
2347.80476	6434.35733
2347.94132	5794.64498
2348.07789	5260.1827
2348.21447	5606.20689
2348.35106	6245.62882
2348.48767	6743.35
2348.62429	6863.40817
2348.76092	6143.97721
2348.89756	4814.17876
2349.03421	4325.83085
2349.17088	5144.48765
2349.30755	6252.61965
2349.44424	6725.05235
2349.58094	6348.86749
2349.71766	5658.67481
2349.85438	5266.64207
2349.99112	5327.26663
2350.12787	5434.06184
2350.26463	5196.42213
2350.4014	4787.70528
2350.53818	4755.4467
2350.67498	5281.87567
2350.81179	5740.49899
2350.94861	6255.63396
2351.08544	6797.68841
2351.22228	6715.56475
2351.35914	6279.49717
2351.49601	5716.70853
2351.63289	5013.90208
2351.76978	5102.81061
2351.90668	5401.99808
2352.0436	5592.09602
2352.18053	5414.65652
2352.31747	4914.08743
2352.45442	4701.69322
2352.59138	4754.62842
2352.72836	4987.10652
2352.86535	5116.09455
2353.00235	5161.09525
2353.13936	5385.89413
2353.27638	5949.83456
2353.41342	6368.64801
2353.55046	6460.6371
2353.68752	5856.21189
2353.82459	4892.68014
2353.96168	4426.2836
2354.09877	4233.79143
2354.23588	4407.10696
2354.373	4707.48073
2354.51013	4847.06811
2354.64727	4846.95841
2354.78443	5024.32545
2354.9216	5464.11308
2355.05878	5614.27048
2355.19597	5574.86408
2355.33317	5549.25578
2355.47039	5329.66917
2355.60761	4874.32249
2355.74485	4302.07312
2355.8821	3807.60573
2356.01937	4381.99942
2356.15664	5607.66687
2356.29393	6504.04117
2356.43123	6629.10505
2356.56854	5967.69697
2356.70586	4947.81412
2356.8432	4463.10544
2356.98054	4655.20842
2357.1179	4888.65672
2357.25527	5074.13888
2357.39266	5041.32045
2357.53005	4796.65209
2357.66746	4603.80945
2357.80488	4822.95296
2357.94231	5231.1892
2358.07975	5522.14818
2358.21721	5650.94385
2358.35468	5841.42523
2358.49216	5926.64199
2358.62965	5821.90904
2358.76715	5633.67408
2358.90467	5735.22217
2359.04219	6191.59217
2359.17973	6842.685
2359.31728	7414.03811
2359.45485	7416.88577
2359.59242	6412.84167
2359.73001	5181.5929
2359.86761	4469.18868
2360.00522	4882.12637
2360.14285	5465.10872
2360.28048	5959.73637
2360.41813	6152.01412
2360.55579	6003.37805
2360.69346	5671.06034
2360.83114	5296.65372
2360.96884	5053.59521
2361.10655	5268.58454
2361.24427	5622.75698
2361.382	5645.72434
2361.51974	5435.94819
2361.6575	4673.35199
2361.79527	3640.27207
2361.93305	3946.22493
2362.07084	5183.87714
2362.20865	6442.01262
2362.34646	6977.47522
2362.48429	6556.02991
2362.62213	5514.90001
2362.75998	4698.61361
2362.89785	4895.43806
2363.03572	5390.07922
2363.17361	5970.02904
2363.31151	6285.37462
2363.44943	6549.55859
2363.58735	6123.2061
2363.72529	5379.39281
2363.86324	4875.34967
2364.0012	5100.89228
2364.13917	5986.36439
2364.27716	6912.97923
2364.41516	7135.44496
2364.55317	6734.67588
2364.69119	6116.00889
2364.82922	5663.65376
2364.96727	5456.34803
2365.10532	5868.23875
2365.24339	6509.5161
2365.38148	7105.1034
2365.51957	7122.60382
2365.65768	6415.88413
2365.7958	5580.35187
2365.93393	5707.20043
2366.07207	6621.82528
2366.21022	7619.02805
2366.34839	8350.15434
2366.48657	8049.31141
2366.62476	6507.47407
2366.76296	4846.29199
2366.90118	4162.11616
2367.03941	4782.58023
2367.17765	5865.32564
2367.3159	6453.67696
2367.45416	5950.52069
2367.59244	4764.4988
2367.73072	3862.92477
2367.86902	3969.56081
2368.00734	4618.24854
2368.14566	5492.5044
2368.284	6496.17412
2368.42235	6909.50171
2368.56071	6458.78215
2368.69908	5556.9983
2368.83746	4638.17254
2368.97586	4896.44831
2369.11427	5623.20323
2369.25269	6576.53688
2369.39112	6862.49142
2369.52957	6290.89892
2369.66803	5278.51085
2369.8065	4359.29685
2369.94498	4269.20733
2370.08347	4823.24721
2370.22198	5892.01424
2370.3605	6866.42219
2370.49903	6804.3008
2370.63757	5967.08027
2370.77612	5250.87827
2370.91469	4815.18021
2371.05327	4866.59546
2371.19186	5658.2686
2371.33047	6599.71942
2371.46908	6753.88032
2371.60771	6189.20337
2371.74635	5357.83995
2371.885	4888.94251
2372.02366	5034.63565
2372.16234	5554.39388
2372.30103	5918.34853
2372.43973	6285.37088
2372.57844	6065.80036
2372.71717	5605.30917
2372.8559	5148.97144
2372.99465	4917.18036
2373.13342	5359.49661
2373.27219	6396.60636
2373.41097	7083.71313
2373.54977	6892.96177
2373.68858	5752.46127
2373.8274	5048.10404
2373.96624	5283.04051
2374.10509	6478.64236
2374.24394	7829.63741
2374.38282	8142.7462
2374.5217	7294.26997
2374.66059	5739.29924
2374.7995	4879.13753
2374.93842	4949.69641
2375.07735	5984.22714
2375.2163	7342.73585
2375.35525	7989.90532
2375.49422	7376.05764
2375.6332	6267.57433
2375.7722	5551.276
2375.9112	5822.84631
2376.05022	6602.05497
2376.18925	7033.55721
2376.32829	6923.41371
2376.46734	6677.29224
2376.60641	6488.83849
2376.74549	6305.52512
2376.88458	5748.3647
2377.02368	5450.955
2377.1628	5424.94481
2377.30192	5484.48081
2377.44106	5884.99771
2377.58022	6098.74151
2377.71938	5798.85308
2377.85856	5556.30509
2377.99774	5883.6396
2378.13694	6656.83754
2378.27616	7426.05669
2378.41538	7619.77903
2378.55462	6904.19221
2378.69387	5716.39227
2378.83313	5209.52168
2378.9724	5467.95385
2379.11169	5954.7035
2379.25099	6207.90116
2379.3903	6075.48751
2379.52962	5716.55356
2379.66896	5735.66015
2379.8083	5817.38966
2379.94766	5712.32202
2380.08704	5530.47995
2380.22642	5482.65861
2380.36582	5998.99339
2380.50522	6394.86217
2380.64464	6511.88178
2380.78408	6038.56704
2380.92352	5799.67659
2381.06298	6127.10984
2381.20245	7065.66232
2381.34193	7757.0733
2381.48143	7634.66393
2381.62093	6518.82384
2381.76045	5139.04095
2381.89998	4444.69887
2382.03953	4583.36176
2382.17908	5308.66319
2382.31865	6298.21126
2382.45823	7059.16528
2382.59782	6990.35272
2382.73743	6434.39877
2382.87704	6193.40866
2383.01667	6350.5459
2383.15631	6702.42229
2383.29597	6924.60256
2383.43563	6709.30494
2383.57531	6071.29597
2383.715	5073.39423
2383.85471	4522.49109
2383.99442	4913.39458
2384.13415	5387.30723
2384.27389	5678.69055
2384.41364	5823.71112
2384.5534	5644.32497
2384.69318	5305.72193
2384.83297	4937.89443
2384.97277	4921.17796
2385.11258	5306.82885
2385.25241	5926.51844
2385.39225	6151.08941
2385.5321	5657.63964
2385.67196	4515.66874
2385.81184	4035.21645
2385.95172	3984.09082
2386.09162	4429.70566
2386.23153	5292.46233
2386.37146	6284.12014
2386.51139	7001.27094
2386.65134	6821.63012
2386.7913	5913.84889
2386.93128	4817.33839
2387.07126	4335.30041
2387.21126	4757.08696
2387.35127	5836.18437
2387.49129	6893.10564
2387.63133	6989.04998
2387.77138	6251.49658
2387.91144	5011.22416
2388.05151	4081.60655
2388.19159	4295.4814
2388.33169	5381.08084
2388.4718	6097.49422
2388.61192	5792.33715
2388.75205	4726.10292
2388.8922	4526.75258
2389.03236	5068.61586
2389.17253	5993.7857
2389.31271	6509.51568
2389.4529	5995.18884
2389.59311	5175.28595
2389.73333	4193.20383
2389.87356	4243.22242
2390.01381	5174.12008
2390.15407	6441.18465
2390.29434	7456.24628
2390.43462	7487.39432
2390.57491	6140.15085
2390.71522	4855.72185
2390.85554	4310.25225
2390.99587	4795.55791
2391.13621	5767.89827
2391.27657	6238.61807
2391.41693	5648.54608
2391.55731	4773.67914
2391.69771	4417.10688
2391.83811	4769.81863
2391.97853	5729.5743
2392.11896	6324.60546
2392.2594	6704.45967
2392.39986	6531.91429
2392.54032	6248.88312
2392.6808	5634.83492
2392.8213	4879.09353
2392.9618	4184.48107
2393.10232	4343.9506
2393.24284	5195.38859
2393.38339	6161.87253
2393.52394	6569.50149
2393.66451	6081.01761
2393.80508	4867.51464
2393.94568	4437.39757
2394.08628	4886.84523
2394.22689	6030.38732
2394.36752	6817.49447
2394.50816	6738.6556
2394.64881	5999.1602
2394.78948	5140.33098
2394.93016	4788.59671
2395.07085	5297.34684
2395.21155	6400.96816
2395.35226	7284.66171
2395.49299	7330.0458
2395.63373	6574.28817
2395.77448	5770.58335
2395.91525	5034.82502
2396.05602	5165.60859
2396.19681	5851.57875
2396.33761	6509.58025
2396.47843	6407.15361
2396.61926	5835.57259
2396.76009	5232.56321
2396.90095	4940.41014
2397.04181	5372.11942
2397.18268	6080.38421
2397.32357	6568.13866
2397.46447	6550.40617
2397.60539	6073.84596
2397.74631	5610.62319
2397.88725	5445.18538
2398.0282	5729.83735
2398.16917	6350.31575
2398.31014	6673.22972
2398.45113	6248.90805
2398.59213	5409.94043
2398.73314	4631.29612
2398.87417	4713.58762
2399.0152	5491.24001
2399.15625	5809.98832
2399.29732	5517.95166
2399.43839	5188.2327
2399.57948	5071.31408
2399.72058	5263.32007
2399.86169	5807.17393
2400.00282	6324.83414
2400.14395	6611.85529
2400.2851	6537.89748
2400.42626	6069.75189
2400.56744	5496.16096
2400.70863	4964.40054
2400.84983	5018.71658
2400.99104	5669.68502
2401.13226	6442.50859
2401.2735	6831.17618
2401.41475	6656.55811
2401.55601	5977.49968
2401.69728	5409.72974
2401.83857	5214.68209
2401.97987	5512.50007
2402.12118	5700.70956
2402.26251	5800.98699
2402.40384	5837.01745
2402.54519	5649.56438
2402.68655	5392.97175
2402.82793	5192.69565
2402.96931	5092.82926
2403.11071	4930.05573
2403.25212	5138.15851
2403.39355	5517.5268
2403.53498	6129.96019
2403.67643	6223.54572
2403.81789	5754.31292
2403.95937	5196.09792
2404.10085	4898.17085
2404.24235	4909.85401
2404.38386	5373.0578
2404.52539	5773.55513
2404.66692	5634.82458
2404.80847	5228.46312
2404.95003	5394.20793
2405.09161	6064.3207
2405.23319	6946.83701
2405.37479	7137.34643
2405.5164	6528.02137
2405.65803	5421.01885
2405.79966	4718.13651
2405.94131	4699.09316
2406.08297	4983.38801
2406.22465	5444.9878
2406.36633	5588.11397
2406.50803	5747.27979
2406.64975	5478.67566
2406.79147	4845.82099
2406.93321	4464.46925
2407.07495	4918.66748
2407.21672	5824.5075
2407.35849	6713.12336
2407.50028	7076.49804
2407.64208	6562.10506
2407.78389	6135.48892
2407.92571	5978.03275
2408.06755	6262.00461
2408.2094	6571.93998
2408.35126	6671.61623
2408.49313	6125.07571
2408.63502	5728.14429
2408.77692	5445.85847
2408.91883	5331.30839
2409.06076	5506.24798
2409.20269	6015.52805
2409.34464	6619.80534
2409.4866	6611.86172
2409.62858	6221.58613
2409.77057	6007.58021
2409.91256	5808.97046
2410.05458	5442.46737
2410.1966	5003.07464
2410.33864	5160.80281
2410.48069	5309.41772
2410.62275	5269.27534
2410.76483	5140.50494
2410.90691	5207.43423
2411.04901	5849.25363
2411.19113	6485.44707
2411.33325	7123.42331
2411.47539	7059.83956
2411.61754	6280.52108
2411.7597	5459.15017
2411.90188	5258.82567
2412.04407	5630.85557
2412.18627	6260.19958
2412.32848	6420.0685
2412.47071	5931.81944
2412.61295	5267.26063
2412.7552	4503.8223
2412.89746	4126.64504
2413.03974	4471.70504
2413.18202	4978.1499
2413.32433	5428.97005
2413.46664	5807.82016
2413.60897	5517.786
2413.75131	4657.29643
2413.89366	4333.83145
2414.03602	4770.03222
2414.1784	5532.51495
2414.32079	6459.54001
2414.46319	6701.88978
2414.6056	6249.30563
2414.74803	5842.54143
2414.89047	5538.88588
2415.03292	5804.5565
2415.17539	6524.69314
2415.31787	6937.82336
2415.46036	6525.59473
2415.60286	5833.79421
2415.74538	5187.41352
2415.8879	4917.01394
2416.03044	5120.49808
2416.173	5637.53414
2416.31556	6468.35733
2416.45814	6696.20472
2416.60073	6071.72474
2416.74334	4881.97222
2416.88595	4445.64925
2417.02858	4778.09726
2417.17122	5658.40316
2417.31388	6325.10463
2417.45655	6076.64606
2417.59923	5489.78905
2417.74192	5479.6757
2417.88462	5507.80483
2418.02734	5734.20573
2418.17007	5943.96591
2418.31281	5800.66366
2418.45557	5920.22463
2418.59834	6149.04869
2418.74112	6180.15063
2418.88391	5943.46616
2419.02672	5499.86723
2419.16953	5308.43909
2419.31237	5708.48683
2419.45521	6029.92014
2419.59807	6113.05894
2419.74094	6015.77796
2419.88382	5803.96221
2420.02671	5062.73911
2420.16962	4426.55444
2420.31254	4499.06486
2420.45547	5256.32487
2420.59842	5818.28185
2420.74137	5822.19672
2420.88435	5824.50303
2421.02733	5964.47984
2421.17032	6265.9125
2421.31333	6612.36858
2421.45635	6804.26183
2421.59939	6371.44957
2421.74243	5643.36778
2421.88549	5071.4396
2422.02857	5003.83909
2422.17165	4874.15068
2422.31475	5066.29978
2422.45786	5676.20313
2422.60098	5971.78279
2422.74411	5868.11687
2422.88726	5623.40058
2423.03042	5656.64301
2423.1736	6162.32526
2423.31678	6934.65298
2423.45998	7295.4475
2423.60319	6835.06992
2423.74642	5720.31851
2423.88965	4760.69837
2424.0329	4803.11789
2424.17617	5820.50995
2424.31944	7191.63331
2424.46273	7714.56029
2424.60603	7151.07708
2424.74934	5948.4865
2424.89267	5083.38516
2425.03601	4749.91988
2425.17936	5198.24636
2425.32272	6190.61982
2425.4661	6610.42248
2425.60949	5950.47255
2425.75289	4720.6357
2425.8963	4377.84452
2426.03973	5016.11597
2426.18317	6300.19323
2426.32662	7318.88275
2426.47009	7491.62052
2426.61357	6769.35003
2426.75706	5622.76869
2426.90056	4769.76621
2427.04408	4952.00604
2427.18761	5607.57853
2427.33115	6393.45389
2427.4747	6428.41991
2427.61827	5991.97547
2427.76185	5313.64741
2427.90545	5063.55599
2428.04905	5309.29872
2428.19267	5926.46814
2428.3363	6652.88272
2428.47994	6690.20247
2428.6236	6107.37094
2428.76727	4997.8657
2428.91095	4515.98523
2429.05465	5176.21145
2429.19835	6351.04287
2429.34208	7113.58347
2429.48581	6938.95928
2429.62955	6291.52852
2429.77331	5407.28589
2429.91708	4678.70036
2430.06087	4677.43159
2430.20467	5719.30639
2430.34848	6940.97585
2430.4923	7886.00517
2430.63613	7647.57954
2430.77998	6449.78503
2430.92384	5266.07325
2431.06772	5031.5166
2431.2116	5471.68816
2431.3555	6200.74463
2431.49941	6184.07578
2431.64334	5545.1886
2431.78727	4465.26557
2431.93122	4022.5065
2432.07519	4793.50797
2432.21916	6270.48436
2432.36315	7311.996
2432.50715	7292.3672
2432.65117	6401.91072
2432.79519	5287.66187
2432.93923	4551.42891
2433.08329	4892.07478
2433.22735	5403.73706
2433.37143	5753.35884
2433.51552	6025.21562
2433.65962	6040.59176
2433.80374	5714.86516
2433.94787	5466.77265
2434.09201	5210.572
2434.23617	5241.16593
2434.38033	5823.37821
2434.52452	6036.12891
2434.66871	5884.34029
2434.81291	5252.57607
2434.95713	4664.30963
2435.10137	4937.57075
2435.24561	5955.55351
2435.38987	7329.28236
2435.53414	8017.35389
2435.67842	7376.05729
2435.82272	6034.56212
2435.96703	4821.33528
2436.11135	4654.00521
2436.25568	5767.91585
2436.40003	7221.52203
2436.54439	7868.9157
2436.68876	7405.07812
2436.83315	6127.95368
2436.97754	5091.73097
2437.12196	4769.16252
2437.26638	5446.9735
2437.41082	6419.87851
2437.55527	6814.32436
2437.69973	6228.51202
2437.84421	5353.75271
2437.98869	4699.82407
2438.13319	4969.91686
2438.27771	5839.39823
2438.42224	6411.80966
2438.56678	6498.4461
2438.71133	6033.32913
2438.85589	5531.91216
2439.00047	5266.1522
2439.14506	5599.77246
2439.28967	6775.09793
2439.43428	8163.64435
2439.57891	8247.42125
2439.72356	6930.90661
2439.86821	5223.65592
2440.01288	4511.10561
2440.15756	5050.92986
2440.30226	6322.96716
2440.44696	7222.91589
2440.59168	6943.36098
2440.73641	5887.70986
2440.88116	5207.78359
2441.02592	5245.96601
2441.17069	5728.54084
2441.31547	6492.75128
2441.46027	6591.38793
2441.60508	5845.818
2441.7499	5389.8765
2441.89474	5374.97761
2442.03959	5886.3142
2442.18445	6479.60056
2442.32932	6659.50822
2442.47421	6362.34295
2442.61911	5991.04618
2442.76402	5652.48776
2442.90895	5510.20117
2443.05389	5784.70151
2443.19884	6204.7175
2443.34381	6471.62521
2443.48878	6243.73669
2443.63377	5853.92602
2443.77878	5683.53095
2443.92379	6161.07717
2444.06882	6815.88403
2444.21387	7230.94397
2444.35892	7376.48125
2444.50399	7194.068
2444.64907	6427.74906
2444.79416	5595.47511
2444.93927	5198.32052
2445.08439	5490.43196
2445.22952	6078.27492
2445.37467	6422.13421
2445.51983	5907.85466
2445.665	5057.25031
2445.81018	4895.85051
2445.95538	5726.08599
2446.10059	6894.2812
2446.24581	7370.13755
2446.39105	6934.29976
2446.5363	6186.17197
2446.68156	5640.6231
2446.82683	5353.49611
2446.97212	5456.54732
2447.11742	5774.28565
2447.26273	5884.53429
2447.40806	5908.40617
2447.5534	6245.24391
2447.69875	6426.5387
2447.84412	6207.97394
2447.9895	5838.78181
2448.13489	5529.40438
2448.28029	6035.34616
2448.42571	6921.76501
2448.57114	7575.99883
2448.71658	7361.70512
2448.86204	6119.64195
2449.00751	5012.01781
2449.15299	4784.57889
2449.29848	5445.61302
2449.44399	6627.44874
2449.58951	6757.92312
2449.73505	6057.70136
2449.88059	5435.83556
2450.02615	5359.1325
2450.17173	6169.38298
2450.31731	7385.38895
2450.46291	7784.22732
2450.60852	7134.44809
2450.75415	6096.5658
2450.89978	5557.16538
2451.04543	5795.314
2451.1911	6970.27017
2451.33677	7552.67299
2451.48246	7524.55672
2451.62817	7079.93282
2451.77388	6860.44203
2451.91961	6943.27467
2452.06535	7259.1255
2452.21111	7388.1962
2452.35687	7149.20587
2452.50265	6802.11202
2452.64845	6192.75977
2452.79425	5807.40643
2452.94007	5949.3504
2453.08591	6503.32078
2453.23175	7096.67054
2453.37761	7013.03878
2453.52348	6443.81571
2453.66937	5833.44833
2453.81526	5695.22134
2453.96118	6207.11636
2454.1071	6616.15733
2454.25304	6567.00876
2454.39899	6103.68618
2454.54495	5365.7261
2454.69092	4918.56282
2454.83691	4769.86165
2454.98291	4810.73127
2455.12893	5344.14182
2455.27496	6309.27537
2455.421	6865.1338
2455.56705	6845.19009
2455.71312	6462.5663
2455.8592	5757.8166
2456.00529	5445.15845
2456.1514	5940.83363
2456.29752	6896.18072
2456.44365	7650.67239
2456.58979	7893.39846
2456.73595	7457.09003
2456.88212	6779.07807
2457.02831	6050.12783
2457.1745	5169.02911
2457.32071	5050.81244
2457.46694	5602.3719
2457.61317	6502.26781
2457.75942	7105.60291
2457.90569	7577.73398
2458.05196	7764.8208
2458.19825	7583.51208
2458.34455	7267.32359
2458.49087	6994.5795
2458.63719	6762.75499
2458.78353	6631.42616
2458.92989	6541.63999
2459.07626	6718.22155
2459.22264	6868.39984
2459.36903	6655.31215
2459.51544	5897.75897
2459.66185	5119.91445
2459.80829	4640.82678
2459.95473	4782.12882
2460.10119	5721.82346
2460.24766	6730.2774
2460.39415	7453.39487
2460.54064	7163.4824
2460.68716	6070.78071
2460.83368	4954.7038
2460.98022	4362.07913
2461.12677	4506.87647
2461.27333	5598.84077
2461.41991	6345.58864
2461.5665	6488.35363
2461.7131	6011.73982
2461.85971	5525.75647
2462.00634	5785.04799
2462.15298	6544.04358
2462.29964	7030.7122
2462.44631	6839.89905
2462.59299	6239.6769
2462.73968	5314.21877
2462.88639	4986.55832
2463.03311	5565.81445
2463.17984	6528.59
2463.32659	7338.49096
2463.47335	7505.63375
2463.62012	6772.53586
2463.76691	5243.92692
2463.91371	3693.36538
2464.06052	3350.57271
2464.20735	4454.39852
2464.35418	5980.37378
2464.50104	6972.54588
2464.6479	6977.21431
2464.79478	6255.50247
2464.94167	5450.27822
2465.08857	4886.01157
2465.23549	4608.41018
2465.38242	4946.69527
2465.52936	5654.77934
2465.67632	6615.38233
2465.82329	7588.83235
2465.97027	8062.57598
2466.11727	7778.00778
2466.26428	7281.01424
2466.4113	7003.37507
2466.55834	6858.37366
2466.70539	6693.9
2466.85245	6886.21136
2466.99952	7027.91618
2467.14661	7243.81489
2467.29371	7871.52805
2467.44083	8280.42902
2467.58795	7812.46759
2467.7351	6585.30641
2467.88225	5581.45623
2468.02942	5119.93314
2468.1766	5555.98161
2468.32379	6457.0027
2468.471	7165.74545
2468.61822	7429.26941
2468.76545	7176.5843
2468.9127	6526.05001
2469.05995	6629.41748
2469.20723	7219.18529
2469.35451	7528.60954
2469.50181	7185.6992
2469.64912	6402.55831
2469.79645	5623.92524
2469.94379	5481.5605
2470.09114	5748.03039
2470.2385	6501.24109
2470.38588	7230.58423
2470.53327	7272.27177
2470.68068	6877.92777
2470.82809	6392.69719
2470.97552	5887.5691
2471.12297	5728.37924
2471.27043	5684.9814
2471.4179	5910.13494
2471.56538	5836.72082
2471.71288	5212.06257
2471.86039	4486.54368
2472.00791	4546.38995
2472.15544	5540.42221
2472.30299	6623.49176
2472.45056	7133.80852
2472.59813	6899.99646
2472.74572	6034.80024
2472.89332	5058.24239
2473.04094	4267.83766
2473.18857	4402.85015
2473.33621	5311.23723
2473.48387	6372.41518
2473.63153	7089.38856
2473.77922	6810.01361
2473.92691	5874.92411
2474.07462	5361.53268
2474.22234	5619.2891
2474.37007	6011.38137
2474.51782	6514.64201
2474.66558	6743.18811
2474.81336	6508.20254
2474.96115	6246.59927
2475.10895	6308.89641
2475.25676	6422.36834
2475.40459	6577.93143
2475.55243	6492.03684
2475.70028	6150.18649
2475.84815	5719.7392
2475.99603	5479.28325
2476.14392	5410.15667
2476.29183	5612.80915
2476.43975	5473.8002
2476.58768	5292.42801
2476.73563	5217.53669
2476.88359	5485.85927
2477.03156	6096.5069
2477.17955	6579.29486
2477.32755	6323.79455
2477.47556	5896.18925
2477.62359	5550.55261
2477.77163	5256.13998
2477.91968	4969.83394
2478.06774	5062.06253
2478.21582	5566.1355
2478.36392	6188.69539
2478.51202	6442.69252
2478.66014	6097.27368
2478.80827	5350.09828
2478.95642	4785.37399
2479.10458	5186.75448
2479.25275	6911.72742
2479.40093	8359.26051
2479.54913	8438.08282
2479.69734	7597.57318
2479.84557	6741.40342
2479.99381	6195.76982
2480.14206	6190.4813
2480.29032	6520.54334
2480.4386	6517.964
2480.5869	6313.557
2480.7352	6026.85369
2480.88352	6069.74686
2481.03185	6265.68808
2481.18019	6230.08792
2481.32855	5968.26516
2481.47692	5876.44077
2481.62531	5839.4141
2481.77371	5524.47375
2481.92212	5112.60055
2482.07054	4785.9743
2482.21898	4717.35664
2482.36743	5233.39863
2482.5159	5641.13774
2482.66438	5606.27205
2482.81287	5753.62965
2482.96137	5888.58227
2483.10989	6026.88841
2483.25842	6550.33955
2483.40697	7153.2088
2483.55552	7256.54784
2483.70409	6877.77013
2483.85268	6760.77228
2484.00128	6610.14615
2484.14989	6654.484
2484.29851	6598.59765
2484.44715	6436.30276
2484.5958	6285.14284
2484.74447	6318.41995
2484.89315	6384.81916
2485.04184	6651.96927
2485.19054	6714.72765
2485.33926	6506.99173
2485.48799	6149.62273
2485.63674	5853.66288
2485.78549	5254.78438
2485.93426	5046.82842
2486.08305	5329.39584
2486.23185	6147.12158
2486.38066	6895.88554
2486.52948	6337.54467
2486.67832	4912.84977
2486.82717	3884.90014
2486.97604	3721.87898
2487.12492	4590.15623
2487.27381	5906.95872
2487.42271	6850.25839
2487.57163	7209.04593
2487.72056	6766.82076
2487.86951	6017.63825
2488.01847	5241.04471
2488.16744	5176.54222
2488.31643	5906.94986
2488.46542	6643.80571
2488.61444	6819.0009
2488.76346	6492.80765
2488.9125	5890.73406
2489.06155	5434.89916
2489.21062	5426.54403
2489.3597	6042.58452
2489.50879	6478.37545
2489.6579	6113.89904
2489.80702	5347.73026
2489.95615	5229.33933
2490.10529	6034.82707
2490.25445	7192.85593
2490.40363	7816.19079
2490.55281	7536.00104
2490.70201	6360.10956
2490.85122	5523.59243
2491.00045	5551.54314
2491.14969	6576.85849
2491.29894	7838.80896
2491.44821	8572.14067
2491.59749	7924.36494
2491.74678	6269.42685
2491.89609	4697.98394
2492.04541	4132.03326
2492.19475	4930.83514
2492.34409	6207.85112
2492.49345	7111.47067
2492.64283	6883.58475
2492.79222	6186.52905
2492.94162	5682.06673
2493.09103	5791.69023
2493.24046	6704.06407
2493.3899	7522.44967
2493.53935	7308.14376
2493.68882	6185.7869
2493.8383	4901.4098
2493.9878	4454.13029
2494.13731	4765.97488
2494.28683	5290.59176
2494.43636	5822.02783
2494.58591	6213.5574
2494.73548	6159.82894
2494.88505	6104.04415
2495.03464	5885.73906
2495.18424	5715.16759
2495.33386	5600.39193
2495.48349	5735.49614
2495.63313	6116.16838
2495.78279	6600.90611
2495.93246	6871.02559
2496.08214	7050.99359
2496.23184	6954.01232
2496.38155	6514.74018
2496.53127	5930.41282
2496.68101	5714.52728
2496.83076	5537.69866
2496.98052	5779.33283
2497.1303	6274.85437
2497.28009	6503.07784
2497.4299	6569.93659
2497.57971	6169.30709
2497.72955	5642.42986
2497.87939	5328.6344
2498.02925	5610.31145
2498.17912	6163.81733
2498.32901	6468.50548
2498.47891	6593.18776
2498.62882	6208.16465
2498.77874	5660.7391
2498.92868	4925.30321
2499.07864	4802.06689
2499.2286	5221.78898
2499.37858	5345.87048
2499.52858	5332.09956
2499.67858	5230.64604
2499.8286	5136.08677
2499.97864	4953.03788
2500.12868	5054.13706
2500.27875	5703.50962
2500.42882	6046.70288
2500.57891	6353.13618
2500.72901	6279.95476
2500.87912	5628.57535
2501.02925	5089.34872
2501.1794	4852.0383
2501.32955	5360.85304
2501.47972	6033.13615
2501.6299	6687.73297
2501.7801	6706.71096
2501.93031	6394.19253
2502.08053	6060.26693
2502.23077	6126.82438
2502.38102	6226.30506
2502.53128	6561.76546
2502.68156	6553.11061
2502.83185	5856.87624
2502.98215	5158.79596
2503.13247	5247.84997
2503.2828	5932.55684
2503.43315	6333.28961
2503.58351	6502.6375
2503.73388	6125.23614
2503.88427	5525.9976
2504.03466	5676.58528
2504.18508	6133.46329
2504.3355	6203.95117
2504.48594	6089.80325
2504.6364	5887.12177
2504.78686	5483.96629
2504.93734	5128.72429
2505.08784	5159.76551
2505.23835	5416.62365
2505.38887	5594.37321
2505.5394	5647.44032
2505.68995	5796.02459
2505.84051	5816.6128
2505.99109	5648.68037
2506.14168	5788.93118
2506.29228	6607.95543
2506.4429	7489.25913
2506.59353	7977.84782
2506.74417	7752.81215
2506.89483	7001.19207
2507.0455	6710.71478
2507.19618	6974.92134
2507.34688	7494.95072
2507.49759	7455.26688
2507.64831	6992.00519
2507.79905	6227.24827
2507.94981	5576.33038
2508.10057	5192.55703
2508.25135	4969.85952
2508.40214	5114.88456
2508.55295	5633.12752
2508.70377	5741.89952
2508.8546	5400.80254
2509.00545	5080.359
2509.15631	5253.57006
2509.30719	6169.99485
2509.45807	6875.90552
2509.60898	6728.99729
2509.75989	6096.88024
2509.91082	5120.33151
2510.06176	4481.20961
2510.21272	4661.36172
2510.36369	5344.55673
2510.51467	6067.24931
2510.66567	6543.63637
2510.81668	6749.8164
2510.9677	6949.22558
2511.11874	7145.27968
2511.26979	7311.53595
2511.42086	7335.84073
2511.57194	6976.78572
2511.72303	6503.19499
2511.87414	6464.80319
2512.02525	6779.0557
2512.17639	7141.4534
2512.32754	7013.39801
2512.4787	6268.3128
2512.62987	5493.21288
2512.78106	5320.0178
2512.93226	5214.80486
2513.08347	5756.86191
2513.2347	6757.94079
2513.38595	7577.56271
2513.5372	7071.91418
2513.68847	5543.15592
2513.83976	4294.57896
2513.99105	4164.50229
2514.14236	5066.71887
2514.29369	5983.27761
2514.44503	6508.14227
2514.59638	6298.43569
2514.74774	5701.06577
2514.89912	5438.40422
2515.05051	6245.47787
2515.20192	7062.55449
2515.35334	7556.41601
2515.50477	7530.94227
2515.65622	6549.96724
2515.80768	5531.28369
2515.95916	4877.92654
2516.11065	5120.87862
2516.26215	5843.57315
2516.41366	6313.89619
2516.56519	6085.72362
2516.71674	5676.17429
2516.86829	5435.75793
2517.01986	6201.7969
2517.17145	7468.41852
2517.32305	8356.33967
2517.47466	7939.42139
2517.62628	6687.915
2517.77792	5332.46519
2517.92958	4983.35089
2518.08124	5351.1276
2518.23292	5946.57001
2518.38462	6393.31122
2518.53632	6181.97813
2518.68805	5498.43022
2518.83978	5201.38224
2518.99153	5216.43201
2519.14329	5728.5112
2519.29507	6489.19778
2519.44686	6894.4629
2519.59866	6368.52576
2519.75048	5253.67904
2519.90231	4951.98433
2520.05415	5343.97542
2520.20601	6131.37421
2520.35789	6676.00816
2520.50977	6380.81085
2520.66167	5151.05696
2520.81358	4143.72786
2520.96551	4207.81777
2521.11745	5485.2796
2521.26941	6918.08745
2521.42137	7490.00531
2521.57336	7323.60247
2521.72535	7210.26413
2521.87736	6955.42374
2522.02939	6842.88987
2522.18142	6564.85908
2522.33347	6258.8588
2522.48554	6222.1976
2522.63762	7157.64795
2522.78971	7793.95349
2522.94181	7963.67333
2523.09393	7542.31887
2523.24607	6730.52652
2523.39821	6220.92336
2523.55038	6189.93575
2523.70255	6118.57198
2523.85474	5905.53237
2524.00694	5650.59333
2524.15916	6400.21932
2524.31139	7436.49991
2524.46363	7698.78413
2524.61589	6791.52109
2524.76816	5548.97277
2524.92044	4930.9387
2525.07274	4975.0232
2525.22505	5752.82448
2525.37738	6270.25968
2525.52972	6041.05043
2525.68207	5228.48058
2525.83444	4298.3397
2525.98682	4558.27894
2526.13922	5178.99685
2526.29163	6201.99122
2526.44405	7072.1016
2526.59648	7190.4553
2526.74893	6625.97699
2526.9014	5976.6248
2527.05388	5435.77318
2527.20637	5410.29467
2527.35887	5716.70113
2527.51139	6426.53065
2527.66393	6738.45118
2527.81647	6168.67585
2527.96903	5122.00784
2528.12161	4817.26834
2528.2742	5621.55967
2528.4268	6414.56152
2528.57941	6781.39538
2528.73204	6422.40856
2528.88469	5743.52382
2529.03735	5449.59543
2529.19002	5844.1389
2529.3427	6478.73441
2529.4954	7037.57436
2529.64811	6891.789
2529.80084	6102.09526
2529.95358	5606.31859
2530.10633	6078.26522
2530.2591	7181.70516
2530.41188	7844.5426
2530.56468	7305.13024
2530.71749	6205.83468
2530.87031	5647.10204
2531.02315	5599.35224
2531.176	6123.07369
2531.32887	6588.19093
2531.48174	6633.95011
2531.63464	6299.59676
2531.78754	6213.34881
2531.94046	6209.69381
2532.0934	6324.65727
2532.24635	6255.43569
2532.39931	6285.32374
2532.55228	6400.23996
2532.70527	5985.03316
2532.85828	5153.3915
2533.01129	5100.17753
2533.16432	5550.87463
2533.31737	6554.31088
2533.47043	8249.94804
2533.6235	9009.01614
2533.77659	8404.35014
2533.92969	7530.22459
2534.0828	6688.7084
2534.23593	6513.45953
2534.38907	6883.07999
2534.54223	7439.55918
2534.6954	7274.93824
2534.84858	6407.95484
2535.00178	5470.48906
2535.15499	5252.5354
2535.30822	5732.94295
2535.46146	6741.58132
2535.61471	7473.94143
2535.76798	7105.21801
2535.92126	5788.57007
2536.07455	4485.87685
2536.22786	3750.49432
2536.38119	3968.88424
2536.53452	4834.44131
2536.68787	5623.40749
2536.84124	6017.56906
2536.99462	6218.2871
2537.14801	5889.84149
2537.30141	5669.38069
2537.45484	5711.71305
2537.60827	6073.94369
2537.76172	6994.88948
2537.91518	7271.70136
2538.06865	7011.98955
2538.22214	6317.84947
2538.37565	6003.86232
2538.52917	6824.43181
2538.6827	7480.25752
2538.83624	7404.91483
2538.9898	6725.33824
2539.14338	5819.20558
2539.29696	5774.49578
2539.45056	6034.80788
2539.60418	5864.59275
2539.75781	5688.62355
2539.91145	5906.17607
2540.06511	6790.39979
2540.21878	7914.30264
2540.37246	8508.03578
2540.52616	8146.38979
2540.67988	7242.95957
2540.8336	6135.54223
2540.98734	5392.19382
2541.1411	5465.05557
2541.29487	6296.77356
2541.44865	6860.51541
2541.60244	6641.3113
2541.75625	6021.26315
2541.91008	5636.67675
2542.06392	5924.53783
2542.21777	6286.43152
2542.37164	6499.27375
2542.52552	6607.26845
2542.67941	6199.72927
2542.83332	5851.92612
2542.98724	5829.84208
2543.14118	5701.83633
2543.29513	5710.96604
2543.44909	5983.81753
2543.60307	6264.22744
2543.75706	6477.9494
2543.91107	6408.48827
2544.06509	6168.34245
2544.21912	6266.11891
2544.37317	6506.5179
2544.52723	6117.37335
2544.68131	5346.36528
2544.8354	5019.96498
2544.9895	5228.20741
2545.14362	6043.97238
2545.29775	6963.12492
2545.4519	7324.91141
2545.60606	6936.64684
2545.76023	6086.67739
2545.91442	5715.36453
2546.06862	5794.45851
2546.22284	6160.12191
2546.37707	6536.6528
2546.53131	6278.23757
2546.68557	5933.89369
2546.83984	5969.78777
2546.99413	5643.9838
2547.14843	5390.65499
2547.30274	5816.57239
2547.45707	6232.76914
2547.61141	6349.0376
2547.76577	6230.59307
2547.92014	6320.32627
2548.07452	6493.6209
2548.22892	6680.5775
2548.38333	7280.43306
2548.53776	7801.1391
2548.6922	7677.55548
2548.84666	7442.40313
2549.00112	6993.41116
2549.15561	6801.44176
2549.3101	6929.99574
2549.46461	7369.31022
2549.61914	7859.41821
2549.77368	7865.99245
2549.92823	7454.49097
2550.0828	6819.40304
2550.23738	6534.76411
2550.39197	6675.7601
2550.54658	7077.33708
2550.7012	6998.38727
2550.85584	6079.21176
2551.01049	4859.21528
2551.16516	4331.84183
2551.31984	5051.3306
2551.47453	6511.99812
2551.62924	7366.35288
2551.78396	7166.86314
2551.93869	6408.78732
2552.09344	6237.07551
2552.24821	6489.21142
2552.40299	7030.94215
2552.55778	6939.78894
2552.71258	5871.31427
2552.8674	5445.61351
2553.02224	6456.86293
2553.17709	7598.11078
2553.33195	8163.16836
2553.48683	7886.31672
2553.64172	6503.63356
2553.79662	5486.75502
2553.95154	5533.20561
2554.10647	6532.67637
2554.26142	7537.69897
2554.41638	7937.62033
2554.57135	7633.99412
2554.72634	6824.04288
2554.88135	6481.40451
2555.03636	6766.34432
2555.1914	7388.77594
2555.34644	7578.11394
2555.5015	7332.52025
2555.65658	6869.72743
2555.81166	6252.53537
2555.96677	5913.58
2556.12188	6982.9979
2556.27701	8035.10451
2556.43216	8227.41972
2556.58731	7242.38792
2556.74249	5977.11844
2556.89767	5129.80652
2557.05288	5304.40325
2557.20809	6213.97477
2557.36332	6991.81803
2557.51856	7510.0274
2557.67382	7350.41297
2557.82909	6223.89539
2557.98438	5305.73678
2558.13968	5557.61546
2558.29499	6861.69181
2558.45032	8971.32762
2558.60566	10104.87812
2558.76102	9742.15186
2558.91639	7821.90398
2559.07177	6042.4368
2559.22717	5813.26848
2559.38259	6640.46469
2559.53801	7437.69091
2559.69346	7018.12955
2559.84891	5994.08596
2560.00438	5137.73873
2560.15986	5133.95675
2560.31536	5973.99506
2560.47087	6805.30853
2560.6264	6933.14912
2560.78194	6420.22708
2560.9375	6005.36566
2561.09307	5914.65165
2561.24865	6283.01895
2561.40425	6806.30908
2561.55986	7202.27527
2561.71548	7116.3399
2561.87112	6965.93032
2562.02678	6850.58517
2562.18244	6870.32413
2562.33813	6666.48198
2562.49382	6517.74905
2562.64953	6229.30414
2562.80526	6206.33881
2562.961	6216.87123
2563.11675	6506.10466
2563.27252	7380.89377
2563.4283	8052.50793
2563.5841	8167.42761
2563.73991	7554.0377
2563.89573	7010.77205
2564.05157	6976.29356
2564.20742	7870.06727
2564.36329	9007.15933
2564.51917	8968.20671
2564.67507	7943.03529
2564.83098	6454.80769
2564.9869	6183.89905
2565.14284	6977.08748
2565.29879	7805.91751
2565.45476	7796.29059
2565.61074	7366.68617
2565.76673	6665.24126
2565.92274	6306.65023
2566.07877	6777.63085
2566.2348	7561.79003
2566.39085	7948.75968
2566.54692	7433.11391
2566.703	6466.50336
2566.8591	5834.56815
2567.0152	5800.44321
2567.17133	6073.63857
2567.32746	6405.93656
2567.48362	6837.04003
2567.63978	6815.94539
2567.79596	6879.54793
2567.95216	7136.37531
2568.10837	7205.25335
2568.26459	7244.56814
2568.42082	7225.84544
2568.57708	7188.32933
2568.73334	6721.61683
2568.88962	6180.80373
2569.04592	5616.14756
2569.20222	5527.25431
2569.35855	5744.08979
2569.51488	6170.43035
2569.67123	6548.73099
2569.8276	6923.19745
2569.98398	7204.34516
2570.14037	7192.27798
2570.29678	6725.99977
2570.4532	6221.66883
2570.60964	5929.11727
2570.76609	5673.99263
2570.92256	5279.03187
2571.07904	5082.87614
2571.23553	5955.72903
2571.39204	7265.791
2571.54856	7932.65507
2571.7051	7594.07963
2571.86165	6862.82681
2572.01822	6449.87535
2572.1748	6627.8867
2572.33139	7416.50356
2572.488	7804.22807
2572.64462	7038.9689
2572.80126	5335.74724
2572.95791	4123.69191
2573.11457	4113.64497
2573.27125	5586.80306
2573.42795	7420.8992
2573.58466	8258.78364
2573.74138	7358.71834
2573.89812	5677.12561
2574.05487	4931.5421
2574.21163	5519.94314
2574.36841	6545.47192
2574.52521	7377.80366
2574.68202	7289.91056
2574.83884	6388.05306
2574.99568	5960.22319
2575.15253	5975.76696
2575.30939	6180.66529
2575.46628	6291.57042
2575.62317	6578.12993
2575.78008	6730.07654
2575.937	6893.32873
2576.09394	7135.03429
2576.25089	7203.7277
2576.40786	7177.67802
2576.56484	6812.51711
2576.72183	6305.6656
2576.87884	6239.21148
2577.03587	6191.32918
2577.19291	6926.46989
2577.34996	7590.35695
2577.50702	7580.47427
2577.66411	6723.75777
2577.8212	6029.586
2577.97831	5987.93164
2578.13544	6734.59826
2578.29257	7571.1499
2578.44973	7708.51076
2578.6069	7148.1379
2578.76408	6483.40462
2578.92127	6037.58571
2579.07848	5737.85817
2579.23571	6196.42126
2579.39295	6805.38215
2579.5502	6815.28795
2579.70747	6335.44819
2579.86475	5862.77486
2580.02205	5844.24738
2580.17936	6414.01698
2580.33669	7224.80439
2580.49403	7620.16474
2580.65138	7544.99961
2580.80875	6858.41718
2580.96613	6257.51887
2581.12353	5872.50987
2581.28094	6358.82504
2581.43837	7493.00752
2581.59581	8740.69854
2581.75326	8730.70952
2581.91073	7484.24318
2582.06822	5900.21648
2582.22571	5543.72576
2582.38323	6101.61972
2582.54075	7346.81718
2582.6983	7922.72488
2582.85585	7368.94893
2583.01342	6579.49216
2583.17101	6117.18609
2583.32861	6020.58678
2583.48622	6086.72803
2583.64385	6672.43145
2583.80149	6977.24782
2583.95915	6896.59062
2584.11682	6663.54943
2584.27451	6538.3029
2584.43221	6269.77047
2584.58992	5947.5503
2584.74765	5792.73312
2584.90539	5933.77273
2585.06315	6660.07686
2585.22092	7696.60626
2585.37871	8200.32353
2585.53651	7798.9497
2585.69433	6937.34265
2585.85216	6304.24111
2586.01	6047.5839
2586.16786	6657.85239
2586.32574	7296.49616
2586.48362	7451.03078
2586.64153	7029.04438
2586.79944	6542.38625
2586.95737	6205.74749
2587.11532	6057.59045
2587.27328	6079.64836
2587.43126	6043.42551
2587.58925	5590.16706
2587.74725	5260.90612
2587.90527	5684.79496
2588.0633	7056.85941
2588.22135	8202.39347
2588.37941	8345.5212
2588.53748	7555.81728
2588.69558	6292.53778
2588.85368	5626.54416
2589.0118	5691.397
2589.16993	6565.99581
2589.32808	7517.32935
2589.48625	8254.33659
2589.64442	8360.80092
2589.80262	7877.3463
2589.96082	7554.43639
2590.11904	7714.10309
2590.27728	7801.76572
2590.43553	7949.35228
2590.59379	8008.93603
2590.75207	7590.24296
2590.91037	6583.86026
2591.06867	5648.36694
2591.227	5749.23668
2591.38533	6144.96495
2591.54369	6603.43408
2591.70205	6312.32436
2591.86043	5407.4255
2592.01883	5164.84162
2592.17724	5919.15515
2592.33566	6883.26593
2592.4941	7243.1416
2592.65255	6568.34745
2592.81102	5918.89739
2592.9695	5537.02917
2593.128	5661.76286
2593.28651	6151.02277
2593.44504	6564.00322
2593.60358	6311.71245
2593.76213	5801.1242
2593.9207	5697.33601
2594.07929	6054.86407
2594.23789	6865.59468
2594.3965	7562.70801
2594.55513	7569.9465
2594.71377	6638.27821
2594.87243	5478.82963
2595.0311	4744.4243
2595.18978	4704.13146
2595.34848	5570.41849
2595.5072	6298.31399
2595.66593	6415.39173
2595.82467	6118.90865
2595.98343	5220.576
2596.1422	4872.87833
2596.30099	5143.59652
2596.45979	5837.58592
2596.61861	6582.95041
2596.77744	6932.30167
2596.93629	6958.17239
2597.09515	6932.64324
2597.25402	7222.57796
2597.41291	7583.56794
2597.57182	7758.99611
2597.73074	7189.96032
2597.88967	6169.06283
2598.04862	5673.96031
2598.20758	5672.20839
2598.36656	6691.43119
2598.52555	8273.36847
2598.68456	8634.43528
2598.84358	7671.76361
2599.00262	6436.24021
2599.16167	6164.35491
2599.32073	7474.87199
2599.47981	8770.39594
2599.6389	8944.99321
2599.79801	7767.61747
2599.95714	6305.28091
2600.11627	5596.29373
2600.27543	5936.37685
2600.43459	7261.99545
2600.59378	7943.90162
2600.75297	7684.13621
2600.91218	7106.09429
2601.07141	6326.04641
2601.23065	6171.37964
2601.3899	6219.20037
2601.54917	6532.00387
2601.70846	6842.4609
2601.86776	6968.34311
2602.02707	7140.47928
2602.1864	7025.49931
2602.34574	6775.16601
2602.5051	6257.34772
2602.66447	5446.70401
2602.82386	4714.73932
2602.98326	4704.54728
2603.14267	5486.68637
2603.3021	6805.24708
2603.46155	7629.79749
2603.62101	7639.29182
2603.78048	7429.96902
2603.93997	7336.98457
2604.09948	7293.73292
2604.259	7281.86354
2604.41853	6976.45855
2604.57808	6745.2129
2604.73764	6560.97902
2604.89722	7016.42292
2605.05681	7191.54684
2605.21641	7220.71358
2605.37603	6999.35526
2605.53567	6091.38786
2605.69532	5000.961
2605.85499	5089.491
2606.01467	6516.85351
2606.17436	8357.92932
2606.33407	9508.71736
2606.49379	8950.77948
2606.65353	7498.50048
2606.81328	6260.53147
2606.97305	5867.07749
2607.13284	6170.33385
2607.29263	6999.19912
2607.45244	7483.56739
2607.61227	7276.00469
2607.77211	6462.44985
2607.93197	5567.88673
2608.09184	5098.0859
2608.25172	5211.69804
2608.41162	5897.81915
2608.57154	6660.56861
2608.73147	6940.75516
2608.89141	6648.56556
2609.05137	6612.69334
2609.21135	7097.16193
2609.37133	7860.71679
2609.53134	7828.39615
2609.69136	7123.38799
2609.85139	6085.42857
2610.01144	5621.72729
2610.1715	6185.02137
2610.33157	7098.04181
2610.49167	7368.14986
2610.65177	6658.42427
2610.81189	5601.28882
2610.97203	5170.52396
2611.13218	5622.41586
2611.29234	7066.83333
2611.45252	7942.31471
2611.61272	8086.32095
2611.77293	7684.45405
2611.93315	7052.88324
2612.09339	6910.0366
2612.25364	7358.21328
2612.41391	7657.58509
2612.57419	7001.75994
2612.73449	6125.19632
2612.89481	5914.66073
2613.05513	6630.80723
2613.21547	8026.00049
2613.37583	9184.27688
2613.5362	8994.59096
2613.69659	7510.18957
2613.85699	6047.52812
2614.01741	5363.79475
2614.17784	6058.92808
2614.33828	7129.87522
2614.49874	7678.23249
2614.65922	7504.7208
2614.81971	6857.08924
2614.98021	6780.47581
2615.14073	7134.92111
2615.30126	7889.40718
2615.46181	8495.18167
2615.62238	8204.64725
2615.78296	7190.2532
2615.94355	6537.54164
2616.10416	6876.42972
2616.26478	7661.01918
2616.42542	8219.86539
2616.58607	8187.33787
2616.74674	7365.66656
2616.90742	6491.67712
2617.06812	6581.82744
2617.22883	7132.13136
2617.38955	7373.98637
2617.55029	7218.14878
2617.71105	6993.19445
2617.87182	6803.52529
2618.03261	7026.69358
2618.19341	7562.72687
2618.35422	8026.60698
2618.51505	7870.75159
2618.6759	7060.17359
2618.83676	6418.2103
2618.99763	6322.75787
2619.15852	6370.4429
2619.31943	7342.43378
2619.48034	8572.1905
2619.64128	9319.85419
2619.80223	9033.62954
2619.96319	7899.34533
2620.12417	6883.75109
2620.28516	6783.27317
2620.44617	6891.90355
2620.60719	6578.0021
2620.76823	5987.96145
2620.92928	5639.91532
2621.09035	5765.32398
2621.25143	6509.07106
2621.41253	7265.94867
2621.57364	7442.09937
2621.73477	7190.31323
2621.89591	7251.85844
2622.05707	7129.44758
2622.21824	6902.29321
2622.37942	6619.11582
2622.54062	6252.8788
2622.70184	5943.88664
2622.86307	6000.44725
2623.02432	6345.09614
2623.18558	6518.21728
2623.34685	6622.93899
2623.50814	7013.29754
2623.66945	7171.83428
2623.83077	7419.11985
2623.9921	7457.25127
2624.15345	7071.16256
2624.31482	6412.53631
2624.4762	6099.67197
2624.63759	5961.09917
2624.799	5614.99851
2624.96043	5628.07031
2625.12186	6278.39567
2625.28332	6886.25742
2625.44479	7176.88733
2625.60627	6786.14738
2625.76777	6419.21776
2625.92928	6244.40689
2626.09081	6523.84633
2626.25236	7250.50789
2626.41391	7736.20598
2626.57549	7332.97069
2626.73708	6522.67261
2626.89868	5734.05287
2627.0603	5443.04662
2627.22193	6119.05707
2627.38358	7186.93746
2627.54524	7986.05005
2627.70692	8063.88615
2627.86861	7506.2662
2628.03032	6795.10813
2628.19204	6729.17812
2628.35378	6819.72061
2628.51553	6893.48494
2628.6773	6690.93799
2628.83908	6163.66066
2629.00088	5816.55913
2629.16269	6672.97338
2629.32451	7913.38897
2629.48636	8578.83431
2629.64821	8096.36354
2629.81009	6779.25881
2629.97197	5463.19965
2630.13387	4680.33229
2630.29579	4929.64352
2630.45772	6374.21773
2630.61967	7758.14363
2630.78163	8100.41334
2630.94361	7102.22696
2631.1056	5800.7006
2631.2676	5378.80108
2631.42963	6179.88242
2631.59166	7434.84744
2631.75371	7724.00568
2631.91578	7070.23197
2632.07786	6558.32594
2632.23996	7038.11529
2632.40207	7965.84155
2632.56419	8469.36852
2632.72633	7737.78705
2632.88849	6886.80528
2633.05066	6066.5148
2633.21285	6030.4773
2633.37505	7293.93533
2633.53727	8345.60333
2633.6995	8630.9215
2633.86174	8096.63436
2634.024	6827.70013
2634.18628	5691.26728
2634.34857	5662.92299
2634.51088	6839.16542
2634.6732	7666.9965
2634.83553	7485.80371
2634.99788	6504.76493
2635.16025	5498.83892
2635.32263	5055.74177
2635.48503	5636.2171
2635.64744	6571.91165
2635.80986	7381.76509
2635.9723	7641.20346
2636.13476	7112.54209
2636.29723	6326.63786
2636.45972	5784.43707
2636.62222	5709.76436
2636.78474	5999.01547
2636.94727	6619.40313
2637.10981	7093.83017
2637.27237	7400.52968
2637.43495	7290.91107
2637.59754	7028.11412
2637.76015	6768.43321
2637.92277	6622.12503
2638.08541	6927.97387
2638.24806	7637.29001
2638.41072	8466.06921
2638.57341	8626.58485
2638.7361	7884.90467
2638.89881	6713.30569
2639.06154	5925.64638
2639.22428	5999.36543
2639.38704	6352.9017
2639.54981	7170.1902
2639.7126	7664.5877
2639.8754	7427.2127
2640.03822	6960.80431
2640.20105	6627.74183
2640.3639	6903.08911
2640.52676	7366.59137
2640.68964	7895.07896
2640.85253	8105.86656
2641.01544	7914.44299
2641.17836	7608.95681
2641.3413	7359.46211
2641.50425	6955.97711
2641.66722	6188.37552
2641.8302	5538.51905
2641.9932	5640.289
2642.15621	6092.05803
2642.31924	6771.03421
2642.48228	7505.47072
2642.64534	7853.07793
2642.80841	7540.09247
2642.9715	6801.99504
2643.1346	6333.62411
2643.29772	6438.66118
2643.46086	6946.75005
2643.62401	7446.75412
2643.78717	7562.05138
2643.95035	7460.81554
2644.11354	7745.12698
2644.27675	7962.97335
2644.43998	8124.97606
2644.60322	8403.00402
2644.76647	8483.88746
2644.92974	8305.83631
2645.09303	7936.96317
2645.25633	8311.72691
2645.41964	8253.21439
2645.58297	7916.14679
2645.74632	7323.35187
2645.90968	6913.99678
2646.07305	6893.5627
2646.23644	7400.88558
2646.39985	7901.14383
2646.56327	7998.24584
2646.72671	7308.9842
2646.89016	6291.30567
2647.05362	6150.29118
2647.2171	7069.15315
2647.3806	8161.75173
2647.54411	8577.80018
2647.70764	7542.55278
2647.87118	5846.88549
2648.03474	4844.2617
2648.19831	4928.47541
2648.3619	5892.31863
2648.5255	7676.50875
2648.68912	8835.94848
2648.85275	8734.9382
2649.0164	7720.18169
2649.18007	6921.30165
2649.34374	7016.54297
2649.50744	7547.48707
2649.67115	7952.70909
2649.83487	7561.47223
2649.99861	6695.55963
2650.16237	6699.95468
2650.32613	7643.36292
2650.48992	8337.82651
2650.65372	8603.13618
2650.81753	8298.9258
2650.98137	7378.87784
2651.14521	7303.25735
2651.30907	7932.65321
2651.47295	8999.23633
2651.63684	9088.80506
2651.80074	7829.52044
2651.96467	6456.5122
2652.1286	5606.36347
2652.29256	5984.70059
2652.45652	7079.18289
2652.6205	8104.57128
2652.7845	8585.55662
2652.94852	8354.8434
2653.11254	7696.94206
2653.27659	6681.62371
2653.44064	6151.09638
2653.60472	6181.93618
2653.76881	6079.03877
2653.93291	5989.51644
2654.09703	6015.69943
2654.26117	6138.43704
2654.42531	6893.91274
2654.58948	7981.49666
2654.75366	8161.59188
2654.91786	7479.5112
2655.08207	6473.23978
2655.24629	5836.37909
2655.41053	6365.7283
2655.57479	7430.20088
2655.73906	8463.29253
2655.90335	9466.50472
2656.06765	9805.83599
2656.23197	9517.1997
2656.3963	9040.54159
2656.56065	8757.54619
2656.72501	7851.78937
2656.88939	7013.69246
2657.05378	7043.37273
2657.21819	7329.31427
2657.38262	7906.01352
2657.54706	7783.25473
2657.71151	7213.25255
2657.87598	6530.57394
2658.04047	6628.96442
2658.20497	7195.05213
2658.36948	8322.24865
2658.53401	9480.06178
2658.69856	9683.31693
2658.86312	9106.9459
2659.0277	8035.84121
2659.19229	7339.79182
2659.3569	7143.62772
2659.52152	7129.92213
2659.68616	6997.34193
2659.85081	6916.00011
2660.01548	6847.96704
2660.18016	6950.74744
2660.34486	7662.5998
2660.50958	7946.64803
2660.67431	8144.07348
2660.83905	7975.40283
2661.00381	7670.55903
2661.16859	7770.70573
2661.33338	7751.2688
2661.49818	7706.14814
2661.66301	7469.792
2661.82784	7208.26782
2661.9927	7220.11289
2662.15756	7310.81396
2662.32245	7043.95117
2662.48734	6446.88482
2662.65226	6346.86881
2662.81719	6686.54411
2662.98213	6800.23944
2663.14709	6634.30483
2663.31206	6413.46962
2663.47705	6627.38525
2663.64206	6751.75508
2663.80708	6708.20437
2663.97212	6746.69816
2664.13717	7114.28745
2664.30223	7891.76375
2664.46732	8407.97713
2664.63241	7617.50321
2664.79753	6161.05849
2664.96266	5359.73166
2665.1278	5634.68118
2665.29296	6212.9776
2665.45813	6846.59484
2665.62332	7023.374
2665.78853	6759.39586
2665.95375	6561.60273
2666.11898	6738.00382
2666.28423	7409.58982
2666.4495	7961.49258
2666.61478	7798.06649
2666.78008	7263.04846
2666.94539	7218.15895
2667.11072	7259.32081
2667.27606	7339.36249
2667.44142	7197.37012
2667.60679	6498.10811
2667.77218	5599.94866
2667.93759	5435.92248
2668.10301	6351.60967
2668.26844	7363.24922
2668.43389	7985.95663
2668.59936	7631.38712
2668.76484	6754.96963
2668.93034	6323.38139
2669.09585	6582.89798
2669.26138	7532.89374
2669.42692	8199.20202
2669.59248	8128.15257
2669.75806	7468.05754
2669.92365	6762.15172
2670.08925	6352.80791
2670.25487	6907.51577
2670.42051	7834.41043
2670.58616	8927.79758
2670.75182	9312.80744
2670.91751	8679.59286
2671.0832	7566.92141
2671.24892	6840.62241
2671.41464	6580.48549
2671.58039	6763.18614
2671.74615	6905.33024
2671.91192	7107.46819
2672.07771	7451.36171
2672.24352	7912.99547
2672.40934	8284.08899
2672.57517	8736.01767
2672.74102	8997.10974
2672.90689	8476.14589
2673.07277	8336.46954
2673.23867	8492.75881
2673.40459	8306.21657
2673.57051	8329.38199
2673.73646	7972.11173
2673.90242	7413.70747
2674.06839	6989.29402
2674.23438	7115.01285
2674.40039	7488.99589
2674.56641	7703.25301
2674.73245	7649.98395
2674.8985	7599.43873
2675.06457	8222.57252
2675.23065	9297.73857
2675.39675	9591.90581
2675.56287	8695.44961
2675.729	7325.54626
2675.89514	6435.53825
2676.0613	6379.3545
2676.22748	7070.13808
2676.39367	7676.72092
2676.55988	7467.26659
2676.7261	6398.21582
2676.89234	6056.56968
2677.05859	6032.46403
2677.22486	6526.59689
2677.39115	7063.89311
2677.55745	7610.30113
2677.72376	7470.59652
2677.89009	7399.8411
2678.05644	7355.39819
2678.2228	7215.06474
2678.38918	7178.56854
2678.55557	7377.29617
2678.72198	7343.47426
2678.8884	6794.4745
2679.05484	6361.65899
2679.2213	6410.7825
2679.38777	6677.51711
2679.55426	6961.98619
2679.72076	7199.27886
2679.88727	7140.41514
2680.05381	6922.08423
2680.22036	7397.17964
2680.38692	7593.85343
2680.5535	7156.24426
2680.72009	6714.12083
2680.8867	6675.47685
2681.05333	7413.76379
2681.21997	8048.38851
2681.38663	7984.24946
2681.5533	7190.06258
2681.71999	6783.1013
2681.88669	6727.04392
2682.05341	6768.76776
2682.22015	6805.64384
2682.3869	7112.42674
2682.55366	6920.00021
2682.72044	6416.52985
2682.88724	6124.73489
2683.05405	6256.37411
2683.22088	6842.92816
2683.38772	7253.51368
2683.55458	7453.80437
2683.72146	6976.68547
2683.88835	6119.67585
2684.05525	5627.88686
2684.22218	5688.05707
2684.38911	5788.53176
2684.55607	5600.89908
2684.72303	5279.15797
2684.89002	4940.28908
2685.05702	5031.40399
2685.22403	5661.92365
2685.39106	6334.90855
2685.55811	6783.89031
2685.72517	6738.66854
2685.89225	6046.26094
2686.05934	5857.2164
2686.22645	7053.69206
2686.39357	8587.4604
2686.56071	9293.53157
2686.72787	8656.7224
2686.89504	7143.7254
2687.06222	6176.20561
2687.22943	6366.11349
2687.39664	7155.53589
2687.56388	7901.23881
2687.73113	8147.92351
2687.89839	7762.04964
2688.06567	7488.04294
2688.23297	7404.29288
2688.40028	7164.62629
2688.5676	7067.29317
2688.73495	6809.43715
2688.9023	6265.35301
2689.06968	6053.87964
2689.23707	6364.79653
2689.40447	6764.4809
2689.57189	6954.66332
2689.73933	6956.43202
2689.90678	6971.69896
2690.07425	7751.93987
2690.24173	8397.67801
2690.40923	8526.13834
2690.57675	8192.57258
2690.74428	7455.03755
2690.91182	6905.88269
2691.07938	7345.34611
2691.24696	8387.91716
2691.41455	8943.75631
2691.58216	8585.65693
2691.74979	7523.59064
2691.91743	6808.74792
2692.08508	6690.96533
2692.25275	6984.34553
2692.42044	7110.23442
2692.58814	6594.9699
2692.75586	5966.68524
2692.92359	5633.36498
2693.09134	6446.2866
2693.25911	7586.39277
2693.42689	8645.60374
2693.59468	8565.27451
2693.7625	7777.09753
2693.93032	7073.41833
2694.09817	6924.67802
2694.26603	7683.41482
2694.4339	8506.43355
2694.60179	8238.87637
2694.7697	7638.52798
2694.93762	7122.11182
2695.10556	7062.30034
2695.27351	7344.31261
2695.44148	7505.83609
2695.60946	7065.98941
2695.77746	6375.04612
2695.94548	6292.19851
2696.11351	6757.06682
2696.28156	7469.92762
2696.44962	8165.18798
2696.6177	8646.149
2696.7858	8528.63494
2696.95391	8178.9851
2697.12203	7530.57216
2697.29018	7163.89874
2697.45833	7626.88618
2697.62651	8384.92725
2697.7947	8099.85864
2697.9629	7152.54209
2698.13112	6092.87004
2698.29936	6176.27857
2698.46761	7353.95781
2698.63588	8211.71093
2698.80416	8854.92349
2698.97246	9072.02405
2699.14077	8936.74513
2699.3091	8715.28259
2699.47745	8433.04024
2699.64581	7655.14386
2699.81419	6891.09586
2699.98258	6971.66249
2700.15099	7479.13556
2700.31942	7798.75738
2700.48786	7806.40289
2700.65632	7368.87325
2700.82479	7015.20126
2700.99328	7384.28178
2701.16178	8038.8371
2701.3303	8179.76708
2701.49884	7823.16798
2701.66739	7338.50566
2701.83596	6947.05032
2702.00454	7052.73963
2702.17314	7737.93631
2702.34175	8474.11367
2702.51038	8744.71225
2702.67903	8465.50658
2702.84769	7785.09931
2703.01637	7327.23063
2703.18506	7878.43197
2703.35377	8697.76529
2703.52249	9375.61853
2703.69123	8879.45273
2703.85999	7715.07787
2704.02876	6835.81188
2704.19755	6891.61199
2704.36636	7489.11251
2704.53518	7361.2521
2704.70401	6539.26969
2704.87286	5781.42518
2705.04173	5506.26431
2705.21061	6345.96254
2705.37951	7455.27709
2705.54843	8215.56369
2705.71736	8079.69046
2705.8863	7207.90051
2706.05526	7197.75365
2706.22424	7867.92416
2706.39324	8318.77462
2706.56225	8324.05869
2706.73127	7624.95747
2706.90031	7227.95753
2707.06937	7413.90981
2707.23844	7492.12063
2707.40753	7672.26062
2707.57664	7456.46904
2707.74576	7195.14734
2707.91489	7084.68972
2708.08404	7272.96709
2708.25321	7423.27697
2708.4224	7488.83518
2708.5916	7219.98223
2708.76081	6729.79831
2708.93004	6431.8426
2709.09929	6930.32155
2709.26855	7288.91115
2709.43783	7409.86315
2709.60713	7259.31114
2709.77644	6792.67175
2709.94576	6058.6201
2710.11511	5926.98971
2710.28447	6527.10376
2710.45384	6849.39637
2710.62323	6955.21628
2710.79264	6999.05147
2710.96206	7139.48652
2711.13149	7623.03332
2711.30095	8398.5927
2711.47042	9085.04148
2711.6399	9116.59908
2711.8094	8253.5405
2711.97892	7538.59752
2712.14845	6909.3967
2712.318	6166.92103
2712.48757	5693.73952
2712.65715	5255.97498
2712.82675	5080.84267
2712.99636	5522.85445
2713.16599	6816.90879
2713.33563	7994.52518
2713.50529	8356.95278
2713.67497	8112.12068
2713.84466	7330.57126
2714.01437	6605.59514
2714.18409	6190.21487
2714.35383	6241.32508
2714.52359	6246.64898
2714.69336	5946.47764
2714.86315	5597.39795
2715.03295	5614.57118
2715.20277	6265.19994
2715.37261	7165.06313
2715.54246	7527.14846
2715.71232	7076.18075
2715.88221	6530.15195
2716.05211	6384.20993
2716.22202	6605.02101
2716.39195	6653.39122
2716.5619	6457.06627
2716.73186	6104.98057
2716.90184	6007.40732
2717.07184	6458.08706
2717.24185	6937.8339
2717.41188	7395.26208
2717.58192	7478.66789
2717.75198	7032.78785
2717.92205	6379.35426
2718.09214	6348.87266
2718.26225	7163.31164
2718.43237	8113.67038
2718.60251	8632.45723
2718.77266	8700.01608
2718.94283	8316.51732
2719.11302	7533.30424
2719.28322	6665.15071
2719.45344	6568.91865
2719.62368	7217.18576
2719.79393	7810.71578
2719.96419	7455.3854
2720.13448	6972.50481
2720.30477	6537.37291
2720.47509	6775.28541
2720.64542	7004.15369
2720.81577	7212.70926
2720.98613	7370.11444
2721.15651	7164.12185
2721.3269	6553.66718
2721.49731	6326.2627
2721.66774	6330.25176
2721.83818	6861.67845
2722.00864	7351.05037
2722.17911	7883.48276
2722.3496	8646.48592
2722.52011	8786.74737
2722.69063	8437.52291
2722.86117	8231.99611
2723.03172	7747.89751
2723.2023	7187.87849
2723.37288	6517.405
2723.54348	6124.1692
2723.7141	6160.91029
2723.88474	5923.5794
2724.05539	5752.8656
2724.22606	5878.10017
2724.39674	6366.58528
2724.56744	7498.71303
2724.73815	8196.05194
2724.90888	8095.75253
2725.07963	7413.74351
2725.25039	6526.81838
2725.42117	6691.82365
2725.59197	8026.36285
2725.76278	9052.46867
2725.93361	9324.99431
2726.10445	9116.26205
2726.27531	8755.68489
2726.44618	8426.24135
2726.61707	8258.5329
2726.78798	7923.17872
2726.95891	7094.71489
2727.12985	6307.01121
2727.3008	6535.4719
2727.47177	7145.53465
2727.64276	8035.92897
2727.81377	8240.35389
2727.98479	7830.22963
2728.15582	7348.16616
2728.32687	7479.30219
2728.49794	8012.26903
2728.66903	8395.92207
2728.84013	8347.81565
2729.01124	7819.23732
2729.18238	7399.59428
2729.35353	7839.88479
2729.52469	8211.01701
2729.69587	8075.76218
2729.86707	7791.7884
2730.03828	7807.82666
2730.20951	8548.67353
2730.38076	9059.50698
2730.55202	8839.89465
2730.7233	8424.78961
2730.89459	7885.15405
2731.0659	7524.54466
2731.23722	7474.98509
2731.40857	7711.12724
2731.57993	8106.3287
2731.7513	8274.37698
2731.92269	7882.44259
2732.0941	7258.41501
2732.26552	6754.95088
2732.43696	6668.76713
2732.60841	6981.59296
2732.77988	7461.9439
2732.95137	7930.09869
2733.12288	7988.99893
2733.2944	7573.53018
2733.46593	7604.08983
2733.63748	7506.99941
2733.80905	7512.89724
2733.98063	7814.23089
2734.15224	8404.98595
2734.32385	8975.88743
2734.49548	9133.99828
2734.66713	8603.92821
2734.8388	7928.05796
2735.01048	7544.32406
2735.18218	7696.75352
2735.35389	7881.05763
2735.52562	7700.1157
2735.69737	7347.06941
2735.86913	6663.46248
2736.04091	6440.62449
2736.2127	7205.67263
2736.38451	8364.65118
2736.55634	8917.80483
2736.72818	8396.6508
2736.90004	7449.69738
2737.07191	7201.26198
2737.24381	7844.7643
2737.41571	9372.60776
2737.58764	10200.61648
2737.75958	10082.31254
2737.93153	9011.80593
2738.10351	7853.77586
2738.2755	7325.74581
2738.4475	7564.01715
2738.61952	8281.48611
2738.79156	8855.74578
2738.96361	8873.45929
2739.13568	8545.43473
2739.30777	8012.37694
2739.47987	7607.11346
2739.65199	7370.89934
2739.82412	7118.84384
2739.99627	7388.1346
2740.16844	7981.93083
2740.34062	8600.94739
2740.51282	9569.30085
2740.68504	9602.41124
2740.85727	8536.507
2741.02952	7336.34135
2741.20178	6888.53834
2741.37406	7491.97782
2741.54636	8484.27795
2741.71867	8990.4249
2741.891	8526.56657
2742.06335	7895.08154
2742.23571	7734.59197
2742.40809	7945.87161
2742.58048	7907.00614
2742.75289	7273.96607
2742.92532	6295.32802
2743.09776	5368.84376
2743.27022	5138.56967
2743.4427	6066.20244
2743.61519	7330.6206
2743.7877	7781.23305
2743.96022	7504.57553
2744.13277	7643.53567
2744.30532	8344.4619
2744.4779	9033.27082
2744.65049	9367.50955
2744.82309	8998.22456
2744.99571	8227.48731
2745.16835	7485.21729
2745.34101	7075.24037
2745.51368	6982.18739
2745.68637	6999.2204
2745.85907	6757.40798
2746.03179	6588.32838
2746.20453	6648.59004
2746.37728	6974.14765
2746.55005	7648.02661
2746.72283	8296.24879
2746.89563	8730.69768
2747.06845	8544.97648
2747.24128	7924.6735
2747.41414	7409.31464
2747.587	7277.66601
2747.75988	7792.50897
2747.93278	8379.3037
2748.1057	8489.17147
2748.27863	8354.66491
2748.45158	8043.40583
2748.62454	7757.41059
2748.79753	7889.66743
2748.97052	7787.18176
2749.14354	7906.90147
2749.31657	8151.55806
2749.48961	8614.07072
2749.66268	8969.70812
2749.83575	8933.80656
2750.00885	8221.05617
2750.18196	7334.79424
2750.35509	6913.4814
2750.52823	7106.45558
2750.70139	6657.36866
2750.87457	6155.49644
2751.04776	6107.54826
2751.22097	6549.30077
2751.3942	7526.36324
2751.56744	7903.56094
2751.7407	7603.61773
2751.91398	7065.23203
2752.08727	7086.4707
2752.26058	7676.01139
2752.4339	7807.32237
2752.60724	7534.17047
2752.7806	6964.42994
2752.95397	6542.22639
2753.12736	6799.78837
2753.30077	7094.06126
2753.47419	7192.59939
2753.64763	7532.45896
2753.82108	7776.94534
2753.99456	7643.70241
2754.16804	7390.1398
2754.34155	7465.51103
2754.51507	7795.49535
2754.68861	8251.85968
2754.86216	8329.71521
2755.03573	7845.27705
2755.20932	7336.84569
2755.38292	7345.32514
2755.55654	7773.78482
2755.73018	8114.59141
2755.90383	7999.71666
2756.0775	8087.95007
2756.25118	8046.92474
2756.42488	8230.89391
2756.5986	8562.74085
2756.77233	8643.3329
2756.94609	8207.28071
2757.11985	7875.94568
2757.29364	7601.97806
2757.46744	7535.57997
2757.64125	7899.59415
2757.81508	8230.58386
2757.98893	8485.24031
2758.1628	8435.78948
2758.33668	8118.15249
2758.51058	7639.62665
2758.6845	7050.59427
2758.85843	6911.34824
2759.03237	7238.59773
2759.20634	7574.68963
2759.38032	8503.61775
2759.55432	9165.84514
2759.72833	8946.44214
2759.90236	7815.68053
2760.07641	6426.50923
2760.25047	6392.30951
2760.42455	7200.14437
2760.59865	8002.71433
2760.77276	7933.51442
2760.94689	6916.30267
2761.12103	5775.23559
2761.2952	5804.29867
2761.46937	7144.05943
2761.64357	8680.93164
2761.81778	8624.72318
2761.99201	8426.27631
2762.16625	8133.91523
2762.34051	8245.65056
2762.51479	8337.06462
2762.68908	7925.61488
2762.8634	7427.74545
2763.03772	7395.78281
2763.21207	7889.71825
2763.38643	8178.03066
2763.5608	8441.91358
2763.73519	8118.77183
2763.9096	8003.52426
2764.08403	8703.58825
2764.25847	9449.61664
2764.43293	10102.16798
2764.60741	10314.1705
2764.7819	9846.28595
2764.95641	9307.88429
2765.13093	8824.14535
2765.30547	8400.61083
2765.48003	8104.41165
2765.65461	7980.87837
2765.8292	8168.67834
2766.0038	8674.02399
2766.17843	9123.23414
2766.35307	9425.03928
2766.52773	9389.17777
2766.7024	8667.7324
2766.87709	7760.04822
2767.0518	6708.03831
2767.22652	6508.98598
2767.40126	7185.3436
2767.57602	7926.66461
2767.75079	8557.49745
2767.92558	8492.88843
2768.10039	7764.15287
2768.27521	7116.74073
2768.45005	6729.64138
2768.6249	6909.77369
2768.79978	7183.44287
2768.97467	7471.2434
2769.14957	7928.91665
2769.32449	8570.02094
2769.49943	8813.13946
2769.67439	8592.36675
2769.84936	7786.45286
2770.02435	7154.25188
2770.19935	7544.06169
2770.37437	8843.99235
2770.54941	9642.41196
2770.72447	9358.12836
2770.89954	8568.65884
2771.07463	7441.07586
2771.24973	7114.19245
2771.42485	7804.20784
2771.59999	8146.03332
2771.77514	7604.06521
2771.95032	6764.26205
2772.1255	6712.09694
2772.30071	7124.28335
2772.47593	7465.35574
2772.65117	7301.91996
2772.82642	6817.05834
2773.00169	6812.30463
2773.17698	7398.98098
2773.35228	8231.22523
2773.5276	8613.17398
2773.70294	8630.35357
2773.87829	8132.82367
2774.05366	7721.75072
2774.22905	7748.57847
2774.40445	7760.49283
2774.57987	7614.24369
2774.75531	7184.99395
2774.93076	6842.13336
2775.10623	7130.54261
2775.28172	8086.66864
2775.45723	9210.3592
2775.63275	9325.75235
2775.80828	8610.67936
2775.98384	7465.74778
2776.15941	7180.20424
2776.33499	8009.10652
2776.5106	8943.10581
2776.68622	9017.46982
2776.86185	7769.22797
2777.03751	6556.3849
2777.21318	6255.65431
2777.38886	7139.72372
2777.56457	8740.95785
2777.74029	9364.81714
2777.91602	8819.78867
2778.09178	8050.5622
2778.26755	7647.73937
2778.44333	8022.36715
2778.61914	8112.96428
2778.79496	7857.01472
2778.97079	7433.8187
2779.14665	7043.12247
2779.32252	7273.73122
2779.49841	7625.14864
2779.67431	7920.70698
2779.85023	7364.99918
2780.02617	6530.76877
2780.20212	6362.48962
2780.37809	6911.82373
2780.55408	7826.50929
2780.73008	8797.42375
2780.9061	9104.18724
2781.08214	8742.1398
2781.25819	8101.20745
2781.43426	7674.41977
2781.61035	7373.13703
2781.78646	6858.31468
2781.96258	6304.66811
2782.13871	6268.30049
2782.31487	7098.40926
2782.49104	7756.81018
2782.66723	7874.36268
2782.84343	7571.28861
2783.01965	6880.49551
2783.19589	6908.79425
2783.37215	7489.18684
2783.54842	8052.97876
2783.72471	7990.81888
2783.90101	7554.88912
2784.07733	7684.51718
2784.25367	8146.25796
2784.43003	8519.71398
2784.6064	8587.79235
2784.78279	8524.59696
2784.95919	8342.82654
2785.13561	7914.33849
2785.31205	7275.68961
2785.48851	6733.21928
2785.66498	6168.57925
2785.84147	6305.53631
2786.01798	7290.76451
2786.1945	8636.10666
2786.37104	9850.24169
2786.5476	10045.55561
2786.72417	9197.4629
2786.90076	8197.96727
2787.07737	8031.7009
2787.25399	8186.31706
2787.43063	8474.97117
2787.60729	8480.91292
2787.78396	7924.84269
2787.96065	7547.84645
2788.13736	7866.42696
2788.31409	8328.53196
2788.49083	8902.26831
2788.66758	8617.48074
2788.84436	8115.46472
2789.02115	7733.68639
2789.19796	8038.18663
2789.37478	8341.84845
2789.55163	8334.08397
2789.72849	8124.37038
2789.90536	7742.8054
2790.08225	7420.13809
2790.25916	7471.0791
2790.43609	7483.40588
2790.61303	7680.72665
2790.78999	7792.92786
2790.96697	7701.41313
2791.14396	7328.02855
2791.32097	7525.79699
2791.498	8282.65189
2791.67504	8848.6631
2791.8521	9063.33291
2792.02918	8934.76845
2792.20628	8288.11254
2792.38339	7874.05834
2792.56052	7613.17857
2792.73766	7201.53151
2792.91482	7146.70636
2793.092	6987.73947
2793.2692	6425.2857
2793.44641	6544.94031
2793.62364	6836.75347
2793.80089	7181.54979
2793.97815	7511.78034
2794.15543	7932.63041
2794.33273	8369.03736
2794.51004	8661.93744
2794.68737	8369.63893
2794.86472	7805.69479
2795.04208	7336.38498
2795.21946	7566.58652
2795.39686	8181.11012
2795.57428	8732.06478
2795.75171	8487.35555
2795.92916	8022.97095
2796.10662	7199.85382
2796.28411	6801.73234
2796.46161	7396.0892
2796.63912	7945.35904
2796.81666	8205.76819
2796.99421	7810.77421
2797.17177	7099.5407
2797.34936	6858.92932
2797.52696	7045.1791
2797.70458	7472.81034
2797.88221	7886.35705
2798.05986	8147.6144
2798.23753	8162.07183
2798.41522	7966.79608
2798.59292	7875.37458
2798.77064	7840.03407
2798.94837	7976.11191
2799.12613	8390.70607
2799.3039	8527.17409
2799.48169	8354.90212
2799.65949	8386.87407
2799.83731	8837.85312
2800.01515	9211.4567
2800.193	9714.80341
2800.37087	9497.54356
2800.54876	8701.41883
2800.72667	7663.71648
2800.90459	6806.54742
2801.08253	6450.31067
2801.26049	6579.54058
2801.43846	7169.35633
2801.61645	7956.02214
2801.79446	8052.50409
2801.97248	7471.75957
2802.15053	7125.61307
2802.32858	7102.12708
2802.50666	7696.02178
2802.68475	8003.82239
2802.86286	7392.8349
2803.04099	6709.20956
2803.21913	6718.91187
2803.39729	7662.27956
2803.57547	8961.95267
2803.75366	9438.29068
2803.93187	9162.24519
2804.1101	8963.02463
2804.28835	9079.26571
2804.46661	9037.24728
2804.64489	8367.29496
2804.82319	7324.20207
2805.0015	7058.51434
2805.17983	7621.22076
2805.35818	8884.42643
2805.53654	9651.73132
2805.71492	9634.89089
2805.89332	9112.67871
2806.07173	8892.20244
2806.25017	8912.29749
2806.42862	8985.48497
2806.60708	8738.07843
2806.78557	8167.72004
2806.96407	7913.65594
2807.14258	8287.19335
2807.32112	8756.13992
2807.49967	8872.46936
2807.67824	8605.71885
2807.85682	8266.44802
2808.03543	7996.57012
2808.21405	7746.13031
2808.39268	7358.83608
2808.57134	6932.92489
2808.75001	6843.0149
2808.92869	7110.66663
2809.1074	7468.5815
2809.28612	8180.98121
2809.46486	9078.30941
2809.64362	9902.84693
2809.82239	9958.51947
2810.00118	9049.42455
2810.17999	8056.2882
2810.35881	7705.4342
2810.53765	8231.67596
2810.71651	8850.86862
2810.89539	9016.19098
2811.07428	9094.84396
2811.25319	8747.53731
2811.43212	8412.1103
2811.61106	8112.50404
2811.79002	7794.50373
2811.969	7717.32703
2812.14799	7609.92046
2812.32701	7780.29278
2812.50604	7909.08159
2812.68508	7859.77374
2812.86414	8039.69938
2813.04323	7741.25033
2813.22232	7121.08094
2813.40144	7050.25994
2813.58057	7974.3564
2813.75972	8965.29945
2813.93888	9227.49883
2814.11807	8538.35151
2814.29727	7584.09036
2814.47649	7158.03607
2814.65572	7167.69571
2814.83497	7013.37993
2815.01424	6685.92112
2815.19353	6680.18582
2815.37283	7127.52472
2815.55215	8163.77808
2815.73149	9268.56995
2815.91084	9407.72782
2816.09021	8871.91619
2816.2696	8292.19225
2816.44901	8422.34193
2816.62843	8926.88299
2816.80787	8780.79251
2816.98733	8156.55601
2817.1668	7553.95221
2817.34629	7479.14705
2817.5258	7746.10398
2817.70533	8107.08363
2817.88487	7895.49422
2818.06443	7374.02999
2818.24401	7444.5777
2818.4236	7991.80139
2818.60322	8815.23075
2818.78285	9063.62866
2818.96249	8662.96898
2819.14215	7584.69122
2819.32184	7102.43348
2819.50153	7136.3165
2819.68125	7723.51767
2819.86098	8461.62086
2820.04073	8832.00584
2820.2205	9597.27201
2820.40028	9979.37913
2820.58008	9487.58044
2820.7599	8311.57503
2820.93973	6579.7471
2821.11958	5682.16197
2821.29945	6342.83752
2821.47934	7563.08614
2821.65925	8520.57846
2821.83917	8698.37203
2822.0191	8867.05297
2822.19906	9416.35792
2822.37903	9680.34222
2822.55902	9623.95624
2822.73903	8830.24229
2822.91905	7849.88322
2823.0991	7625.13843
2823.27916	8122.14522
2823.45923	8875.1469
2823.63932	9060.3874
2823.81944	8734.24393
2823.99956	7714.30753
2824.17971	7167.0763
2824.35987	7495.49143
2824.54005	8419.68277
2824.72025	9305.40962
2824.90046	9373.19944
2825.08069	8740.18196
2825.26094	7780.95915
2825.44121	7288.20779
2825.62149	7669.33948
2825.80179	8502.7343
2825.98211	8905.18309
2826.16244	8955.34629
2826.34279	8542.33056
2826.52316	8318.36812
2826.70355	8252.67619
2826.88395	7862.66357
2827.06437	8155.09784
2827.24481	8701.65004
2827.42527	8779.36295
2827.60574	8577.25773
2827.78623	8453.40028
2827.96674	8356.60114
2828.14726	8621.80317
2828.32781	8979.03383
2828.50837	8980.51725
2828.68894	8710.64377
2828.86954	8000.12264
2829.05015	7357.94932
2829.23078	7410.76869
2829.41142	8173.7115
2829.59208	8822.42471
2829.77277	8783.23588
2829.95346	8313.48577
2830.13418	8011.70008
2830.31491	7497.17709
2830.49566	7456.33653
2830.67643	7667.16777
2830.85721	7717.73825
2831.03801	7922.76038
2831.21883	8465.48393
2831.39967	9007.71231
2831.58052	9000.89711
2831.76139	8285.81089
2831.94228	8086.25893
2832.12319	8426.20762
2832.30411	9025.93383
2832.48505	9287.87927
2832.66601	8796.9635
2832.84698	8528.54962
2833.02797	8773.38713
2833.20898	8970.68615
2833.39001	8718.90439
2833.57106	8423.70563
2833.75212	7971.1188
2833.9332	7282.04079
2834.11429	7097.92213
2834.29541	6777.44999
2834.47654	6500.19949
2834.65769	6617.25005
2834.83885	7005.63797
2835.02004	7188.74946
2835.20124	7244.37013
2835.38245	6690.40853
2835.56369	6296.09001
2835.74494	6672.11167
2835.92621	7062.64779
2836.1075	7636.52627
2836.2888	8326.38914
2836.47013	8650.60258
2836.65147	8419.98751
2836.83282	8137.92675
2837.0142	8037.9177
2837.19559	8314.75207
2837.377	8815.28221
2837.55842	9077.05211
2837.73987	8762.33785
2837.92133	7962.11244
2838.10281	7871.60449
2838.28431	8508.88095
2838.46582	9650.98403
2838.64735	10305.1956
2838.8289	10085.28084
2839.01046	9503.1636
2839.19205	9037.96715
2839.37365	8618.20273
2839.55527	8559.54634
2839.7369	8313.09383
2839.91856	7683.55378
2840.10023	7383.01178
2840.28191	7333.22102
2840.46362	7988.049
2840.64534	8843.80193
2840.82708	8727.92689
2841.00884	8500.16998
2841.19061	7663.30923
2841.37241	6907.79272
2841.55422	6331.9432
2841.73604	6597.99556
2841.91789	7168.23788
2842.09975	7682.05584
2842.28163	7927.18618
2842.46353	7623.09455
2842.64544	7029.99367
2842.82738	6570.02971
2843.00932	6525.52751
2843.19129	6586.06747
2843.37328	6574.23015
2843.55528	6401.23643
2843.7373	6264.09417
2843.91934	6415.39016
2844.10139	6542.34682
2844.28346	6560.41417
2844.46555	6654.08159
2844.64766	7320.34849
2844.82978	8067.30202
2845.01192	8633.96473
2845.19408	8787.5313
2845.37626	8135.91658
2845.55845	7968.14753
2845.74067	8050.21862
2845.9229	8486.85654
2846.10514	8628.07994
2846.28741	8463.04937
2846.46969	7927.15781
2846.65199	7520.99893
2846.83431	7262.7104
2847.01664	7238.43042
2847.19899	7733.05684
2847.38136	8715.99226
2847.56375	9080.5478
2847.74615	8386.62952
2847.92858	7343.22675
2848.11101	6501.5094
2848.29347	6764.71365
2848.47595	7527.09578
2848.65844	7939.40113
2848.84095	7944.57295
2849.02348	7745.04117
2849.20602	7411.00657
2849.38858	7479.18856
2849.57116	8000.63132
2849.75376	7565.02627
2849.93638	7094.2391
2850.11901	6809.65966
2850.30166	6868.39925
2850.48433	7588.84428
2850.66701	8285.89587
2850.84971	8135.01083
2851.03243	7595.98217
2851.21517	7302.81144
2851.39793	7607.73745
2851.5807	8260.20158
2851.76349	8565.95874
2851.9463	8218.53352
2852.12913	7664.68708
2852.31197	7668.37899
2852.49483	8474.93566
2852.67771	8926.3364
2852.8606	8828.25986
2853.04352	8273.86077
2853.22645	7663.53006
2853.4094	6896.12562
2853.59236	7022.02044
2853.77535	7480.85719
2853.95835	7396.58271
2854.14137	7352.53565
2854.32441	7099.63643
2854.50746	6818.10314
2854.69053	6212.09716
2854.87362	5612.07548
2855.05673	5713.16513
2855.23986	6625.71765
2855.423	7969.25212
2855.60616	8937.90114
2855.78934	8731.51724
2855.97253	7450.33743
2856.15574	6217.22163
2856.33898	5842.72224
2856.52222	6047.18377
2856.70549	6595.0527
2856.88877	6951.63977
2857.07207	7260.02258
2857.25539	7068.52902
2857.43873	6954.36994
2857.62208	6801.85557
2857.80546	6708.24301
2857.98885	6768.72111
2858.17225	7282.88519
2858.35568	7796.51984
2858.53912	8022.36667
2858.72258	7950.53349
2858.90606	8110.31384
2859.08955	8623.83593
2859.27307	8583.00459
2859.4566	8364.58369
2859.64015	7838.5795
2859.82371	7084.48043
2860.0073	7353.31439
2860.1909	8009.99649
2860.37452	8451.79747
2860.55815	8549.80243
2860.74181	8230.78086
2860.92548	7582.09266
2861.10917	7221.97313
2861.29288	7544.49541
2861.4766	8170.64318
2861.66035	8184.01382
2861.84411	7773.54813
2862.02789	7091.84377
2862.21168	7396.75464
2862.3955	8629.36461
2862.57933	9675.22208
2862.76318	9783.27739
2862.94704	8899.92087
2863.13093	8026.56765
2863.31483	7566.83941
2863.49875	7529.61891
2863.68269	8016.87693
2863.86664	8156.44031
2864.05062	7562.49974
2864.23461	6751.0727
2864.41862	6553.0498
2864.60264	7167.55846
2864.78669	7591.02158
2864.97075	7050.73194
2865.15483	6561.93928
2865.33893	6862.93753
2865.52304	7431.55393
2865.70717	7403.95971
2865.89132	7204.76123
2866.07549	6566.83977
2866.25968	6524.02805
2866.44388	7053.7678
2866.6281	7271.74064
2866.81234	7138.64046
2866.9966	6700.7411
2867.18088	7136.6076
2867.36517	8068.72103
2867.54948	8722.85028
2867.73381	8647.6244
2867.91815	8045.84157
2868.10252	7283.27838
2868.2869	7335.7107
2868.4713	8257.69133
2868.65572	8967.68141
2868.84015	8669.1877
2869.0246	7799.75346
2869.20907	7090.88798
2869.39356	6454.4681
2869.57807	6491.25203
2869.76259	6902.48965
2869.94713	6936.49662
2870.13169	6683.83256
2870.31627	6655.56547
2870.50087	6790.48984
2870.68548	6537.93387
2870.87011	6338.6098
2871.05476	6299.01168
2871.23942	6583.85216
2871.42411	7661.61992
2871.60881	8938.21484
2871.79353	9394.52433
2871.97827	9280.84342
2872.16302	8778.02738
2872.3478	8112.13952
2872.53259	7353.19047
2872.7174	6762.58865
2872.90222	6614.02167
2873.08707	6920.30903
2873.27193	7020.92934
2873.45681	7217.8989
2873.64171	7279.69011
2873.82662	7051.23547
2874.01156	6803.01076
2874.19651	7237.3578
2874.38148	7983.57974
2874.56647	8573.24285
2874.75147	8639.95178
2874.9365	8287.69024
2875.12154	7894.2795
2875.3066	7955.57657
2875.49167	9024.8794
2875.67677	9406.80583
2875.86188	8724.10438
2876.04701	7821.99533
2876.23216	7286.63371
2876.41732	7661.67804
2876.60251	8888.90568
2876.78771	9522.78946
2876.97293	9008.59369
2877.15817	7976.32814
2877.34342	7682.93547
2877.5287	7961.56931
2877.71399	8492.88829
2877.8993	8656.04397
2878.08462	8100.81091
2878.26997	7632.45069
2878.45533	7263.39643
2878.64071	6906.89123
2878.82611	7246.11146
2879.01153	7950.48939
2879.19696	8664.55901
2879.38241	8884.30877
2879.56788	8407.41669
2879.75337	7819.54575
2879.93888	7616.65877
2880.1244	7412.34705
2880.30995	7256.67159
2880.49551	6501.91257
2880.68108	6170.06232
2880.86668	6697.45857
2881.05229	7884.25545
2881.23793	8844.54545
2881.42357	9206.25424
2881.60924	9035.76555
2881.79493	8503.08742
2881.98063	7684.96576
2882.16635	7139.51278
2882.35209	6974.85896
2882.53785	7110.62152
2882.72363	7047.92446
2882.90942	6860.67976
2883.09523	6868.75755
2883.28106	7644.15077
2883.46691	8464.63367
2883.65277	8926.30267
2883.83865	8930.34618
2884.02456	8543.95128
2884.21047	8310.44866
2884.39641	8504.48979
2884.58237	8807.49382
2884.76834	8677.49705
2884.95433	8099.99978
2885.14034	7506.16886
2885.32637	7438.9586
2885.51241	7907.55848
2885.69848	8321.12914
2885.88456	8314.85668
2886.07066	8119.28549
2886.25677	7648.32119
2886.44291	7670.45803
2886.62906	8028.13194
2886.81523	8318.46458
2887.00142	8384.93907
2887.18763	8156.04561
2887.37385	7841.91609
2887.5601	7670.03166
2887.74636	7380.60894
2887.93264	6964.54354
2888.11893	7132.65212
2888.30525	7405.75654
2888.49158	7897.88361
2888.67793	7898.11521
2888.8643	7670.4213
2889.05069	8118.31878
2889.23709	8908.17526
2889.42352	9431.06807
2889.60996	8819.23469
2889.79642	7999.87375
2889.9829	7550.96205
2890.16939	7614.26057
2890.35591	7693.30989
2890.54244	8505.34648
2890.72899	8687.39232
2890.91555	8682.4154
2891.10214	8334.8196
2891.28874	8328.24315
2891.47537	8451.80806
2891.66201	8407.54768
2891.84866	8147.96053
2892.03534	7756.56579
2892.22203	7686.88949
2892.40875	8133.80156
2892.59548	8630.77366
2892.78223	8840.92385
2892.96899	9166.27941
2893.15578	9422.75876
2893.34258	9526.61396
2893.5294	9158.10958
2893.71624	8755.14816
2893.9031	8311.31636
2894.08997	8253.27448
2894.27687	8512.80385
2894.46378	8942.73904
2894.65071	8776.86795
2894.83765	7674.71927
2895.02462	6927.1942
2895.2116	7084.95636
2895.39861	7947.78499
2895.58563	8477.41802
2895.77266	8043.56934
2895.95972	7298.60426
2896.14679	7095.14235
2896.33389	7598.8346
2896.521	8517.2202
2896.70813	9009.11478
2896.89527	8700.48917
2897.08244	8137.57164
2897.26962	8309.29411
2897.45682	8918.04458
2897.64404	9050.94761
2897.83128	8864.76961
2898.01854	8625.92008
2898.20581	8344.40707
2898.3931	8508.83301
2898.58041	8720.67501
2898.76774	8842.82518
2898.95509	9133.38121
2899.14245	9485.11372
2899.32983	9376.83393
2899.51724	9137.49208
2899.70466	8561.70146
2899.89209	7942.76615
2900.07955	7454.58143
2900.26702	7157.65943
2900.45451	6926.75942
2900.64202	7044.85257
2900.82955	7564.24184
2901.0171	8245.41307
2901.20466	8672.30211
2901.39225	8302.32618
2901.57985	7761.57342
2901.76747	7818.04896
2901.9551	7989.32295
2902.14276	8168.10543
2902.33043	8217.29444
2902.51813	8039.29316
2902.70584	8796.37993
2902.89356	9964.63057
2903.08131	10555.26106
2903.26908	10852.72201
2903.45686	10316.40163
2903.64466	9182.47416
2903.83248	7679.52221
2904.02032	7308.93447
2904.20817	8047.40726
2904.39605	8713.80526
2904.58394	9023.79797
2904.77185	8781.1827
2904.95978	8115.88886
2905.14773	8024.49145
2905.33569	8708.86324
2905.52368	9395.11047
2905.71168	9401.47877
2905.8997	8370.40688
2906.08774	7251.36828
2906.27579	6428.84222
2906.46387	6142.75881
2906.65196	7082.25039
2906.84007	7605.00522
2907.0282	8193.46654
2907.21635	8548.78424
2907.40452	8721.08034
2907.5927	8650.88029
2907.7809	7979.54393
2907.96913	7270.16606
2908.15737	7176.30486
2908.34562	8061.52087
2908.5339	9391.83858
2908.72219	10051.91835
2908.91051	9258.24247
2909.09884	7948.3905
2909.28718	6989.0339
2909.47555	6710.22892
2909.66394	7542.12934
2909.85234	8409.68736
2910.04076	8976.78137
2910.2292	9326.11336
2910.41766	9107.37539
2910.60614	9067.99581
2910.79464	9028.95531
2910.98315	8874.88663
2911.17168	8429.78643
2911.36023	8166.77426
2911.5488	8315.48581
2911.73739	8716.9794
2911.92599	8806.97885
2912.11462	8019.57243
2912.30326	7359.50618
2912.49192	7481.78683
2912.6806	8434.90437
2912.86929	9459.87147
2913.05801	9668.64719
2913.24674	8598.22194
2913.4355	7331.49916
2913.62427	7035.42456
2913.81305	7543.17556
2914.00186	8430.82016
2914.19069	8827.11524
2914.37953	8406.18857
2914.56839	7743.56182
2914.75727	7369.80299
2914.94617	7548.94928
2915.13509	7863.24079
2915.32403	7962.30963
2915.51298	7975.10115
2915.70195	7807.96316
2915.89094	7844.21585
2916.07995	8085.9162
2916.26898	8681.26418
2916.45802	8541.39662
2916.64709	8335.29783
2916.83617	7806.59709
2917.02527	7801.76048
2917.21439	7894.29011
2917.40353	7902.55125
2917.59269	7834.0104
2917.78186	7145.32602
2917.97105	6107.84624
2918.16026	5950.2665
2918.34949	6622.83716
2918.53874	7465.34527
2918.72801	7757.56467
2918.91729	7669.65715
2919.1066	7351.96739
2919.29592	7493.81014
2919.48526	8099.3173
2919.67462	8827.00419
2919.86399	9025.05183
2920.05339	8772.87818
2920.2428	8763.68826
2920.43224	8644.12905
2920.62169	8381.11547
2920.81116	8039.95118
2921.00064	7803.89727
2921.19015	7957.50188
2921.37968	8439.57686
2921.56922	8431.05399
2921.75878	7678.84269
2921.94836	6915.44457
2922.13796	6547.73966
2922.32757	7234.65622
2922.51721	7881.13624
2922.70686	8175.82293
2922.89654	8354.54056
2923.08623	8323.46044
2923.27594	8441.59102
2923.46566	8236.86284
2923.65541	7578.11628
2923.84517	7351.29784
2924.03496	7825.98506
2924.22476	8538.18717
2924.41458	9154.96449
2924.60442	9001.50837
2924.79427	8688.13358
2924.98415	8460.43763
2925.17404	8793.00052
2925.36395	8915.09256
2925.55389	8835.56281
2925.74384	8500.53922
2925.9338	8326.11338
2926.12379	8650.28109
2926.31379	8603.45083
2926.50382	8473.41324
2926.69386	8627.15696
2926.88392	8797.26009
2927.074	8386.5756
2927.2641	7943.47713
2927.45421	7922.06162
2927.64435	8633.24933
2927.8345	9226.69653
2928.02467	9147.26875
2928.21486	8828.62701
2928.40507	8294.5083
2928.5953	8115.90651
2928.78554	8009.85785
2928.97581	7532.67569
2929.16609	7412.88595
2929.35639	7581.79234
2929.54671	7620.51577
2929.73705	7634.88467
2929.92741	8046.1357
2930.11778	8768.88215
2930.30818	9307.70257
2930.49859	9285.14434
2930.68902	8174.02602
2930.87947	6495.35354
2931.06994	5936.81314
2931.26042	6800.96044
2931.45093	8300.75657
2931.64145	8929.42603
2931.832	8624.11863
2932.02256	7574.78725
2932.21314	6801.04959
2932.40374	6705.76574
2932.59435	7315.53208
2932.78499	7749.24158
2932.97564	7499.77346
2933.16631	7056.18414
2933.35701	7142.42014
2933.54772	7180.27714
2933.73844	6926.03629
2933.92919	7279.47814
2934.11996	7972.19124
2934.31074	8855.65439
2934.50154	9342.83222
2934.69237	9093.61222
2934.88321	8928.78456
2935.07406	9077.93949
2935.26494	9210.56769
2935.45584	9085.00224
2935.64675	8575.19775
2935.83769	8169.85015
2936.02864	8040.53287
2936.21961	7841.68638
2936.4106	7433.8367
2936.6016	7061.1635
2936.79263	7158.52341
2936.98368	7865.93764
2937.17474	8751.04292
2937.36582	9516.1633
2937.55692	9381.63779
2937.74804	8378.97562
2937.93918	7178.339
2938.13034	6646.53938
2938.32151	6855.75918
2938.51271	7195.82315
2938.70392	7386.84206
2938.89515	7767.86006
2939.0864	8201.97832
2939.27767	8438.4034
2939.46896	8495.62898
2939.66026	8632.28204
2939.85159	8983.37543
2940.04293	8952.43242
2940.2343	8481.91233
2940.42568	7805.5731
2940.61708	7144.79925
2940.80849	6621.46987
2940.99993	6305.67858
2941.19139	6807.23311
2941.38286	7710.42807
2941.57435	8320.74244
2941.76587	8522.22163
2941.9574	8163.61506
2942.14895	7688.24808
2942.34051	7485.63191
2942.5321	7829.54879
2942.72371	8438.23711
2942.91533	8916.20932
2943.10697	8867.2173
2943.29863	8381.799
2943.49031	7820.69906
2943.68201	7364.87767
2943.87373	6999.32802
2944.06547	6828.05289
2944.25722	6436.66861
2944.449	6540.5531
2944.64079	7115.57531
2944.8326	8084.1044
2945.02443	8847.25381
2945.21628	9361.3352
2945.40815	9450.64093
2945.60003	9074.22061
2945.79194	8467.29941
2945.98386	7500.23076
2946.1758	6676.5806
2946.36777	6674.08042
2946.55975	7483.33034
2946.75175	8491.13955
2946.94376	8840.84433
2947.1358	8464.79076
2947.32785	8292.63491
2947.51993	8722.71032
2947.71202	8876.41998
2947.90413	8426.92591
2948.09626	7560.80946
2948.28841	7418.67954
2948.48058	8351.53929
2948.67277	10034.4429
2948.86497	11282.30179
2949.0572	11365.36879
2949.24944	10081.80766
2949.4417	8635.8478
2949.63398	7862.10372
2949.82628	7750.59698
2950.0186	7927.31339
2950.21094	8249.00318
2950.40329	8375.40483
2950.59567	8590.40436
2950.78806	8931.72059
2950.98047	9154.43609
2951.1729	9098.79068
2951.36535	8862.53681
2951.55782	8495.41109
2951.75031	8005.21399
2951.94282	7405.73543
2952.13534	7241.31954
2952.32789	7580.22725
2952.52045	8148.46207
2952.71303	8563.76785
2952.90563	9021.47359
2953.09825	9514.55908
2953.29089	9780.94018
2953.48355	10261.62693
2953.67622	9984.86476
2953.86892	9170.21443
2954.06163	8087.03349
2954.25436	7640.02222
2954.44711	7725.76051
2954.63989	7282.14453
2954.83267	7945.30612
2955.02548	7839.90094
2955.21831	8073.98701
2955.41116	8464.03525
2955.60402	8299.11501
2955.7969	7901.8834
2955.98981	7204.84832
2956.18273	6640.52053
2956.37567	6530.13913
2956.56863	7250.50011
2956.7616	8223.66832
2956.9546	8566.40852
2957.14762	8573.07979
2957.34065	8751.53664
2957.53371	9544.78545
2957.72678	10332.2827
2957.91987	10875.15378
2958.11298	10447.36469
2958.30611	9644.07052
2958.49926	8672.25327
2958.69242	8106.59188
2958.88561	7611.75903
2959.07881	7231.26124
2959.27204	7841.05137
2959.46528	8850.01091
2959.65854	9603.68524
2959.85182	9360.94767
2960.04512	8571.54359
2960.23844	7864.69419
2960.43178	7907.25752
2960.62514	8711.85659
2960.81851	9334.29529
2961.01191	9059.77923
2961.20532	8255.63246
2961.39875	7845.21278
2961.5922	8272.77799
2961.78567	8723.95165
2961.97916	8671.40259
2962.17267	8724.01507
2962.3662	8762.98961
2962.55974	8877.82097
2962.75331	8954.99127
2962.94689	8885.83685
2963.14049	8792.3529
2963.33411	8601.53193
2963.52776	8137.77356
2963.72142	7305.29034
2963.91509	6704.22432
2964.10879	6879.51048
2964.30251	7840.3096
2964.49624	8591.66061
2964.69	8958.52355
2964.88377	8703.61807
2965.07757	8174.40892
2965.27138	8330.90616
2965.46521	8582.09359
2965.65906	8183.67827
2965.85293	7333.22049
2966.04681	6761.81306
2966.24072	6879.10455
2966.43465	7460.66964
2966.62859	7702.55139
2966.82255	7508.86051
2967.01654	7206.70953
2967.21054	7084.27407
2967.40456	7367.79474
2967.5986	7759.35272
2967.79266	7779.07504
2967.98674	8053.2138
2968.18083	7736.90824
2968.37495	7086.90094
2968.56908	7005.41705
2968.76324	7529.56447
2968.95741	8339.84234
2969.1516	8775.28319
2969.34582	9342.84586
2969.54005	9719.57885
2969.7343	9634.68902
2969.92856	8680.33137
2970.12285	7890.36723
2970.31716	7762.02074
2970.51148	8270.62645
2970.70583	8967.3539
2970.90019	9745.98905
2971.09458	9405.88468
2971.28898	8548.70685
2971.4834	8027.09512
2971.67784	8016.04702
2971.8723	8323.23226
2972.06678	8453.15279
2972.26127	8412.80889
2972.45579	8397.2722
2972.65033	8106.61807
2972.84488	8071.06668
2973.03945	8304.80005
2973.23405	8506.57008
2973.42866	9249.00189
2973.62329	9674.66548
2973.81794	9414.5522
2974.01261	8637.45871
2974.2073	7654.07888
2974.402	7542.20729
2974.59673	8375.37881
2974.79148	9391.72664
2974.98624	10336.83632
2975.18103	10526.48389
2975.37583	9817.86133
2975.57065	8504.53254
2975.76549	7707.30733
2975.96035	7433.66186
2976.15523	8246.91417
2976.35013	9156.99434
2976.54505	9684.0453
2976.73999	9327.66769
2976.93494	8123.67648
2977.12992	6847.49953
2977.32491	6950.77277
2977.51993	8209.54945
2977.71496	9809.38109
2977.91001	10491.7749
2978.10508	10016.40941
2978.30017	9084.76285
2978.49528	8375.28781
2978.69041	8072.40914
2978.88556	7990.50389
2979.08073	7891.40792
2979.27591	8128.55455
2979.47112	8406.46938
2979.66634	8408.65613
2979.86159	8379.65699
2980.05685	8131.05711
2980.25213	7881.0285
2980.44743	8045.09142
2980.64276	8342.88069
2980.83809	8575.64702
2981.03345	8359.0983
2981.22883	8111.40011
2981.42423	8336.30352
2981.61965	8618.79583
2981.81508	8666.00297
2982.01054	8211.24728
2982.20601	7888.75901
2982.40151	8260.40686
2982.59702	9209.49887
2982.79255	9798.05807
2982.9881	9633.88298
2983.18367	8583.04843
2983.37926	7510.18647
2983.57487	7454.18149
2983.7705	7877.82363
2983.96615	7953.93563
2984.16181	7531.49724
2984.3575	7160.34374
2984.5532	7512.49774
2984.74893	7932.43844
2984.94467	8103.4298
2985.14043	8086.25799
2985.33622	9018.12029
2985.53202	10377.63545
2985.72784	10917.97201
2985.92368	10505.97363
2986.11954	9417.05917
2986.31542	8272.15025
2986.51131	8060.75977
2986.70723	8955.32589
2986.90317	9956.69126
2987.09912	10848.56641
2987.2951	10734.01139
2987.49109	9865.1227
2987.68711	9073.59141
2987.88314	8678.87957
2988.07919	8880.73857
2988.27526	9385.07387
2988.47135	9518.41595
2988.66746	9537.80748
2988.86359	8978.34218
2989.05974	8276.16407
2989.25591	7898.61068
2989.45209	8273.46802
2989.6483	9222.6436
2989.84453	10094.12474
2990.04077	10572.41998
2990.23704	10199.59383
2990.43332	9162.60322
2990.62962	7942.26163
2990.82595	7632.06464
2991.02229	7534.10827
2991.21865	7452.98936
2991.41503	7562.25006
2991.61143	8336.94795
2991.80785	9082.09662
2992.00429	9555.25328
2992.20074	9263.53696
2992.39722	8312.07937
2992.59372	7413.31564
2992.79023	7295.2197
2992.98677	7827.05103
2993.18332	8196.25154
2993.3799	7824.47122
2993.57649	7420.28588
2993.7731	7155.71644
2993.96974	7019.44768
2994.16639	7253.88049
2994.36306	7604.82054
2994.55975	7721.84381
2994.75646	7786.01709
2994.95319	7841.45191
2995.14993	7802.58781
2995.3467	8174.12888
2995.54349	8878.18048
2995.7403	9924.09466
2995.93712	10606.87869
2996.13397	10727.39797
2996.33083	9869.00762
2996.52772	8730.14161
2996.72462	7718.45973
2996.92154	7065.56053
2997.11848	7111.08994
2997.31545	7289.49888
2997.51243	7396.13911
2997.70943	7423.6692
2997.90645	7390.49881
2998.10349	7345.14069
2998.30055	7424.4619
2998.49762	7455.34847
2998.69472	7532.09318
2998.89184	8126.50571
2999.08898	8769.60796
2999.28613	9073.3052
2999.48331	8892.35344
2999.6805	8080.80848
2999.87772	7577.80761
3000.07495	7754.82671
3000.2722	8477.0894
3000.46948	8992.28283
3000.66677	8717.70579
3000.86408	8053.77459
3001.06141	7450.28596
3001.25876	7665.98432
3001.45613	8513.75672
3001.65352	9175.94972
3001.85093	9397.09165
3002.04836	9469.55377
3002.24581	9340.31578
3002.44327	9515.7564
3002.64076	10081.29793
3002.83827	10310.30568
3003.03579	9475.06187
3003.23334	8579.06238
3003.4309	8111.70992
3003.62849	8122.08867
3003.82609	8678.98687
3004.02371	9476.38424
3004.22136	9465.40274
3004.41902	8877.69067
3004.6167	8190.72243
3004.8144	7998.5674
3005.01212	7792.47633
3005.20986	8093.15272
3005.40762	8970.73468
3005.6054	9930.71471
3005.8032	10675.14583
3006.00102	10795.44182
3006.19886	10017.63536
3006.39672	8947.94366
3006.59459	8337.25846
3006.79249	8273.95741
3006.99041	8465.34096
3007.18834	8148.4126
3007.3863	7745.8272
3007.58427	7706.05233
3007.78227	7956.43402
3007.98028	8118.20226
3008.17831	8467.48956
3008.37637	8940.73178
3008.57444	8921.0021
3008.77253	8484.95621
3008.97064	7950.72929
3009.16877	7258.28777
3009.36693	7359.47794
3009.5651	8386.00544
3009.76329	9947.96196
3009.96149	10592.56119
3010.15972	9985.69859
3010.35797	8567.75842
3010.55624	7266.41466
3010.75453	7539.87873
3010.95284	9437.64187
3011.15116	10830.5815
3011.34951	10708.83759
3011.54788	9566.15618
3011.74626	8443.25899
3011.94467	7869.62658
3012.14309	8001.6915
3012.34154	8790.12525
3012.54	9307.46972
3012.73849	8868.68026
3012.93699	8701.91169
3013.13551	8846.40259
3013.33405	9027.14604
3013.53262	9512.74907
3013.7312	10520.45104
3013.9298	10805.73987
3014.12842	9874.93536
3014.32706	8282.19882
3014.52572	7102.44789
3014.7244	7357.2928
3014.9231	8415.11716
3015.12182	9683.84302
3015.32056	9963.59945
3015.51932	9579.24246
3015.7181	9387.7418
3015.9169	9098.29551
3016.11572	8691.35638
3016.31455	8463.6123
3016.51341	8621.89079
3016.71229	9031.37824
3016.91118	9754.32529
3017.1101	10956.9894
3017.30903	11511.77933
3017.50799	11400.072
3017.70696	10576.93016
3017.90596	9993.1711
3018.10497	9004.1884
3018.30401	8240.84861
3018.50306	7744.41357
3018.70214	7792.08722
3018.90123	8861.2783
3019.10034	10304.08438
3019.29947	11326.88957
3019.49863	11239.2393
3019.6978	10254.288
3019.89699	9121.11585
3020.0962	8857.60968
3020.29543	9292.39877
3020.49468	9339.42676
3020.69395	9042.10217
3020.89324	8575.70787
3021.09255	7875.46644
3021.29188	7723.05862
3021.49123	8543.69949
3021.6906	9519.37574
3021.88999	10528.28512
3022.0894	11298.75486
3022.28883	11934.87524
3022.48828	12092.74248
3022.68775	11299.93727
3022.88723	10539.27026
3023.08674	10531.91074
3023.28627	11017.8529
3023.48581	11844.27208
3023.68538	12218.4598
3023.88497	11881.99915
3024.08457	11170.48297
3024.2842	10924.37008
3024.48385	11660.43746
3024.68351	11873.88474
3024.8832	11685.92578
3025.0829	10653.90841
3025.28263	9779.41544
3025.48237	9662.69153
3025.68213	10191.47815
3025.88192	10824.74875
3026.08172	10397.77651
3026.28155	9424.21819
3026.48139	8423.3695
3026.68125	8410.91154
3026.88114	9098.94286
3027.08104	9643.2665
3027.28096	9692.33188
3027.4809	9757.81252
3027.68087	9665.91071
3027.88085	10170.2514
3028.08085	10476.92188
3028.28087	10373.46212
3028.48091	9676.10942
3028.68098	9101.81299
3028.88106	9345.00557
3029.08116	9454.57709
3029.28128	8967.07527
3029.48142	7951.10312
3029.68158	7825.82926
3029.88176	7973.59365
3030.08196	8021.96356
3030.28218	7456.82705
3030.48242	7298.25158
3030.68268	7547.40728
3030.88296	7957.66833
3031.08326	8438.88166
3031.28358	8515.97627
3031.48392	8011.8062
3031.68428	7287.70735
3031.88466	7092.07546
3032.08506	7451.74015
3032.28547	7859.14633
3032.48591	7610.26698
3032.68637	7106.90453
3032.88685	7032.12087
3033.08735	7641.0881
3033.28787	8828.02628
3033.4884	10241.33197
3033.68896	10646.1115
3033.88954	9815.2706
3034.09014	8738.75161
3034.29075	8401.89585
3034.49139	9143.23998
3034.69205	9692.83479
3034.89273	9550.80503
3035.09342	8682.35463
3035.29414	7752.34759
3035.49488	7711.54282
3035.69563	8199.85596
3035.89641	8873.74305
3036.09721	9149.26434
3036.29802	8794.33578
3036.49886	8159.47388
3036.69972	7788.62092
3036.90059	8150.38344
3037.10149	8915.36448
3037.30241	9375.49157
3037.50334	9430.93084
3037.7043	9022.93534
3037.90527	8535.43593
3038.10627	8501.39615
3038.30729	8807.88299
3038.50832	9517.24921
3038.70938	10139.91709
3038.91045	10204.09465
3039.11155	9075.46828
3039.31267	8217.55361
3039.5138	7810.69572
3039.71496	7400.02836
3039.91613	7482.37766
3040.11733	7617.68676
3040.31854	7559.78133
3040.51978	7868.88335
3040.72104	9017.35586
3040.92231	10145.12785
3041.12361	10381.26194
3041.32492	9882.81826
3041.52626	9285.26359
3041.72761	9187.9912
3041.92899	9662.69328
3042.13038	9692.42716
3042.3318	9376.52178
3042.53323	8754.03902
3042.73469	7932.64763
3042.93617	7556.26722
3043.13766	8079.48175
3043.33918	8829.61047
3043.54071	9053.81365
3043.74227	8935.17629
3043.94384	8255.58091
3044.14544	7798.0574
3044.34705	7873.03121
3044.54869	8213.73301
3044.75035	8612.51461
3044.95202	8965.95968
3045.15372	9243.17681
3045.35543	9268.06971
3045.55717	8651.99946
3045.75893	7817.41114
3045.9607	8101.22475
3046.1625	8849.51002
3046.36431	9454.00639
3046.56615	9581.67953
3046.76801	8883.20645
3046.96988	7990.04383
3047.17178	7859.90245
3047.37369	8202.45038
3047.57563	8750.12412
3047.77759	8935.24209
3047.97956	8594.76351
3048.18156	8256.50327
3048.38358	8486.89132
3048.58561	8622.77198
3048.78767	8476.61013
3048.98975	8894.6349
3049.19185	9006.05286
3049.39396	8859.07151
3049.5961	8503.55298
3049.79826	8312.04721
3050.00044	8260.49209
3050.20263	9008.16036
3050.40485	9996.97622
3050.60709	10416.70457
3050.80935	9204.08705
3051.01162	7385.2334
3051.21392	6716.47548
3051.41624	7444.83552
3051.61858	8707.3642
3051.82094	9596.54489
3052.02332	9930.65704
3052.22572	10153.88223
3052.42813	10041.00583
3052.63057	9579.0268
3052.83303	9148.79062
3053.03551	8627.41396
3053.23801	8487.98991
3053.44053	8797.63168
3053.64307	9059.47618
3053.84563	9011.14016
3054.04821	8532.32116
3054.25081	8407.36872
3054.45343	8992.67583
3054.65607	9509.80403
3054.85873	9647.38773
3055.06141	9149.49472
3055.26412	8447.20667
3055.46684	7994.13528
3055.66958	8511.98183
3055.87234	8981.218
3056.07512	9273.13125
3056.27792	9193.6575
3056.48075	8846.32198
3056.68359	8485.07559
3056.88645	8340.06818
3057.08933	8449.02411
3057.29224	9036.49153
3057.49516	9538.73183
3057.6981	9724.49559
3057.90107	9247.41569
3058.10405	8327.55993
3058.30705	7803.69476
3058.51008	7558.34241
3058.71312	7808.2423
3058.91619	8951.14662
3059.11927	10051.667
3059.32238	10854.14572
3059.5255	11067.53151
3059.72865	10463.0941
3059.93181	9142.26475
3060.135	8194.56936
3060.33821	8031.86721
3060.54143	8438.09615
3060.74468	8793.41937
3060.94795	9134.38278
3061.15123	9568.38224
3061.35454	10081.91255
3061.55787	9973.90825
3061.76122	9492.69825
3061.96459	8996.54939
3062.16797	8126.17617
3062.37138	8134.77855
3062.57481	8708.61045
3062.77826	9087.9275
3062.98173	8873.3098
3063.18522	8221.40508
3063.38873	7923.65106
3063.59226	8138.34661
3063.79581	8470.46557
3063.99938	8980.73817
3064.20297	9330.45496
3064.40659	9370.56894
3064.61022	9390.92885
3064.81387	9596.90652
3065.01754	9471.58147
3065.22124	9292.06289
3065.42495	10055.85077
3065.62868	10845.88916
3065.83244	11421.751
3066.03621	10997.4561
3066.24	9631.09355
3066.44382	8640.32687
3066.64765	8650.78947
3066.85151	9178.87566
3067.05538	9917.21777
3067.25928	10477.92978
3067.4632	10646.76217
3067.66713	10890.32232
3067.87109	10793.98636
3068.07507	10303.88227
3068.27907	10154.5887
3068.48308	10253.80874
3068.68712	9974.97956
3068.89118	9648.82148
3069.09526	9146.36881
3069.29936	8792.78257
3069.50348	9060.86583
3069.70762	9816.65187
3069.91178	10818.77684
3070.11596	10923.5121
3070.32016	10416.12019
3070.52438	9440.77319
3070.72863	8837.36009
3070.93289	9098.31688
3071.13717	9380.59162
3071.34147	9762.99186
3071.5458	10288.31246
3071.75014	10742.2884
3071.95451	11359.04392
3072.15889	11512.39327
3072.36329	10757.23364
3072.56772	9491.92018
3072.77217	8353.59032
3072.97663	8563.54561
3073.18112	8955.80496
3073.38563	9071.37648
3073.59015	8260.22293
3073.7947	7402.36154
3073.99927	7354.51658
3074.20386	8178.69174
3074.40847	9253.90141
3074.6131	10439.63674
3074.81775	10635.57718
3075.02242	9897.31324
3075.22711	9036.41537
3075.43182	9020.6671
3075.63655	9180.23705
3075.84131	9569.44534
3076.04608	9965.50856
3076.25087	9880.25176
3076.45568	9823.97646
3076.66052	9909.38665
3076.86537	10143.67583
3077.07025	10299.256
3077.27514	9980.75296
3077.48006	9209.70004
3077.685	8786.09919
3077.88995	8454.65896
3078.09493	8506.31597
3078.29993	8931.81989
3078.50495	9199.93174
3078.70999	9185.52606
3078.91505	8841.72193
3079.12012	8909.85206
3079.32523	9155.23245
3079.53035	9193.81768
3079.73549	9362.79956
3079.94065	9196.67946
3080.14583	8759.25814
3080.35103	9099.01677
3080.55626	9625.73417
3080.7615	10041.69917
3080.96677	9790.09745
3081.17205	9181.33647
3081.37736	8319.5108
3081.58268	7863.0925
3081.78803	7946.59599
3081.99339	7896.38199
3082.19878	7943.71895
3082.40419	8131.82072
3082.60962	8518.43699
3082.81507	8692.11794
3083.02054	8535.94554
3083.22603	7652.93103
3083.43154	6838.57147
3083.63707	7003.3738
3083.84262	7629.66884
3084.04819	8604.79025
3084.25379	9195.52648
3084.4594	8743.79312
3084.66503	8134.48915
3084.87069	7561.7477
3085.07636	7585.55433
3085.28206	8009.66268
3085.48777	8780.89493
3085.69351	9188.98303
3085.89927	8916.4907
3086.10505	8279.8886
3086.31085	7756.32305
3086.51666	7639.62175
3086.7225	7950.8177
3086.92836	8228.92176
3087.13425	8834.87144
3087.34015	9386.47051
3087.54607	9399.71463
3087.75201	8967.41099
3087.95798	8517.72356
3088.16396	8861.39974
3088.36996	9148.96472
3088.57599	9528.7656
3088.78203	9366.23507
3088.9881	8730.66314
3089.19419	8690.68146
3089.4003	9234.01574
3089.60642	9724.9471
3089.81257	9433.37234
3090.01874	8456.78287
3090.22493	8219.12024
3090.43114	8886.11113
3090.63738	9610.50513
3090.84363	9874.08952
3091.0499	9436.42656
3091.25619	8916.98278
3091.46251	9378.76905
3091.66884	9693.66407
3091.8752	9318.78739
3092.08157	8557.62354
3092.28797	7850.16039
3092.49439	8552.26975
3092.70083	9574.9306
3092.90728	10853.0937
3093.11376	11143.65195
3093.32026	10409.47499
3093.52678	9521.42373
3093.73333	9120.30311
3093.93989	8983.72837
3094.14647	9374.0954
3094.35307	9704.25985
3094.5597	9504.93262
3094.76634	9412.34768
3094.97301	9847.58511
3095.1797	10547.70695
3095.3864	10930.6674
3095.59313	10273.27161
3095.79988	9292.84607
3096.00665	8849.08409
3096.21344	9197.79263
3096.42025	10283.47637
3096.62708	10535.02842
3096.83393	9802.58861
3097.0408	8677.29419
3097.2477	8328.21128
3097.45461	8419.09904
3097.66155	8566.73769
3097.8685	8983.58216
3098.07548	9916.67334
3098.28248	10576.14392
3098.48949	11000.95311
3098.69653	10281.47586
3098.90359	9670.1245
3099.11067	9901.5667
3099.31777	10581.68513
3099.52489	11400.36714
3099.73204	10785.17825
3099.9392	9688.50816
3100.14638	8590.34613
3100.35359	8195.94424
3100.56081	8393.99377
3100.76806	8872.70844
3100.97533	8773.23566
3101.18261	8537.64766
3101.38992	8570.80643
3101.59725	8934.49558
3101.8046	9201.0474
3102.01197	9152.02573
3102.21937	8971.97961
3102.42678	8829.76255
3102.63421	9163.29498
3102.84167	9532.50886
3103.04914	10061.5511
3103.25664	10125.71175
3103.46415	9614.56387
3103.67169	8806.69651
3103.87925	8029.99676
3104.08683	7684.02595
3104.29443	7929.58606
3104.50205	8779.00877
3104.70969	9616.60392
3104.91735	10105.41954
3105.12504	10308.42478
3105.33274	10587.17373
3105.54046	10675.36683
3105.74821	10447.02223
3105.95598	9650.73926
3106.16376	9099.32987
3106.37157	9512.26132
3106.5794	10196.1914
3106.78725	10606.44183
3106.99512	10378.99949
3107.20301	9847.09546
3107.41093	9753.21586
3107.61886	9831.52955
3107.82682	10144.8656
3108.03479	10294.33983
3108.24279	9842.15408
3108.4508	9368.44395
3108.65884	9241.7175
3108.8669	9544.94178
3109.07498	9920.13286
3109.28308	10053.81218
3109.4912	10069.43585
3109.69934	9944.55255
3109.90751	9469.90052
3110.11569	9017.1879
3110.3239	8798.3449
3110.53212	9408.57492
3110.74037	10213.87965
3110.94864	11054.79646
3111.15693	11290.64159
3111.36524	10725.31265
3111.57357	9923.72414
3111.78192	8882.2854
3111.99029	8028.65151
3112.19868	7663.7996
3112.4071	8021.68057
3112.61553	8400.02812
3112.82399	8950.41907
3113.03247	9611.28459
3113.24096	10203.9296
3113.44948	10253.25836
3113.65802	9824.70989
3113.86658	9324.00171
3114.07516	9249.9835
3114.28377	9561.27835
3114.49239	10405.53085
3114.70104	10479.97012
3114.9097	10010.95746
3115.11839	9226.51832
3115.3271	8902.51066
3115.53582	8775.22225
3115.74457	8717.12607
3115.95334	9534.77147
3116.16214	9847.61397
3116.37095	10234.61006
3116.57978	9719.01588
3116.78864	8085.31469
3116.99751	6840.40579
3117.20641	7146.40639
3117.41533	8754.09552
3117.62426	10462.96282
3117.83322	11284.95257
3118.0422	10527.55431
3118.25121	9270.01525
3118.46023	8779.84749
3118.66927	8815.77646
3118.87834	9506.3007
3119.08742	9740.74947
3119.29653	9864.16813
3119.50566	9943.8656
3119.7148	9991.09026
3119.92397	9172.29068
3120.13316	8137.43461
3120.34238	7349.47282
3120.55161	7733.7641
3120.76086	9146.2099
3120.97014	10553.56124
3121.17943	11043.35916
3121.38875	10595.2955
3121.59809	10212.88642
3121.80745	10842.14558
3122.01683	11467.0243
3122.22623	11326.99201
3122.43565	10115.10967
3122.6451	8688.96957
3122.85456	8558.92716
3123.06405	9872.54983
3123.27355	11408.17103
3123.48308	11692.43889
3123.69263	10076.32437
3123.9022	8208.5649
3124.11179	7503.50164
3124.3214	8408.14469
3124.53103	9678.01668
3124.74069	10381.39565
3124.95036	10015.4036
3125.16006	9410.79435
3125.36978	9111.02897
3125.57952	9439.8519
3125.78928	9643.91908
3125.99906	9624.65391
3126.20886	9673.25715
3126.41868	9579.11222
3126.62853	9838.32466
3126.83839	9917.07854
3127.04828	9530.68162
3127.25819	9193.46901
3127.46812	8893.32136
3127.67807	9189.2313
3127.88804	9926.996
3128.09803	10500.97462
3128.30804	10236.87855
3128.51808	8912.7392
3128.72813	8064.24683
3128.93821	7633.92006
3129.14831	7827.3634
3129.35843	8371.28525
3129.56857	9007.88142
3129.77873	9982.97219
3129.98891	10243.59346
3130.19912	10179.10797
3130.40934	10045.06995
3130.61959	9492.90077
3130.82985	9063.94604
3131.04014	8970.8061
3131.25045	9233.96928
3131.46078	10058.85826
3131.67114	10786.02528
3131.88151	10636.10539
3132.0919	10152.17147
3132.30232	9952.72594
3132.51276	10206.08179
3132.72321	10473.03499
3132.93369	10933.87492
3133.14419	11014.56254
3133.35472	10422.9664
3133.56526	9658.49261
3133.77582	9032.2008
3133.98641	8669.96331
3134.19701	9146.9904
3134.40764	9489.84183
3134.61829	9861.47228
3134.82896	10208.10821
3135.03965	10148.56976
3135.25037	10357.24008
3135.4611	10415.94743
3135.67186	9916.14756
3135.88263	9704.55504
3136.09343	9393.53137
3136.30425	8978.06123
3136.51509	8832.95136
3136.72595	8728.2955
3136.93683	8860.01436
3137.14774	9121.042
3137.35866	9150.27231
3137.56961	8597.8867
3137.78058	7886.14459
3137.99157	7325.03304
3138.20258	7260.51446
3138.41361	8160.62137
3138.62466	8894.55528
3138.83574	8785.66165
3139.04683	8384.7691
3139.25795	8113.3834
3139.46909	8587.73268
3139.68025	9091.64597
3139.89143	9036.6012
3140.10263	8765.0467
3140.31385	8572.09298
3140.5251	8729.02621
3140.73637	9524.19505
3140.94765	10570.68366
3141.15896	10953.35578
3141.37029	10243.32723
3141.58164	9465.48002
3141.79302	9206.78532
3142.00441	9242.12755
3142.21583	9709.63505
3142.42726	10489.20768
3142.63872	11099.24558
3142.8502	11250.20342
3143.0617	10739.08051
3143.27322	9658.90053
3143.48477	8892.12955
3143.69633	8799.89058
3143.90792	9130.38237
3144.11953	9452.58266
3144.33115	9076.65282
3144.5428	8919.69596
3144.75448	9041.13218
3144.96617	9143.35898
3145.17788	9030.44064
3145.38962	8332.46781
3145.60138	7735.06941
3145.81316	7286.67802
3146.02496	7388.97486
3146.23678	8308.51846
3146.44862	9525.56066
3146.66048	10184.37001
3146.87237	10439.63377
3147.08428	10188.28813
3147.2962	10096.07946
3147.50815	10081.17887
3147.72013	10738.93627
3147.93212	10882.05525
3148.14413	10731.96284
3148.35617	10473.85568
3148.56822	10239.66793
3148.7803	10117.81112
3148.9924	10047.22519
3149.20452	9627.4592
3149.41667	9170.28042
3149.62883	8607.0299
3149.84102	8321.60968
3150.05322	9095.85654
3150.26545	9871.71374
3150.4777	10325.26853
3150.68997	10397.33036
3150.90226	10222.82929
3151.11458	9450.00409
3151.32691	8956.81709
3151.53927	9218.14489
3151.75165	10059.50647
3151.96405	10670.17084
3152.17647	11015.77095
3152.38891	11034.81757
3152.60138	11011.05866
3152.81386	11103.89612
3153.02637	11359.29727
3153.2389	11542.20296
3153.45145	11435.4731
3153.66402	11234.58826
3153.87662	10734.49749
3154.08923	10289.7488
3154.30187	10306.22912
3154.51453	10236.57548
3154.7272	10613.01177
3154.93991	11160.03278
3155.15263	11326.7712
3155.36537	11179.07409
3155.57814	10933.9112
3155.79092	9981.41048
3156.00373	9129.92446
3156.21656	8402.44283
3156.42941	8472.27644
3156.64229	9110.81325
3156.85518	9755.28724
3157.0681	9535.01335
3157.28104	9493.61886
3157.49399	9725.91159
3157.70698	9767.69896
3157.91998	10286.723
3158.133	10987.68281
3158.34605	10937.82752
3158.55911	10709.50859
3158.7722	10453.16129
3158.98531	9840.22465
3159.19844	9588.63543
3159.4116	9773.36399
3159.62477	10484.84195
3159.83797	10844.22538
3160.05119	10723.20641
3160.26443	10376.36162
3160.47769	10454.54393
3160.69097	10303.42447
3160.90427	9842.54626
3161.1176	9403.01832
3161.33095	9220.43165
3161.54432	9723.91242
3161.75771	10199.42278
3161.97112	10724.60439
3162.18455	11060.52044
3162.39801	10351.90589
3162.61149	9946.58514
3162.82498	9441.38764
3163.03851	9418.35182
3163.25205	9806.55957
3163.46561	10043.74273
3163.6792	10205.43065
3163.8928	10297.31603
3164.10643	10206.69226
3164.32008	10655.45095
3164.53375	11206.73794
3164.74745	11538.46901
3164.96116	10937.50829
3165.1749	9788.02227
3165.38866	8918.49075
3165.60244	8497.91331
3165.81624	8578.6207
3166.03006	9174.14736
3166.24391	9758.42938
3166.45777	10329.25874
3166.67166	11168.4138
3166.88557	11413.31448
3167.0995	11332.37636
3167.31346	10923.72761
3167.52743	10486.96704
3167.74143	9404.23734
3167.95545	8157.20301
3168.16949	7824.4677
3168.38355	8455.17525
3168.59763	10016.15085
3168.81174	11522.45784
3169.02586	11625.48104
3169.24001	10703.73174
3169.45418	9984.51989
3169.66838	9776.63805
3169.88259	9307.31388
3170.09683	8323.98186
3170.31108	7935.44438
3170.52536	7815.4614
3170.73966	8335.68583
3170.95398	8843.44007
3171.16833	9236.00718
3171.38269	9380.53126
3171.59708	9439.9623
3171.81149	9460.35101
3172.02592	9122.35031
3172.24037	8697.52624
3172.45485	8312.40541
3172.66935	8720.37091
3172.88386	9582.1644
3173.0984	11155.12564
3173.31296	12608.72167
3173.52755	12773.96748
3173.74215	11419.13094
3173.95678	9425.86074
3174.17143	7673.58397
3174.3861	7540.57316
3174.60079	8158.08643
3174.81551	9122.17813
3175.03024	9667.49792
3175.245	9409.47056
3175.45978	9171.16045
3175.67458	9077.16041
3175.8894	9353.32052
3176.10425	9710.99346
3176.31911	9847.41108
3176.534	9843.55583
3176.74891	9447.41569
3176.96384	8649.78256
3177.1788	8224.51355
3177.39377	8599.77369
3177.60877	8851.92286
3177.82379	8870.10919
3178.03883	8437.68249
3178.25389	7823.46633
3178.46898	7715.11068
3178.68408	7933.91821
3178.89921	9000.47969
3179.11436	10360.35897
3179.32954	11707.50394
3179.54473	12070.25095
3179.75994	11476.51728
3179.97518	10908.86516
3180.19044	10673.71879
3180.40572	10757.22955
3180.62103	10801.36058
3180.83635	10168.76045
3181.0517	9234.98119
3181.26707	8503.02586
3181.48246	7859.51017
3181.69787	7860.60008
3181.9133	8647.58321
3182.12876	9248.90766
3182.34424	9333.72401
3182.55974	9273.87111
3182.77526	9260.24971
3182.9908	9902.54698
3183.20637	10450.54629
3183.42196	10926.34982
3183.63757	11339.14409
3183.8532	11517.10236
3184.06885	11520.99755
3184.28453	11552.45121
3184.50022	11751.86245
3184.71594	11804.7278
3184.93168	11227.1913
3185.14745	10362.01352
3185.36323	9531.85507
3185.57904	9723.55286
3185.79487	10560.61226
3186.01072	11719.558
3186.22659	11896.17405
3186.44249	11265.69558
3186.6584	10126.85861
3186.87434	9567.93065
3187.0903	9552.04085
3187.30628	9664.14897
3187.52229	9898.29121
3187.73831	10312.94553
3187.95436	10113.66859
3188.17043	9367.76504
3188.38652	9178.42211
3188.60264	9493.76597
3188.81877	10467.47299
3189.03493	11213.62058
3189.25111	11715.46932
3189.46731	10995.24237
3189.68354	9589.61904
3189.89978	8241.94352
3190.11605	7609.87925
3190.33234	8411.25795
3190.54865	9586.95975
3190.76499	10179.75351
3190.98134	10309.66473
3191.19772	10150.73153
3191.41412	10028.16997
3191.63054	10433.72753
3191.84699	10904.16143
3192.06345	10587.96877
3192.27994	10018.12945
3192.49645	9124.18608
3192.71298	8722.66696
3192.92954	8749.56192
3193.14611	9171.86814
3193.36271	9980.33022
3193.57933	10497.06911
3193.79598	11118.88945
3194.01264	10986.33486
3194.22933	10577.89419
3194.44603	9341.38773
3194.66277	8520.64684
3194.87952	8178.65471
3195.09629	8165.39264
3195.31309	8808.62123
3195.52991	9631.42231
3195.74675	9882.5527
3195.96361	9678.03488
3196.1805	10132.56044
3196.3974	10846.81133
3196.61433	11076.06743
3196.83128	10496.71586
3197.04826	9313.57083
3197.26525	8503.91063
3197.48227	9294.20926
3197.69931	10801.35756
3197.91637	11620.84971
3198.13345	11567.51745
3198.35056	10095.34221
3198.56769	9238.61892
3198.78484	9598.40179
3199.00201	10606.36136
3199.21921	11471.34968
3199.43642	11701.28506
3199.65366	11157.37036
3199.87092	10107.28548
3200.0882	9607.48743
3200.30551	9672.95329
3200.52284	9735.61501
3200.74019	9503.5087
3200.95756	9529.72126
3201.17495	9568.76052
3201.39237	9286.095
3201.6098	8698.01655
3201.82726	7711.46309
3202.04475	7764.35531
3202.26225	9000.02782
3202.47978	9999.62305
3202.69732	10258.34962
3202.9149	9784.40503
3203.13249	9537.37825
3203.3501	10166.26193
3203.56774	11391.66342
3203.7854	11449.87233
3204.00308	10144.42105
3204.22079	8348.05667
3204.43851	7382.97739
3204.65626	7260.94511
3204.87403	8097.82012
3205.09182	9172.25205
3205.30964	9337.85641
3205.52747	8601.25824
3205.74533	8051.88876
3205.96322	7960.29298
3206.18112	8462.00208
3206.39905	9655.67201
3206.61699	10327.19657
3206.83496	10406.90183
3207.05296	10081.53279
3207.27097	10225.65114
3207.48901	10541.21718
3207.70707	10683.96463
3207.92515	10373.34023
3208.14325	9579.84832
3208.36138	9081.09954
3208.57953	9125.73166
3208.7977	9753.41597
3209.01589	10457.38108
3209.2341	10788.03111
3209.45234	10441.37561
3209.6706	9735.84209
3209.88888	9215.66635
3210.10719	8940.44923
3210.32551	8811.06415
3210.54386	9470.63717
3210.76223	10280.44327
3210.98063	10648.09905
3211.19904	10955.85393
3211.41748	10465.41345
3211.63594	9865.27194
3211.85442	9459.68321
3212.07293	9432.75981
3212.29145	9640.1438
3212.51	9520.25689
3212.72857	9182.6331
3212.94717	9053.36975
3213.16578	9577.70312
3213.38442	9989.65409
3213.60308	10299.59184
3213.82177	10578.85046
3214.04047	10913.25689
3214.2592	11134.04215
3214.47795	11139.47789
3214.69672	10985.44299
3214.91552	10101.21786
3215.13433	9539.32024
3215.35317	9701.13284
3215.57203	10168.97258
3215.79092	10317.973
3216.00982	9340.89331
3216.22875	8506.65651
3216.4477	8713.55716
3216.66668	9567.01813
3216.88567	10463.89109
3217.10469	10598.33779
3217.32373	10294.12718
3217.54279	9701.60633
3217.76188	9229.09155
3217.98099	9444.75481
3218.20012	9716.51699
3218.41927	10035.80386
3218.63844	10561.18828
3218.85764	10766.70971
3219.07686	10556.8921
3219.2961	10581.82456
3219.51537	10398.28011
3219.73465	10427.80225
3219.95396	10472.69873
3220.1733	10190.65871
3220.39265	9938.16557
3220.61203	9030.11745
3220.83143	8213.26688
3221.05085	8342.94627
3221.27029	9274.79276
3221.48976	10472.12983
3221.70924	10988.59198
3221.92876	10617.36617
3222.14829	9491.48649
3222.36785	9115.98703
3222.58742	9583.47306
3222.80702	10290.45073
3223.02665	10909.28672
3223.24629	11103.42692
3223.46596	11046.76407
3223.68565	10941.03412
3223.90536	11078.89208
3224.1251	11127.93351
3224.34486	10956.22009
3224.56464	10490.18097
3224.78444	9961.40626
3225.00427	9530.09885
3225.22411	9778.30806
3225.44399	10104.39978
3225.66388	10139.80885
3225.88379	9720.06004
3226.10373	9248.27206
3226.32369	9433.37302
3226.54367	10064.84398
3226.76368	10657.00723
3226.98371	10855.47404
3227.20376	10776.18086
3227.42383	10133.15621
3227.64393	10082.56153
3227.86404	10033.61342
3228.08418	9820.77599
3228.30435	9847.82505
3228.52453	9502.84956
3228.74474	9686.34751
3228.96497	9614.75142
3229.18522	9550.19431
3229.4055	9706.55412
3229.6258	10139.61648
3229.84612	10214.38321
3230.06646	9950.03777
3230.28683	9404.07755
3230.50721	8937.35144
3230.72763	9063.39933
3230.94806	9538.36531
3231.16851	10016.2247
3231.38899	10185.68871
3231.60949	10196.45634
3231.83002	9792.19326
3232.05056	9192.36419
3232.27113	9031.93677
3232.49172	9429.9561
3232.71234	9845.10086
3232.93297	9938.37432
3233.15363	9696.97876
3233.37432	9495.88834
3233.59502	9539.92091
3233.81575	9821.34854
3234.0365	10176.84409
3234.25727	10027.60983
3234.47806	9847.15969
3234.69888	9622.81622
3234.91972	9421.29426
3235.14058	9272.51731
3235.36147	9748.03838
3235.58238	10307.08615
3235.80331	10855.39194
3236.02426	10725.54216
3236.24523	10101.70191
3236.46623	9462.06321
3236.68725	9554.54378
3236.9083	10283.0839
3237.12936	10060.41349
3237.35045	9134.24713
3237.57156	8178.88785
3237.7927	7770.68762
3238.01386	8323.75397
3238.23503	9124.93426
3238.45624	9302.68546
3238.67746	9012.04145
3238.89871	8222.45188
3239.11998	8085.44598
3239.34127	9268.31093
3239.56259	10614.83852
3239.78393	10906.73735
3240.00529	10188.9858
3240.22667	9240.05534
3240.44808	8802.34266
3240.66951	8811.96154
3240.89096	8823.38727
3241.11243	8986.08417
3241.33393	9190.00804
3241.55545	9708.3006
3241.77699	10646.9184
3241.99856	11156.87603
3242.22014	10706.43613
3242.44175	10910.4838
3242.66339	10779.33307
3242.88504	10642.4978
3243.10672	10460.53527
3243.32842	9525.73608
3243.55015	8001.89673
3243.7719	7376.2094
3243.99367	7934.27639
3244.21546	9147.35968
3244.43727	9941.69314
3244.65911	9927.44685
3244.88097	9388.40874
3245.10286	9320.12791
3245.32476	10264.54619
3245.54669	11257.9324
3245.76864	11952.32508
3245.99062	11779.1581
3246.21261	11051.23798
3246.43463	10122.23613
3246.65668	9061.33881
3246.87874	8450.06075
3247.10083	8462.3152
3247.32294	9308.54035
3247.54508	10269.37592
3247.76723	10803.35044
3247.98941	10671.9918
3248.21162	10735.32248
3248.43384	11548.73184
3248.65609	12386.0922
3248.87836	12270.4622
3249.10065	11361.71024
3249.32297	10339.9275
3249.54531	10281.92959
3249.76767	11156.15901
3249.99006	12317.77079
3250.21246	12418.01993
3250.43489	11312.71004
3250.65735	10411.73038
3250.87982	10565.38026
3251.10232	11577.56411
3251.32484	13219.42567
3251.54739	14224.31002
3251.76996	14646.89061
3251.99255	14496.32011
3252.21516	14650.13791
3252.4378	15037.40981
3252.66046	14621.9586
3252.88314	13508.47562
3253.10584	12332.90731
3253.32857	11652.18325
3253.55132	11945.47488
3253.77409	12704.37142
3253.99689	13621.41047
3254.21971	13797.3154
3254.44255	12950.59166
3254.66542	11965.60386
3254.8883	11326.00276
3255.11122	11188.50929
3255.33415	11194.47895
3255.55711	11391.73273
3255.78009	11051.25864
3256.00309	10028.49307
3256.22611	9678.69496
3256.44916	9863.99387
3256.67223	10296.54912
3256.89533	11527.14145
3257.11844	12252.38867
3257.34158	12649.71425
3257.56475	13352.91332
3257.78793	13161.16326
3258.01114	12551.37473
3258.23437	12100.51047
3258.45763	11735.52992
3258.6809	11840.18026
3258.9042	11786.25456
3259.12753	10760.16186
3259.35087	10586.42532
3259.57424	11318.94356
3259.79764	12638.55511
3260.02105	13225.36568
3260.24449	13032.56524
3260.46795	12455.13924
3260.69143	12007.80313
3260.91494	12019.50872
3261.13847	12183.91904
3261.36203	12492.86572
3261.5856	12997.22152
3261.8092	13221.7837
3262.03282	12810.88904
3262.25647	11652.85384
3262.48014	10864.59519
3262.70383	10093.3607
3262.92754	9605.80841
3263.15128	9772.61163
3263.37504	10168.27554
3263.59882	10250.56378
3263.82263	9999.91918
3264.04646	9097.23854
3264.27031	8352.56404
3264.49418	8681.06399
3264.71808	9511.91693
3264.942	10796.31402
3265.16595	11357.16058
3265.38992	10876.87393
3265.61391	10161.93972
3265.83792	9704.76674
3266.06196	9271.27342
3266.28602	8891.65659
3266.5101	8758.32465
3266.7342	9294.14594
3266.95833	9954.0337
3267.18248	10341.07437
3267.40666	10329.6396
3267.63086	9699.12115
3267.85508	9016.00928
3268.07932	9193.19538
3268.30359	9507.8508
3268.52788	9099.63081
3268.75219	8650.85608
3268.97653	8275.34391
3269.20089	8435.61999
3269.42527	8730.07135
3269.64968	9696.59023
3269.87411	10535.0162
3270.09856	11413.28172
3270.32303	11672.5094
3270.54753	11749.48466
3270.77205	11435.28773
3270.9966	10010.9725
3271.22117	8591.05494
3271.44576	8037.40512
3271.67037	8536.84944
3271.89501	10253.30785
3272.11967	11241.83463
3272.34435	11429.88506
3272.56906	10459.63557
3272.79379	9579.77456
3273.01854	9492.16232
3273.24332	10273.07722
3273.46811	10802.14213
3273.69294	10398.96288
3273.91778	9992.96171
3274.14265	9451.48124
3274.36754	9349.18355
3274.59246	9168.43189
3274.81739	8927.27666
3275.04236	8686.45382
3275.26734	9078.02463
3275.49235	10425.15856
3275.71738	11909.01368
3275.94243	12515.26763
3276.16751	11873.27061
3276.39261	10631.12468
3276.61773	9127.47692
3276.84288	8439.78323
3277.06805	9079.56743
3277.29324	9951.05981
3277.51846	10847.72702
3277.7437	11229.13683
3277.96896	11044.49446
3278.19425	10723.41488
3278.41956	10669.79669
3278.64489	10319.62524
3278.87025	10379.83492
3279.09562	10662.88878
3279.32103	10538.49851
3279.54645	10044.06351
3279.7719	8967.62244
3279.99737	8356.02906
3280.22287	9696.23267
3280.44839	12102.32605
3280.67393	14006.23306
3280.89949	13595.86491
3281.12508	11675.41243
3281.35069	9702.30676
3281.57633	9075.69743
3281.80198	9919.77795
3282.02767	11015.64572
3282.25337	11389.61036
3282.4791	10780.33561
3282.70485	9618.07335
3282.93062	8784.26433
3283.15642	8015.027
3283.38224	8026.6666
3283.60809	8941.14886
3283.83395	9267.77232
3284.05985	9161.94695
3284.28576	8584.64249
3284.5117	7967.96984
3284.73766	7674.70429
3284.96364	8150.63868
3285.18965	8988.80543
3285.41568	9517.174
3285.64173	10179.11091
3285.86781	10876.65457
3286.09391	10953.3685
3286.32004	10226.17542
3286.54618	9568.6135
3286.77236	9775.1379
3286.99855	10846.0314
3287.22477	11895.00768
3287.45101	11912.06553
3287.67727	11116.804
3287.90356	10041.93956
3288.12987	9071.33927
3288.35621	8407.69369
3288.58256	8105.8949
3288.80894	8295.95741
3289.03535	8842.49038
3289.26178	9818.42108
3289.48823	10834.67353
3289.7147	11379.88398
3289.9412	11497.53599
3290.16772	10743.63427
3290.39427	9915.38569
3290.62083	9094.06394
3290.84743	8575.97018
3291.07404	8886.43746
3291.30068	10483.36592
3291.52734	11830.59196
3291.75403	12243.19879
3291.98073	11736.80609
3292.20747	10139.06582
3292.43422	8888.84912
3292.661	8411.37057
3292.8878	8431.74771
3293.11463	9273.14564
3293.34148	9586.89864
3293.56835	9814.34444
3293.79525	9414.39503
3294.02217	8824.14494
3294.24911	8455.66434
3294.47608	8226.85563
3294.70307	8097.48618
3294.93008	8153.83116
3295.15712	8724.81224
3295.38418	9738.8306
3295.61126	10621.84892
3295.83837	11289.24993
3296.0655	11553.78694
3296.29265	11158.00562
3296.51983	10350.76329
3296.74703	8953.03854
3296.97426	7893.58613
3297.2015	7651.27784
3297.42878	8156.33001
3297.65607	9311.53804
3297.88339	10258.25327
3298.11073	10672.36008
3298.3381	10229.94269
3298.56549	9422.90758
3298.7929	8778.56285
3299.02034	8573.95888
3299.2478	8933.78149
3299.47528	9586.85239
3299.70279	9740.70114
3299.93032	8861.74271
3300.15787	8536.60619
3300.38545	8667.14184
3300.61305	9032.72283
3300.84067	9304.09203
3301.06832	9337.70979
3301.29599	9330.97302
3301.52369	9335.08831
3301.75141	9580.86914
3301.97915	10182.37839
3302.20691	10698.45588
3302.4347	11044.76641
3302.66252	10899.67502
3302.89035	10149.20116
3303.11821	9559.20341
3303.3461	9007.40474
3303.574	9008.41219
3303.80193	9154.87876
3304.02989	9582.9637
3304.25787	10104.60555
3304.48587	10697.12857
3304.71389	10398.1185
3304.94194	10263.46006
3305.17002	9885.7487
3305.39811	9125.6942
3305.62623	8499.69585
3305.85437	8622.19721
3306.08254	8883.55551
3306.31073	9868.47733
3306.53895	10000.96071
3306.76718	9347.90472
3306.99544	8723.56108
3307.22373	9251.97628
3307.45204	10452.82679
3307.68037	11550.0485
3307.90873	11593.50389
3308.13711	10602.2319
3308.36551	9694.48299
3308.59394	8784.0571
3308.82239	9425.61046
3309.05086	10910.96707
3309.27936	11902.76492
3309.50788	11769.84012
3309.73643	10853.72588
3309.965	9493.13875
3310.19359	9214.89174
3310.4222	10047.55909
3310.65084	10898.87055
3310.87951	11442.89665
3311.10819	11293.33959
3311.33691	10659.75234
3311.56564	10276.60687
3311.7944	10432.30261
3312.02318	11293.10737
3312.25199	11838.34916
3312.48082	11737.53609
3312.70967	10980.32856
3312.93855	10508.68368
3313.16745	9956.78588
3313.39637	9513.83699
3313.62532	8828.74923
3313.85429	8339.50712
3314.08329	8241.42185
3314.31231	8603.31887
3314.54135	9255.4918
3314.77042	9878.64308
3314.99951	9569.27392
3315.22862	8479.65709
3315.45776	7785.25553
3315.68692	8021.61627
3315.91611	8566.66864
3316.14532	8963.60711
3316.37455	8830.49588
3316.60381	8574.63963
3316.83309	9010.74562
3317.06239	10582.105
3317.29172	11937.02338
3317.52107	12761.98399
3317.75045	12435.49382
3317.97985	12036.25198
3318.20927	12088.05041
3318.43872	12569.90794
3318.66819	12299.17316
3318.89768	11011.2921
3319.1272	9245.12098
3319.35675	8967.35987
3319.58631	9281.67209
3319.8159	9458.32592
3320.04552	9140.12691
3320.27515	9195.72142
3320.50481	9729.95759
3320.7345	10423.83881
3320.96421	10871.50479
3321.19394	10798.53328
3321.4237	10372.87677
3321.65348	10189.82801
3321.88328	9568.28458
3322.11311	8972.58878
3322.34296	8953.11876
3322.57284	9261.12884
3322.80274	9154.67275
3323.03266	8890.67346
3323.26261	8563.84979
3323.49258	8105.91648
3323.72258	8242.41914
3323.9526	8708.26723
3324.18264	9277.38085
3324.41271	10133.64196
3324.6428	10394.65951
3324.87291	10695.51992
3325.10305	10753.39242
3325.33322	11293.692
3325.5634	11825.69355
3325.79361	12021.78297
3326.02385	12027.82748
3326.25411	11418.46549
3326.48439	10861.65918
3326.71469	10662.05901
3326.94502	10529.77632
3327.17538	10085.41835
3327.40576	9573.09768
3327.63616	9195.2102
3327.86658	9142.56196
3328.09703	9648.52587
3328.32751	10231.17946
3328.558	10596.4474
3328.78852	10536.52312
3329.01907	10226.26493
3329.24964	9852.78553
3329.48023	9461.84274
3329.71085	9595.54512
3329.94149	9228.84456
3330.17216	9141.18744
3330.40285	9143.44729
3330.63356	9639.18875
3330.8643	10060.24488
3331.09506	9889.42818
3331.32584	9220.84108
3331.55665	8180.5071
3331.78748	7709.04163
3332.01834	8428.60454
3332.24922	9609.46634
3332.48013	10472.14246
3332.71106	10480.57904
3332.94201	10002.50491
3333.17299	9458.75896
3333.40399	9180.39584
3333.63501	9329.33062
3333.86606	9682.27901
3334.09713	9695.92767
3334.32823	9275.04637
3334.55935	8783.40948
3334.7905	8693.36772
3335.02167	9181.33741
3335.25286	10434.27216
3335.48408	11516.28731
3335.71532	11548.82464
3335.94658	10425.66809
3336.17787	9449.10334
3336.40919	9273.71108
3336.64052	9940.05594
3336.87189	10524.57698
3337.10327	9873.14112
3337.33468	8858.63012
3337.56612	8402.69281
3337.79757	8489.87615
3338.02906	9307.35989
3338.26056	9888.13204
3338.49209	10750.94344
3338.72365	11542.02338
3338.95522	11628.22174
3339.18683	10996.63103
3339.41845	10005.42813
3339.6501	8968.68988
3339.88178	8476.62121
3340.11348	8384.81923
3340.3452	8040.46832
3340.57695	8444.12865
3340.80872	9130.60966
3341.04051	10533.76222
3341.27233	10965.24959
3341.50418	10390.97778
3341.73604	9472.32137
3341.96794	9006.8778
3342.19985	9009.00037
3342.43179	9387.7727
3342.66376	9448.32282
3342.89574	9397.14701
3343.12776	9895.67997
3343.35979	11079.50791
3343.59185	12070.97828
3343.82394	12742.10621
3344.05605	12463.68547
3344.28818	11666.55712
3344.52034	11346.24838
3344.75252	11520.13298
3344.98473	11607.21553
3345.21696	11414.28278
3345.44921	11012.98155
3345.68149	10415.34395
3345.91379	10203.58871
3346.14612	9822.8487
3346.37847	9728.88071
3346.61084	9923.10598
3346.84324	9960.27301
3347.07567	9704.59293
3347.30812	9013.54131
3347.54059	8457.4957
3347.77308	8327.59914
3348.0056	8809.37205
3348.23815	9895.53032
3348.47072	10660.7399
3348.70331	10513.48797
3348.93593	9741.64799
3349.16857	9703.51223
3349.40124	9530.03001
3349.63393	8997.61263
3349.86664	8560.62629
3350.09938	8891.27393
3350.33214	9910.46946
3350.56493	11459.87458
3350.79774	12214.35738
3351.03058	11673.64538
3351.26344	10033.80668
3351.49632	8249.01199
3351.72923	7943.94929
3351.96216	8550.11106
3352.19512	10175.37659
3352.4281	11704.96812
3352.66111	12433.90591
3352.89414	11847.29429
3353.12719	11115.42865
3353.36027	10337.26286
3353.59337	9360.26626
3353.8265	8742.63751
3354.05965	8435.41225
3354.29283	8342.59404
3354.52603	8963.92736
3354.75925	10333.76507
3354.9925	11201.38521
3355.22577	10955.26155
3355.45907	10266.31179
3355.69239	9911.73238
3355.92574	10226.60412
3356.15911	10509.61436
3356.3925	10191.55884
3356.62592	9482.36511
3356.85936	8881.78661
3357.09283	8980.72788
3357.32632	9903.53551
3357.55984	10650.18722
3357.79338	11222.90321
3358.02695	11482.64348
3358.26054	11579.38316
3358.49415	11390.27577
3358.72779	10726.17952
3358.96145	10368.90043
3359.19514	10715.70005
3359.42885	11503.60318
3359.66259	11946.96469
3359.89635	11779.0262
3360.13013	11025.11938
3360.36394	10437.47499
3360.59777	10288.12191
3360.83163	10046.13368
3361.06551	9968.87263
3361.29942	10107.82315
3361.53335	10586.77265
3361.76731	10839.7783
3362.00129	10933.70181
3362.23529	10638.11046
3362.46932	10616.76873
3362.70337	10554.77857
3362.93745	10142.97521
3363.17155	9769.52901
3363.40568	9987.94619
3363.63983	10016.85354
3363.87401	9955.19848
3364.10821	10151.95169
3364.34243	9981.24696
3364.57668	10166.47913
3364.81095	10565.31716
3365.04525	10937.22061
3365.27957	11422.64928
3365.51392	11601.57128
3365.74829	11002.51365
3365.98269	9966.12714
3366.21711	9572.17211
3366.45155	9583.33105
3366.68602	9826.14439
3366.92052	11112.06912
3367.15503	12418.20346
3367.38958	12838.19177
3367.62414	12719.82252
3367.85874	11703.35037
3368.09335	10430.6573
3368.32799	9704.26555
3368.56266	10121.04578
3368.79735	10838.69567
3369.03206	11101.95234
3369.2668	10316.71763
3369.50156	9843.29928
3369.73635	9520.36233
3369.97116	9714.71267
3370.206	10320.87449
3370.44086	10515.39062
3370.67575	10681.53466
3370.91066	10567.76412
3371.14559	10043.08952
3371.38055	9890.36046
3371.61554	10628.96286
3371.85055	11123.45345
3372.08558	11707.67214
3372.32064	11591.61134
3372.55572	10576.81761
3372.79083	9689.85824
3373.02596	9586.87645
3373.26112	9876.63572
3373.4963	10890.77344
3373.7315	11039.32192
3373.96673	10267.1212
3374.20199	9117.82866
3374.43727	8527.28027
3374.67257	8915.86022
3374.9079	9977.86463
3375.14325	10437.04226
3375.37863	10545.96934
3375.61403	9541.76047
3375.84946	8540.82666
3376.08491	7893.73633
3376.32039	7998.21108
3376.55589	8510.9392
3376.79142	9745.26261
3377.02697	10554.93643
3377.26254	10672.2073
3377.49814	10901.39059
3377.73377	11070.701
3377.96941	11547.74916
3378.20509	11370.39398
3378.44079	10947.01247
3378.67651	10703.82683
3378.91226	10954.67596
3379.14803	11345.0588
3379.38383	11182.37546
3379.61965	10587.52401
3379.85549	9917.6512
3380.09136	9601.79293
3380.32726	9813.60497
3380.56318	10731.95126
3380.79913	11737.85266
3381.0351	12740.97408
3381.27109	12695.92096
3381.50711	12074.58443
3381.74315	11240.51577
3381.97922	10605.96881
3382.21531	10341.09749
3382.45143	10076.25692
3382.68758	9961.07332
3382.92374	10476.54126
3383.15994	11175.274
3383.39615	11390.69482
3383.63239	10749.4404
3383.86866	9292.77338
3384.10495	7992.79758
3384.34127	7404.56283
3384.57761	8314.53764
3384.81397	10302.82159
3385.05036	11507.51843
3385.28678	11665.61628
3385.52322	11252.22936
3385.75968	10623.59071
3385.99617	10820.20777
3386.23269	10781.22807
3386.46923	10216.39686
3386.70579	9727.33426
3386.94238	9882.57962
3387.17899	10576.45913
3387.41563	11148.11158
3387.65229	11249.13851
3387.88898	10617.98057
3388.12569	9743.58644
3388.36243	9697.13007
3388.59919	11069.91981
3388.83598	12346.77173
3389.07279	12244.39181
3389.30963	11537.94599
3389.54649	10697.77133
3389.78337	10292.00945
3390.02028	10210.24474
3390.25722	10745.08314
3390.49418	11467.06138
3390.73117	12092.10154
3390.96818	12145.84176
3391.20521	11820.71721
3391.44227	11093.12041
3391.67936	10621.22623
3391.91647	10870.71586
3392.1536	11528.33848
3392.39076	11925.84791
3392.62795	11853.84478
3392.86516	11505.29194
3393.10239	11570.07785
3393.33965	11478.66741
3393.57693	11179.80855
3393.81424	11151.63048
3394.05157	11224.51874
3394.28893	11800.06894
3394.52632	11880.00884
3394.76373	10764.29162
3395.00116	10004.20952
3395.23862	9994.77929
3395.4761	11252.67675
3395.71361	12434.31873
3395.95114	12524.40981
3396.1887	11474.37152
3396.42628	10346.03867
3396.66389	10338.91336
3396.90152	11036.91039
3397.13918	11259.22373
3397.37686	11108.93712
3397.61457	10998.22891
3397.8523	11329.91026
3398.09006	11827.92255
3398.32784	12250.41742
3398.56565	11775.26393
3398.80348	11419.76109
3399.04134	12153.96392
3399.27922	13463.31793
3399.51713	14339.13143
3399.75506	13983.10163
3399.99302	13100.39993
3400.231	12414.30454
3400.46901	12433.4688
3400.70704	13046.78579
3400.9451	13653.13565
3401.18318	14447.77348
3401.42129	15252.71379
3401.65942	15612.0299
3401.89758	15574.3701
3402.13576	15224.12219
3402.37396	14787.75105
3402.6122	15735.70271
3402.85045	16271.05249
3403.08874	16307.80421
3403.32704	15369.12812
3403.56538	14373.04507
3403.80373	14614.15261
3404.04212	16072.42589
3404.28052	16505.24166
3404.51896	16609.88699
3404.75741	15760.86749
3404.9959	14605.13411
3405.2344	13664.23838
3405.47294	13786.37882
3405.71149	13582.69192
3405.95008	14274.96149
3406.18868	14588.94205
3406.42732	14389.90588
3406.66598	13301.46046
3406.90466	12014.84168
3407.14337	12154.18891
3407.3821	13352.12354
3407.62086	14725.07557
3407.85964	15191.75464
3408.09845	14214.53007
3408.33728	13531.98166
3408.57614	13043.64535
3408.81503	13919.22296
3409.05394	14750.40087
3409.29287	14500.34515
3409.53183	13283.70795
3409.77081	11928.83604
3410.00982	11378.02817
3410.24886	11202.45609
3410.48792	11580.43868
3410.727	12124.38521
3410.96611	12535.17092
3411.20525	12500.50639
3411.44441	12584.61151
3411.68359	13554.38592
3411.9228	13683.27897
3412.16204	14076.94332
3412.4013	14237.93102
3412.64059	13619.1107
3412.8799	13368.80552
3413.11923	13534.52537
3413.3586	13979.62227
3413.59798	13891.44148
3413.8374	13487.27829
3414.07683	13483.17333
3414.31629	13432.4832
3414.55578	13685.01537
3414.7953	13877.16075
3415.03483	14451.18883
3415.2744	14488.39457
3415.51398	13781.85912
3415.7536	13540.86357
3415.99324	13779.03998
3416.2329	13743.39131
3416.47259	12965.20005
3416.71231	11373.70467
3416.95205	10090.30955
3417.19181	10218.07271
3417.4316	10950.58538
3417.67142	11377.52002
3417.91126	10789.59985
3418.15112	10116.44341
3418.39101	10323.39386
3418.63093	11206.85123
3418.87087	11614.64389
3419.11084	11323.82314
3419.35083	10552.39025
3419.59085	9994.68148
3419.83089	9818.75839
3420.07096	10551.66635
3420.31105	11201.11734
3420.55117	12096.94633
3420.79132	12432.6
3421.03148	11605.75037
3421.27168	10492.75676
3421.5119	9900.95059
3421.75214	10153.58746
3421.99241	10849.65893
3422.23271	10854.78744
3422.47303	10622.14147
3422.71338	10206.15748
3422.95375	10398.9934
3423.19415	11636.43923
3423.43457	13039.73569
3423.67502	13428.94827
3423.91549	12697.05155
3424.15599	11774.64394
3424.39651	10806.82966
3424.63706	10456.31218
3424.87763	10512.85259
3425.11823	9812.33251
3425.35886	9037.69802
3425.59951	8797.58641
3425.84018	8855.34577
3426.08089	9553.58166
3426.32161	9317.56891
3426.56236	9081.25463
3426.80314	8980.5477
3427.04394	9166.97882
3427.28477	10415.16237
3427.52563	11598.16824
3427.7665	12462.68603
3428.00741	12349.08605
3428.24834	11751.38195
3428.48929	10699.62841
3428.73027	9745.67152
3428.97128	9359.05496
3429.21231	9385.77843
3429.45337	9806.73485
3429.69445	10809.1828
3429.93556	10963.37173
3430.17669	10730.32249
3430.41785	10454.78461
3430.65903	10715.42641
3430.90024	10795.1874
3431.14147	9927.83665
3431.38273	8931.99355
3431.62402	8339.22902
3431.86533	8685.23487
3432.10667	10008.28849
3432.34803	11401.72267
3432.58942	11564.5408
3432.83083	10778.3744
3433.07227	9792.83589
3433.31373	9892.62087
3433.55522	10568.63362
3433.79674	11376.50728
3434.03828	11392.38695
3434.27984	10829.68962
3434.52143	10324.18763
3434.76305	9518.4777
3435.00469	9532.26805
3435.24636	9710.30202
3435.48805	10149.17445
3435.72977	10915.06154
3435.97151	11238.0601
3436.21328	10912.21301
3436.45508	10047.53486
3436.6969	9727.62857
3436.93875	9665.76439
3437.18062	10039.69299
3437.42252	10509.80302
3437.66444	10476.10541
3437.90639	10067.55864
3438.14836	9986.90415
3438.39036	9938.90375
3438.63239	9032.22841
3438.87444	8161.6793
3439.11651	7638.13758
3439.35861	8367.03413
3439.60074	9686.8536
3439.84289	11043.63837
3440.08507	11817.99958
3440.32728	11674.20016
3440.56951	11082.2501
3440.81176	10440.45596
3441.05404	10292.83765
3441.29635	10354.95273
3441.53868	10800.78053
3441.78104	11261.2653
3442.02342	12206.50635
3442.26583	12499.5341
3442.50826	12350.81437
3442.75072	10879.13805
3442.99321	9486.35339
3443.23572	9348.25256
3443.47826	9784.70812
3443.72082	10321.53207
3443.96341	10950.62652
3444.20602	10895.82346
3444.44866	10908.67477
3444.69133	10958.08319
3444.93402	11144.56916
3445.17673	11229.43048
3445.41947	10982.47068
3445.66224	10414.93011
3445.90503	10055.15423
3446.14785	10042.10783
3446.3907	9674.75472
3446.63357	10281.98706
3446.87646	11258.81248
3447.11939	11498.2649
3447.36233	11378.0354
3447.60531	10457.10375
3447.8483	8604.50851
3448.09133	7087.97853
3448.33438	6902.90643
3448.57745	8088.67262
3448.82056	9260.20985
3449.06368	9825.49365
3449.30684	9475.365
3449.55001	9112.65416
3449.79322	9934.35044
3450.03645	11565.93321
3450.2797	12638.52466
3450.52299	12916.62112
3450.76629	12038.62478
3451.00963	10753.89555
3451.25298	9767.50477
3451.49637	9934.19227
3451.73978	10150.14053
3451.98322	9787.00828
3452.22668	9335.99183
3452.47016	9254.8598
3452.71368	9404.86999
3452.95722	10176.64411
3453.20078	11785.26246
3453.44437	12394.72972
3453.68799	11692.58683
3453.93163	10294.42125
3454.1753	9248.93109
3454.41899	9227.07017
3454.66271	9671.1511
3454.90646	9630.05867
3455.15023	8768.46254
3455.39402	7694.98882
3455.63785	8128.92227
3455.88169	9508.22542
3456.12557	11295.93774
3456.36947	11640.00328
3456.61339	10844.3884
3456.85735	10193.91493
3457.10132	10265.91259
3457.34533	10322.88735
3457.58936	10355.07838
3457.83341	10425.37685
3458.07749	10935.37826
3458.3216	11711.588
3458.56573	12356.7322
3458.80989	12558.89055
3459.05407	11817.20832
3459.29828	10807.90275
3459.54252	10329.65939
3459.78678	10208.79938
3460.03107	10805.96893
3460.27538	12133.09426
3460.51972	12711.39597
3460.76409	12248.88051
3461.00848	11151.24262
3461.2529	9979.96645
3461.49734	9907.85807
3461.74181	10773.38421
3461.9863	10834.77163
3462.23082	10747.88573
3462.47537	10388.99613
3462.71994	10549.04356
3462.96454	10987.39441
3463.20916	10984.61287
3463.45382	10539.80488
3463.69849	9938.40927
3463.94319	9547.85059
3464.18792	9771.6094
3464.43268	10259.57103
3464.67746	10981.01065
3464.92226	11395.62797
3465.16709	11770.2844
3465.41195	11471.75888
3465.65683	10514.62792
3465.90174	10003.55057
3466.14668	9753.57803
3466.39164	9880.10417
3466.63663	10653.19879
3466.88164	11230.5513
3467.12668	11406.53554
3467.37175	11181.34968
3467.61684	10899.6613
3467.86196	10366.7039
3468.1071	10131.67155
3468.35227	9778.52053
3468.59746	9993.66069
3468.84269	10296.76599
3469.08793	10071.32396
3469.33321	9828.64464
3469.57851	10102.6297
3469.82383	10150.2252
3470.06918	10313.38785
3470.31456	10068.02691
3470.55996	9967.71802
3470.80539	10040.81376
3471.05085	10497.79473
3471.29633	11607.41508
3471.54184	12513.04073
3471.78737	12702.58537
3472.03293	11979.08294
3472.27852	11454.33978
3472.52413	11235.94769
3472.76977	10655.84764
3473.01543	9963.24494
3473.26112	10070.08718
3473.50684	10519.71613
3473.75258	11016.13503
3473.99835	11007.26004
3474.24414	10499.84638
3474.48996	9798.21864
3474.73581	9365.1339
3474.98168	9445.34142
3475.22758	9531.46642
3475.47351	9759.77569
3475.71946	9934.06699
3475.96544	10060.20267
3476.21144	9417.26655
3476.45747	9121.90449
3476.70352	9326.11919
3476.9496	9717.07881
3477.19571	10230.24525
3477.44185	9675.87924
3477.68801	8914.46334
3477.93419	8858.14772
3478.1804	9162.53881
3478.42664	9908.73845
3478.67291	10685.97986
3478.9192	10664.23576
3479.16552	10101.08681
3479.41186	9752.41266
3479.65823	10224.62509
3479.90462	11221.15739
3480.15104	12027.36814
3480.39749	12426.52106
3480.64397	12284.49086
3480.89047	11694.34833
3481.13699	10770.03416
3481.38354	9997.19031
3481.63012	9755.10109
3481.87673	10358.07501
3482.12336	10800.18055
3482.37002	10985.3931
3482.6167	10977.51805
3482.86341	10877.30204
3483.11015	10557.4404
3483.35691	10486.53924
3483.6037	10341.20697
3483.85051	11194.10466
3484.09735	11680.7344
3484.34422	11727.53288
3484.59111	11044.2172
3484.83803	9718.04226
3485.08498	9346.18234
3485.33195	10498.59637
3485.57895	12335.24136
3485.82597	12914.17264
3486.07302	12135.45223
3486.3201	10293.31276
3486.5672	9155.583
3486.81433	8484.29954
3487.06149	8492.44974
3487.30867	9212.19694
3487.55588	10411.14503
3487.80311	11464.69673
3488.05037	11591.60076
3488.29766	11167.0559
3488.54497	10445.4876
3488.79231	9982.05902
3489.03968	10304.96199
3489.28707	10807.75189
3489.53449	10642.33108
3489.78194	10077.62635
3490.02941	9660.62613
3490.27691	9806.6175
3490.52443	10688.65714
3490.77198	11185.22037
3491.01956	10677.65063
3491.26716	10141.81885
3491.51479	10632.44725
3491.76245	11829.01764
3492.01013	12831.62998
3492.25784	13207.11045
3492.50557	13047.76631
3492.75333	11719.70504
3493.00112	10496.44633
3493.24893	9789.97734
3493.49677	9549.56919
3493.74464	10234.29505
3493.99253	11382.84001
3494.24045	12037.52009
3494.4884	11961.67549
3494.73637	11291.63548
3494.98437	10409.08989
3495.2324	9901.20535
3495.48045	9906.09888
3495.72852	9926.6764
3495.97663	9990.63013
3496.22476	9949.85832
3496.47292	10033.56169
3496.7211	10526.7796
3496.96931	11693.42079
3497.21755	12926.07972
3497.46581	13803.86882
3497.7141	13046.00551
3497.96241	11579.63923
3498.21076	10690.31845
3498.45913	10838.04296
3498.70752	11660.8282
3498.95594	12602.41619
3499.20439	12237.11642
3499.45286	11296.38494
3499.70136	10256.13649
3499.94989	10700.24228
3500.19845	10857.05175
3500.44703	10612.38734
3500.69563	10210.78096
3500.94427	10732.01995
3501.19293	11472.85835
3501.44161	11484.61989
3501.69033	11120.31217
3501.93906	9998.37791
3502.18783	9287.97866
3502.43662	9349.39009
3502.68544	10062.35883
3502.93429	10376.66728
3503.18316	10507.87875
3503.43206	10774.50066
3503.68098	11359.28486
3503.92993	11947.57337
3504.17891	12163.65402
3504.42792	12366.71892
3504.67695	12468.57446
3504.926	12768.43705
3505.17509	12794.17108
3505.4242	12495.67129
3505.67334	11778.61822
3505.9225	11489.98731
3506.17169	11268.66538
3506.42091	11393.17597
3506.67015	11451.81765
3506.91942	11379.34095
3507.16872	11121.45245
3507.41804	10385.73768
3507.66739	10213.65966
3507.91677	10994.34247
3508.16617	11503.55094
3508.4156	12046.09356
3508.66505	11851.79953
3508.91454	11486.68665
3509.16405	11566.60826
3509.41358	11749.77327
3509.66315	11168.01401
3509.91273	10887.47999
3510.16235	9980.03265
3510.41199	9531.60872
3510.66166	9780.32872
3510.91136	10045.73247
3511.16108	10646.22405
3511.41083	11280.49416
3511.66061	11695.54215
3511.91041	11539.7895
3512.16024	11063.1442
3512.41009	11284.05083
3512.65997	12013.94704
3512.90988	12615.7571
3513.15982	12837.88856
3513.40978	12223.63414
3513.65977	10891.63099
3513.90979	9798.59803
3514.15983	9936.34903
3514.4099	11301.03911
3514.65999	12847.49052
3514.91012	13230.16521
3515.16027	12979.62974
3515.41044	11569.65531
3515.66064	11412.49301
3515.91087	12125.94592
3516.16113	13637.00861
3516.41141	14117.53139
3516.66172	13332.99596
3516.91206	11582.50037
3517.16242	9996.92595
3517.41281	9025.1118
3517.66323	9657.98507
3517.91367	11112.52961
3518.16414	12374.48457
3518.41464	12576.90235
3518.66516	12383.11786
3518.91571	12284.38546
3519.16629	11553.00567
3519.41689	10681.89751
3519.66752	9789.71742
3519.91818	9025.79611
3520.16886	8956.34476
3520.41957	9371.70538
3520.67031	9794.61277
3520.92107	10554.77685
3521.17187	10865.78323
3521.42268	11058.51657
3521.67353	10702.69359
3521.9244	10932.08323
3522.1753	12731.60322
3522.42622	15874.09749
3522.67718	20970.82675
3522.92815	24830.2349
3523.17916	25398.65953
3523.43019	21563.73985
3523.68125	15577.76715
3523.93234	11035.54746
3524.18345	10467.44411
3524.43459	13973.55567
3524.68576	17344.75369
3524.93695	17960.41949
3525.18817	15107.338
3525.43942	11390.48327
3525.69069	9881.77899
3525.94199	11246.42444
3526.19332	14483.90991
3526.44468	15867.87716
3526.69606	14605.42848
3526.94747	12504.88118
3527.1989	11005.87596
3527.45036	11433.52021
3527.70185	13798.87912
3527.95337	15416.19954
3528.20491	15954.80083
3528.45648	15855.79075
3528.70808	15696.7432
3528.9597	15388.31387
3529.21135	14623.43398
3529.46303	13130.06968
3529.71473	11527.08721
3529.96646	10749.64646
3530.21822	10929.20857
3530.47001	11776.6551
3530.72182	12614.87472
3530.97366	12200.21311
3531.22553	11437.86244
3531.47742	11661.23828
3531.72934	11951.58037
3531.98128	11845.92715
3532.23326	11652.40512
3532.48526	11558.82943
3532.73729	11549.81483
3532.98934	12472.33667
3533.24142	13441.8288
3533.49353	13614.72758
3533.74567	12977.98671
3533.99783	12376.35987
3534.25002	11854.17116
3534.50224	11294.32533
3534.75448	10991.76686
3535.00675	11535.20693
3535.25905	12037.86578
3535.51137	12808.41821
3535.76372	13238.09894
3536.0161	13318.52808
3536.26851	13193.01334
3536.52094	12952.04903
3536.7734	12300.58688
3537.02589	11315.69604
3537.2784	10865.75313
3537.53094	10688.05359
3537.78351	10703.61366
3538.03611	10622.84472
3538.28873	10519.77425
3538.54138	11046.06861
3538.79405	11766.45496
3539.04676	12066.07066
3539.29949	12001.11844
3539.55224	11366.17768
3539.80503	11037.41503
3540.05784	11632.80902
3540.31068	12439.03562
3540.56354	12998.90211
3540.81644	12811.56646
3541.06936	11801.22106
3541.3223	11175.47381
3541.57528	11415.00517
3541.82828	11352.75553
3542.08131	11450.13086
3542.33436	11130.15769
3542.58745	11061.41081
3542.84056	10384.71182
3543.09369	9586.09012
3543.34686	9692.14718
3543.60005	10534.2115
3543.85326	11716.31792
3544.10651	12515.48978
3544.35978	12198.73486
3544.61308	11151.93245
3544.86641	10467.60063
3545.11976	10473.10361
3545.37314	11320.14743
3545.62655	11838.28527
3545.87999	11292.43234
3546.13345	10546.52994
3546.38694	11136.25763
3546.64046	12319.08672
3546.894	12680.21023
3547.14757	12209.60794
3547.40117	11385.76521
3547.6548	10747.88221
3547.90845	10773.35519
3548.16213	11085.90018
3548.41584	11150.36131
3548.66957	11225.40727
3548.92333	11573.25705
3549.17712	12039.66688
3549.43094	12179.68216
3549.68478	11817.89923
3549.93865	11423.2499
3550.19255	11399.09731
3550.44648	12385.15615
3550.70043	13094.73262
3550.95441	13360.12845
3551.20841	12974.23447
3551.46245	12478.56486
3551.71651	12135.89364
3551.9706	11732.63915
3552.22472	12007.30257
3552.47886	12402.78732
3552.73303	12527.94644
3552.98723	12274.69891
3553.24145	11072.56442
3553.4957	9968.41004
3553.74998	9651.84437
3554.00429	10042.773
3554.25862	10809.06953
3554.51299	11258.60514
3554.76738	11442.40956
3555.02179	12127.20949
3555.27623	12332.69038
3555.53071	12615.73849
3555.7852	12135.47329
3556.03973	11323.60544
3556.29428	10567.16563
3556.54886	10555.33749
3556.80347	11315.07645
3557.0581	12226.87702
3557.31277	11524.53099
3557.56746	9851.80051
3557.82217	8407.38183
3558.07692	7835.85869
3558.33169	8015.75078
3558.58649	8902.01573
3558.84131	9801.9056
3559.09617	10853.97305
3559.35105	11863.858
3559.60596	11520.74899
3559.86089	10720.285
3560.11585	10244.34272
3560.37085	10526.08016
3560.62586	11810.29713
3560.88091	12749.50927
3561.13598	12842.99565
3561.39108	12683.01387
3561.64621	12056.59296
3561.90136	11407.62609
3562.15655	10201.02161
3562.41176	9198.57854
3562.66699	9828.70649
3562.92226	10893.2967
3563.17755	12952.42273
3563.43287	13910.12907
3563.68822	13219.18049
3563.94359	12258.50881
3564.19899	11592.0057
3564.45442	11544.34894
3564.70988	12386.68834
3564.96536	13368.87462
3565.22088	13719.25965
3565.47641	13099.54713
3565.73198	12643.45123
3565.98758	12227.74119
3566.2432	11944.09969
3566.49885	11459.11645
3566.75452	11097.93116
3567.01023	11192.63325
3567.26596	11120.07523
3567.52172	10701.45388
3567.7775	10353.12259
3568.03332	9853.3474
3568.28916	9164.56847
3568.54503	8905.40757
3568.80093	8864.48501
3569.05685	9220.23551
3569.3128	10253.88492
3569.56878	11615.76004
3569.82479	12046.83483
3570.08082	11536.06105
3570.33688	10334.9492
3570.59297	9277.27911
3570.84909	9139.81836
3571.10524	9535.47937
3571.36141	10456.11414
3571.61761	10998.06368
3571.87383	10809.84907
3572.13009	10390.27229
3572.38637	10226.54999
3572.64268	10354.19007
3572.89902	11324.50097
3573.15539	12290.37438
3573.41178	12472.60256
3573.6682	12500.04704
3573.92465	11712.58657
3574.18112	10843.31632
3574.43762	10203.00846
3574.69416	10556.93788
3574.95071	11332.12219
3575.2073	11635.51551
3575.46391	11377.53673
3575.72056	11205.38207
3575.97722	11512.86273
3576.23392	11857.87952
3576.49064	12815.85639
3576.7474	13218.40854
3577.00418	13435.3413
3577.26098	13327.01566
3577.51782	12961.60213
3577.77468	12133.0478
3578.03157	11130.11029
3578.28849	10805.46671
3578.54543	11143.18866
3578.80241	11246.39208
3579.05941	10863.70411
3579.31644	9949.44231
3579.57349	9083.94184
3579.83058	9514.73858
3580.08769	10547.50819
3580.34483	11665.59762
3580.60199	11557.3642
3580.85919	10199.60491
3581.11641	8635.4533
3581.37366	8403.80436
3581.63094	9594.94085
3581.88825	11600.58595
3582.14558	13525.54885
3582.40294	13734.44516
3582.66033	13077.66302
3582.91774	12327.84744
3583.17519	11931.87834
3583.43266	12293.07642
3583.69016	12378.13844
3583.94769	11917.20386
3584.20524	11241.10467
3584.46283	10774.92377
3584.72044	10673.98727
3584.97808	10825.92489
3585.23574	11248.4601
3585.49344	11483.36567
3585.75116	11407.15883
3586.00891	11496.0347
3586.26669	12209.48329
3586.52449	13071.11948
3586.78232	13654.22717
3587.04019	13235.35763
3587.29807	12848.83102
3587.55599	12999.40212
3587.81393	13177.04904
3588.07191	13100.84775
3588.32991	12365.6411
3588.58793	12411.2757
3588.84599	12491.11633
3589.10407	12270.77958
3589.36219	12393.24627
3589.62032	12282.96299
3589.87849	11835.14578
3590.13669	11745.06213
3590.39491	11930.44791
3590.65316	12047.32484
3590.91144	11890.01965
3591.16974	11270.42244
3591.42808	11149.5783
3591.68644	12161.33531
3591.94483	12992.90268
3592.20325	13111.04433
3592.46169	11934.00987
3592.72017	11409.76928
3592.97867	12068.33309
3593.2372	13550.75608
3593.49576	14549.04093
3593.75434	14092.58702
3594.01295	13544.89337
3594.2716	13042.17732
3594.53026	12427.58732
3594.78896	11491.5239
3595.04769	10612.26645
3595.30644	9880.17069
3595.56522	10088.8196
3595.82403	10665.61156
3596.08286	11228.39935
3596.34173	11080.685
3596.60062	10373.30387
3596.85954	9848.48861
3597.11849	9474.79284
3597.37747	9320.09988
3597.63647	9566.31554
3597.8955	10622.88394
3598.15456	12020.338
3598.41365	12659.79694
3598.67277	12548.08829
3598.93191	11434.69487
3599.19108	10260.0781
3599.45028	10844.96085
3599.70951	12038.17039
3599.96877	12786.41596
3600.22805	12893.37174
3600.48737	11831.71116
3600.74671	10688.02749
3601.00607	10516.06059
3601.26547	10605.6014
3601.52489	10527.28745
3601.78435	10421.30591
3602.04383	10235.24808
3602.30334	10765.82351
3602.56287	12039.05104
3602.82244	12422.90957
3603.08203	11978.8111
3603.34165	11142.74338
3603.6013	10418.86276
3603.86098	10147.86041
3604.12068	10145.42057
3604.38041	10292.69683
3604.64017	10395.27545
3604.89996	10743.55188
3605.15978	11393.0004
3605.41963	11800.75855
3605.6795	11931.86113
3605.9394	11552.13735
3606.19933	10875.46625
3606.45929	10696.37199
3606.71927	11234.00429
3606.97929	11698.37202
3607.23933	12274.43767
3607.4994	12348.65284
3607.7595	11762.03146
3608.01962	11563.23812
3608.27978	11397.73685
3608.53996	11572.70781
3608.80017	12491.48721
3609.06041	12793.14858
3609.32068	12706.08056
3609.58097	11824.2469
3609.8413	10823.09104
3610.10165	10125.80413
3610.36203	10356.21299
3610.62244	11247.87883
3610.88287	11935.77853
3611.14334	12018.07802
3611.40383	12440.8161
3611.66435	13146.78312
3611.9249	13506.88163
3612.18548	13142.48573
3612.44608	12779.5498
3612.70671	12232.60778
3612.96738	11230.00793
3613.22807	11268.09702
3613.48878	11980.38862
3613.74953	12458.40243
3614.0103	12866.76831
3614.27111	12853.49016
3614.53194	12313.15958
3614.7928	11114.04641
3615.05369	10897.20636
3615.3146	11764.26856
3615.57554	13283.22427
3615.83652	13839.96727
3616.09752	13595.06693
3616.35855	12832.69481
3616.6196	12671.23248
3616.88069	12695.60323
3617.1418	12650.03059
3617.40294	12275.75927
3617.66411	12372.36817
3617.92531	12716.1877
3618.18654	13002.55719
3618.44779	13054.49477
3618.70908	11861.80664
3618.97039	11546.40308
3619.23173	12046.27599
3619.4931	12057.48366
3619.75449	12032.61078
3620.01592	12065.58136
3620.27737	12686.20579
3620.53885	12969.62386
3620.80036	12382.66394
3621.0619	10745.39855
3621.32347	9557.49732
3621.58506	9193.62782
3621.84668	10045.44536
3622.10834	10879.92578
3622.37002	11614.55688
3622.63172	11417.71899
3622.89346	10971.14779
3623.15523	10688.13022
3623.41702	11094.53138
3623.67884	11690.38831
3623.94069	12527.71684
3624.20257	13447.99256
3624.46448	13589.52734
3624.72641	13416.50851
3624.98837	12164.0798
3625.25037	10907.14695
3625.51239	10270.04116
3625.77444	10488.07333
3626.03651	11065.62965
3626.29862	11258.27606
3626.56075	10511.1365
3626.82291	9362.6742
3627.08511	8898.14561
3627.34733	9583.7598
3627.60957	11366.06893
3627.87185	14106.06354
3628.13415	16009.98325
3628.39649	15745.27088
3628.65885	14073.3059
3628.92124	12278.39228
3629.18366	11089.59037
3629.4461	10791.91989
3629.70858	11095.25107
3629.97108	10995.33531
3630.23362	11148.26097
3630.49618	11135.72701
3630.75877	11302.59599
3631.02138	11770.50856
3631.28403	11964.55956
3631.5467	11554.6603
3631.80941	11032.81461
3632.07214	10622.18804
3632.3349	10552.79571
3632.59769	10553.60306
3632.86051	11115.555
3633.12335	11911.11748
3633.38623	12784.8856
3633.64913	13273.23202
3633.91206	13590.20071
3634.17502	13583.38573
3634.43801	13173.51172
3634.70103	12980.72712
3634.96407	12273.77541
3635.22715	11626.72678
3635.49025	11914.29292
3635.75338	13318.42568
3636.01654	14755.43262
3636.27973	15493.56169
3636.54295	14852.08828
3636.80619	13837.90989
3637.06947	12689.59629
3637.33277	11922.21655
3637.5961	11260.09791
3637.85946	10716.49796
3638.12285	11058.87459
3638.38627	11600.27662
3638.64971	12588.86818
3638.91319	13065.08308
3639.17669	12978.71234
3639.44022	12717.4908
3639.70378	12676.07759
3639.96737	13256.45679
3640.23099	13766.86245
3640.49463	13499.03158
3640.75831	12955.47062
3641.02201	11811.33799
3641.28575	10409.64245
3641.54951	10562.94152
3641.8133	10762.17505
3642.07711	11077.01443
3642.34096	12008.77899
3642.60484	12187.31659
3642.86874	12828.39099
3643.13267	13319.15385
3643.39663	12419.02683
3643.66062	11056.55702
3643.92464	10302.94857
3644.18869	10786.98392
3644.45277	11840.1097
3644.71687	12429.75792
3644.98101	12692.2681
3645.24517	12269.11349
3645.50936	12996.53342
3645.77358	14184.75181
3646.03783	16153.54782
3646.30211	16795.60326
3646.56641	16302.56023
3646.83075	15621.30088
3647.09511	14277.18129
3647.3595	12797.12413
3647.62392	12242.14476
3647.88837	12051.40504
3648.15285	11944.68628
3648.41736	11814.58465
3648.6819	11918.46576
3648.94646	11743.92241
3649.21105	12248.04003
3649.47568	12290.84095
3649.74033	12544.44521
3650.00501	13297.12483
3650.26972	13870.7763
3650.53445	14229.34471
3650.79922	14228.64642
3651.06402	13822.17377
3651.32884	13412.67698
3651.59369	13385.056
3651.85857	13552.48881
3652.12348	13639.9117
3652.38842	13226.12449
3652.65339	13304.93404
3652.91839	13838.13695
3653.18341	13495.30425
3653.44847	12513.47732
3653.71355	11356.02505
3653.97866	10993.77607
3654.24381	11009.51747
3654.50898	12276.11495
3654.77418	12883.71399
3655.0394	12450.59505
3655.30466	11817.71091
3655.56995	11718.31898
3655.83526	12207.17708
3656.1006	12620.48143
3656.36597	12706.76781
3656.63138	12163.79384
3656.89681	12395.54647
3657.16226	12810.82911
3657.42775	13743.69314
3657.69327	13849.45724
3657.95881	13818.16574
3658.22439	13833.27952
3658.48999	13378.57699
3658.75563	13221.70113
3659.02129	13776.55746
3659.28698	13926.73428
3659.5527	13965.29837
3659.81844	13241.9367
3660.08422	12126.83321
3660.35003	11004.8195
3660.61586	11021.92612
3660.88173	11921.46047
3661.14762	13617.78948
3661.41354	14965.51051
3661.67949	15121.93538
3661.94547	13805.61524
3662.21148	12064.85694
3662.47752	11810.83314
3662.74359	12859.8585
3663.00968	13655.35039
3663.27581	13780.20117
3663.54196	13330.40965
3663.80814	12612.25232
3664.07435	12903.31601
3664.34059	13450.15692
3664.60686	13380.11167
3664.87316	12494.83366
3665.13949	11515.00592
3665.40585	11130.61692
3665.67223	11875.03247
3665.93865	13452.26362
3666.20509	14499.35133
3666.47157	13386.97975
3666.73807	12234.02316
3667.0046	11593.83863
3667.27116	11248.41905
3667.53775	11929.95542
3667.80437	12142.60991
3668.07102	12109.75665
3668.33769	11979.00606
3668.6044	11624.14681
3668.87113	11890.89161
3669.1379	12434.66692
3669.40469	13479.80938
3669.67151	14790.92696
3669.93836	16184.19133
3670.20524	16196.61413
3670.47215	14230.40491
3670.73909	11663.89551
3671.00606	10614.4327
3671.27305	10449.36483
3671.54008	10859.86433
3671.80714	11225.73706
3672.07422	11344.82908
3672.34133	11184.33916
3672.60847	11356.72152
3672.87565	12057.18107
3673.14285	12898.66615
3673.41008	13754.59502
3673.67734	14021.27666
3673.94462	13193.67741
3674.21194	11787.76018
3674.47929	11038.22621
3674.74666	10656.6588
3675.01407	10881.90315
3675.2815	10933.83358
3675.54897	11453.63074
3675.81646	11775.80547
3676.08398	11916.104
3676.35153	11801.27161
3676.61911	12307.97178
3676.88672	13166.07011
3677.15436	14282.11586
3677.42203	15181.05724
3677.68972	14602.70138
3677.95745	13364.32161
3678.22521	12687.9477
3678.49299	12292.94348
3678.7608	11618.58306
3679.02865	11524.18816
3679.29652	11976.10651
3679.56442	13032.31823
3679.83235	13877.82278
3680.10031	13659.06805
3680.3683	13277.39314
3680.63632	13195.59583
3680.90437	14197.12704
3681.17245	15166.86694
3681.44055	15239.62514
3681.70869	14492.93032
3681.97685	13454.27405
3682.24505	14083.19527
3682.51327	16202.13774
3682.78153	17302.87553
3683.04981	17189.78607
3683.31812	15512.54356
3683.58646	14028.41657
3683.85483	13106.65779
3684.12323	13503.62311
3684.39166	15156.88194
3684.66012	16894.49584
3684.92861	16776.69659
3685.19712	15884.02524
3685.46567	14611.9119
3685.73424	14693.92757
3686.00285	16310.81793
3686.27148	18067.18594
3686.54015	17570.68409
3686.80884	16229.65313
3687.07756	14061.00119
3687.34632	14439.79855
3687.6151	15224.62375
3687.88391	17052.58277
3688.15275	18497.9328
3688.42162	18151.57305
3688.69052	16980.94342
3688.95945	15410.38581
3689.2284	15431.95616
3689.49739	15767.81144
3689.76641	16049.40705
3690.03545	15998.75405
3690.30453	15107.36932
3690.57363	13433.98049
3690.84277	13442.5573
3691.11193	15192.41679
3691.38112	18261.36651
3691.65035	19687.25011
3691.9196	18058.95306
3692.18888	16148.55805
3692.45819	15691.20993
3692.72753	17148.843
3692.9969	19048.17687
3693.2663	19067.8368
3693.53573	17941.91642
3693.80519	15986.8468
3694.07468	14371.42067
3694.34419	13619.74097
3694.61374	15305.34823
3694.88332	16875.09101
3695.15292	18006.7025
3695.42256	17898.4454
3695.69222	16345.14256
3695.96192	15441.73782
3696.23164	14992.69653
3696.5014	15899.40476
3696.77118	17749.51214
3697.04099	18549.32352
3697.31083	17781.68947
3697.58071	16570.31562
3697.85061	15450.89934
3698.12054	15920.65895
3698.3905	17091.11299
3698.66049	17852.81712
3698.93051	17104.3451
3699.20056	15538.05162
3699.47064	14032.84099
3699.74074	13597.56546
3700.01088	14445.46714
3700.28105	15827.4231
3700.55125	16865.36104
3700.82147	17148.1023
3701.09173	17522.55834
3701.36201	16901.66089
3701.63233	16093.18858
3701.90267	15471.42598
3702.17305	14563.21333
3702.44345	14422.10144
3702.71389	14382.87587
3702.98435	14343.76163
3703.25484	13863.1712
3703.52537	13586.40824
3703.79592	14164.35212
3704.0665	14898.48779
3704.33711	15105.68189
3704.60775	14171.10322
3704.87842	12734.45511
3705.14912	11585.30599
3705.41985	11350.68638
3705.69061	12139.40761
3705.9614	12592.3043
3706.23222	13014.58498
3706.50307	13571.59882
3706.77395	13611.2868
3707.04486	13485.53092
3707.3158	13739.97011
3707.58677	13410.03447
3707.85776	12572.92777
3708.12879	11161.85253
3708.39985	10658.21887
3708.67093	11413.86111
3708.94205	13075.91062
3709.2132	15032.83365
3709.48437	16303.55365
3709.75558	16383.16032
3710.02681	15629.46537
3710.29808	14886.38546
3710.56937	14677.03528
3710.8407	14630.88115
3711.11205	14077.81148
3711.38344	13528.171
3711.65485	13304.1615
3711.92629	13198.79916
3712.19777	13611.86693
3712.46927	14251.46433
3712.7408	14869.2581
3713.01237	15296.92885
3713.28396	14962.02449
3713.55558	13821.35244
3713.82723	12650.95014
3714.09892	11689.84377
3714.37063	11514.29872
3714.64237	11818.09386
3714.91414	12207.92857
3715.18594	12643.16627
3715.45777	12798.82421
3715.72964	13091.82065
3716.00153	13606.8859
3716.27345	13392.91575
3716.5454	13008.55792
3716.81738	12509.13547
3717.08939	12419.38291
3717.36143	12598.44566
3717.6335	12661.07104
3717.9056	12158.24865
3718.17773	11907.59704
3718.44989	11451.51544
3718.72208	11248.30702
3718.9943	10721.77223
3719.26654	10440.47357
3719.53882	10863.96518
3719.81113	11634.86885
3720.08347	12446.35821
3720.35584	12625.26104
3720.62824	12272.02009
3720.90067	12101.17743
3721.17313	12332.62628
3721.44562	12903.38026
3721.71813	13263.33486
3721.99068	12591.8712
3722.26326	11880.76871
3722.53587	11409.72972
3722.80851	11033.8103
3723.08118	10909.49681
3723.35387	11163.86266
3723.6266	11961.47382
3723.89936	12739.30336
3724.17215	13684.09978
3724.44497	14517.60245
3724.71781	14080.97327
3724.99069	12693.56227
3725.2636	11960.17567
3725.53654	12074.20995
3725.80951	13059.43136
3726.0825	14204.22231
3726.35553	13969.11037
3726.62859	12433.05384
3726.90168	10373.04106
3727.1748	9344.59047
3727.44794	10207.9225
3727.72112	11673.4522
3727.99433	12679.28873
3728.26757	13256.71045
3728.54084	12945.81931
3728.81413	12675.23582
3729.08746	11933.45
3729.36082	10929.93528
3729.63421	10544.54841
3729.90763	10823.01308
3730.18108	11234.91021
3730.45455	11255.75768
3730.72806	10869.3235
3731.0016	11160.99103
3731.27517	11731.41522
3731.54877	12993.44228
3731.8224	14029.01361
3732.09606	13859.43408
3732.36975	12345.3498
3732.64347	10911.42358
3732.91722	11378.07806
3733.19099	12306.89758
3733.4648	13611.25863
3733.73864	13966.73296
3734.01251	12975.65919
3734.28641	11792.74253
3734.56034	11751.14104
3734.8343	12487.48487
3735.1083	13043.79408
3735.38232	13297.16811
3735.65637	12991.25598
3735.93045	12109.16332
3736.20456	11380.67302
3736.4787	10633.68467
3736.75287	11070.62306
3737.02707	12275.12815
3737.3013	13943.82394
3737.57557	14489.92748
3737.84986	13496.74555
3738.12418	11690.63457
3738.39853	10656.98083
3738.67292	11115.59804
3738.94733	12236.89044
3739.22177	12412.88782
3739.49625	12143.50983
3739.77075	11948.43928
3740.04528	11819.43416
3740.31985	11809.60958
3740.59444	11894.18225
3740.86907	11975.12213
3741.14372	12727.11651
3741.41841	13934.29238
3741.69312	14429.92053
3741.96787	14048.23435
3742.24264	12921.36404
3742.51745	11815.96141
3742.79229	11469.25874
3743.06715	11756.12622
3743.34205	13096.05528
3743.61698	13799.02111
3743.89193	14049.09566
3744.16692	13207.84143
3744.44194	11747.28679
3744.71699	10554.73046
3744.99207	11339.59679
3745.26718	12334.90267
3745.54232	14138.77737
3745.81749	15342.20656
3746.09269	15167.32289
3746.36792	13841.99484
3746.64318	11888.65477
3746.91847	10815.16823
3747.19379	11559.61573
3747.46914	13201.78486
3747.74452	14071.56667
3748.01993	12890.12793
3748.29538	10701.28978
3748.57085	9449.81495
3748.84635	10130.15598
3749.12189	11829.67671
3749.39745	12795.52837
3749.67305	12625.0502
3749.94867	12506.08996
3750.22433	12455.59958
3750.50001	12817.92952
3750.77573	13573.92375
3751.05148	13242.63763
3751.32725	12202.13929
3751.60306	11072.1475
3751.8789	11284.36884
3752.15477	12441.25794
3752.43066	13790.53373
3752.70659	13739.39301
3752.98255	12497.1208
3753.25854	11209.85674
3753.53456	10584.27769
3753.81061	10924.9659
3754.0867	12089.0248
3754.36281	12923.35288
3754.63895	13059.01632
3754.91512	13527.32352
3755.19133	14534.3585
3755.46756	14126.51437
3755.74382	13470.28972
3756.02012	12406.52979
3756.29644	11514.55113
3756.5728	11313.82043
3756.84918	11198.59383
3757.1256	11182.61718
3757.40205	11153.06064
3757.67853	11066.99572
3757.95503	11075.17786
3758.23157	11830.10193
3758.50814	12347.3924
3758.78474	12261.47079
3759.06137	11840.96396
3759.33803	11183.80819
3759.61472	10871.60291
3759.89145	11487.69887
3760.1682	13892.2134
3760.44498	15788.11492
3760.7218	16464.55188
3760.99864	15828.84742
3761.27551	14927.20494
3761.55242	14028.15391
3761.82936	13585.19956
3762.10632	12842.78927
3762.38332	11954.58931
3762.66035	11269.67353
3762.9374	11305.627
3763.21449	11445.17411
3763.49161	11620.6213
3763.76876	11790.72014
3764.04594	12038.77223
3764.32316	12404.89763
3764.6004	13023.94574
3764.87767	14258.04625
3765.15497	14776.67194
3765.43231	14077.38608
3765.70967	12783.96355
3765.98707	11473.5883
3766.26449	11363.71726
3766.54195	11061.46491
3766.81944	10533.20878
3767.09695	10443.99923
3767.3745	10687.22119
3767.65208	11538.9876
3767.92969	12570.75796
3768.20733	13175.01859
3768.485	13110.70905
3768.7627	12157.74121
3769.04044	11360.27373
3769.3182	11051.27946
3769.59599	11350.02463
3769.87382	11925.4344
3770.15167	12736.63819
3770.42956	13091.55069
3770.70748	13150.08702
3770.98542	12513.70053
3771.2634	11590.88027
3771.54141	10871.15392
3771.81945	10464.9898
3772.09752	10513.39383
3772.37562	10379.9924
3772.65375	10741.52646
3772.93192	11599.45329
3773.21011	12496.68969
3773.48834	13268.95994
3773.76659	13687.07965
3774.04488	13435.54902
3774.32319	12740.60906
3774.60154	11875.67734
3774.87992	10746.54145
3775.15833	10459.79919
3775.43677	11098.87506
3775.71524	12011.77867
3775.99374	12832.67232
3776.27227	12456.83708
3776.55083	11635.8715
3776.82943	11683.40846
3777.10805	12287.1106
3777.38671	13170.1689
3777.6654	13345.95466
3777.94411	12927.30996
3778.22286	11368.93086
3778.50164	10663.61133
3778.78045	11413.78854
3779.05929	11539.15141
3779.33816	10896.26074
3779.61706	10676.34392
3779.896	10793.31721
3780.17496	11586.21881
3780.45396	11760.83547
3780.73298	11584.0576
3781.01204	12354.63123
3781.29113	13406.62278
3781.57024	13422.21818
3781.84939	12487.34734
3782.12857	11004.02497
3782.40779	10820.66654
3782.68703	11515.08279
3782.9663	12943.82138
3783.24561	13588.21448
3783.52494	13252.42062
3783.80431	11998.96086
3784.0837	11260.08337
3784.36313	11225.81163
3784.64259	11945.18085
3784.92208	13094.43167
3785.2016	13185.74667
3785.48115	12425.88991
3785.76074	10705.02393
3786.04035	9502.57982
3786.31999	9166.65929
3786.59967	9682.85056
3786.87938	11179.38738
3787.15911	12434.93696
3787.43888	12605.22994
3787.71868	12444.47113
3787.99851	12129.07232
3788.27837	11314.13635
3788.55827	10924.78437
3788.83819	10359.31122
3789.11814	10744.33109
3789.39813	11252.1833
3789.67815	11678.5787
3789.95819	11904.48508
3790.23827	11755.48093
3790.51838	11614.09917
3790.79852	11565.47852
3791.0787	11425.00301
3791.3589	11280.82831
3791.63913	11204.92286
3791.9194	12270.43199
3792.19969	13966.29218
3792.48002	14934.45502
3792.76038	14981.89113
3793.04077	13632.44548
3793.32119	12326.76779
3793.60164	12451.82343
3793.88212	13153.64529
3794.16264	14202.77302
3794.44318	13659.54223
3794.72376	12496.69016
3795.00437	11730.38314
3795.28501	12251.73201
3795.56568	13742.64764
3795.84638	13937.15822
3796.12711	12998.57505
3796.40787	12295.03917
3796.68866	11383.36766
3796.96949	11231.92301
3797.25035	11372.35919
3797.53123	11739.91589
3797.81215	11382.5787
3798.0931	11701.70106
3798.37408	12390.4738
3798.6551	13035.04674
3798.93614	13109.4084
3799.21721	13380.97698
3799.49832	14235.51149
3799.77946	14243.30969
3800.06062	14371.41285
3800.34182	13977.321
3800.62305	13986.45269
3800.90432	13960.94693
3801.18561	13899.17068
3801.46693	13546.57663
3801.74829	12960.04029
3802.02968	12341.28229
3802.31109	11736.58751
3802.59254	11550.09138
3802.87402	11598.12663
3803.15554	11774.29413
3803.43708	12419.37651
3803.71865	13493.95432
3804.00026	14214.28235
3804.2819	14508.7788
3804.56356	13074.66123
3804.84526	11722.86593
3805.12699	10590.16802
3805.40876	10681.14677
3805.69055	11530.84813
3805.97237	12422.29426
3806.25423	12587.6124
3806.53612	11925.11828
3806.81804	10700.06241
3807.09999	10194.64695
3807.38197	10884.30884
3807.66398	11567.29515
3807.94602	11469.10604
3808.2281	11300.7016
3808.5102	11721.09474
3808.79234	11822.22165
3809.07451	11837.09498
3809.35671	12066.69675
3809.63894	12642.28952
3809.92121	13744.34376
3810.2035	14366.71919
3810.48583	14437.54579
3810.76819	14133.29671
3811.05057	13480.59383
3811.33299	12763.74051
3811.61545	13075.40961
3811.89793	14197.97662
3812.18044	15372.33436
3812.46299	15306.94909
3812.74557	14307.88837
3813.02817	13299.9121
3813.31081	11923.2824
3813.59349	11395.4407
3813.87619	11648.86793
3814.15892	11612.66887
3814.44169	12160.83142
3814.72449	13414.04391
3815.00732	14380.32751
3815.29018	14547.87454
3815.57307	14248.29641
3815.85599	13891.96849
3816.13894	12856.73568
3816.42193	12298.90242
3816.70495	12395.21791
3816.988	12940.87255
3817.27108	14192.09829
3817.55419	14630.39309
3817.83733	13449.63743
3818.12051	12065.19798
3818.40371	11039.59185
3818.68695	10407.39693
3818.97022	10805.63312
3819.25352	11140.60067
3819.53686	11327.25037
3819.82022	11421.89775
3820.10362	11763.41919
3820.38704	12411.13548
3820.6705	13864.98813
3820.95399	15447.81914
3821.23751	15196.64025
3821.52107	13793.07833
3821.80465	12148.02529
3822.08827	12314.13066
3822.37192	12443.66898
3822.6556	12746.79918
3822.93931	12780.13393
3823.22305	12726.72631
3823.50682	12480.49718
3823.79063	11775.38736
3824.07447	11452.06407
3824.35834	11224.28877
3824.64224	11815.14615
3824.92617	12418.28364
3825.21013	11960.50111
3825.49413	11647.41672
3825.77816	11698.63886
3826.06222	12001.88024
3826.34631	12710.05261
3826.63043	13364.94488
3826.91458	12761.42291
3827.19877	11734.73936
3827.48298	11667.00276
3827.76723	12370.90355
3828.05151	13139.32801
3828.33583	13029.56486
3828.62017	12450.56013
3828.90455	11467.54239
3829.18895	11104.41605
3829.47339	10906.32118
3829.75786	10125.08345
3830.04236	9696.389
3830.3269	10073.94235
3830.61146	10824.77831
3830.89606	11588.12615
3831.18069	12038.02578
3831.46535	12045.57924
3831.75004	11692.07848
3832.03477	11199.32171
3832.31952	11119.74017
3832.60431	11208.37188
3832.88913	11845.90022
3833.17398	12075.27112
3833.45887	12385.25508
3833.74378	12939.23128
3834.02873	12788.06708
3834.31371	12451.243
3834.59872	11710.82396
3834.88376	11352.3061
3835.16883	11364.68189
3835.45394	11915.31654
3835.73907	13266.88519
3836.02424	13701.11016
3836.30944	13064.58974
3836.59468	12149.06332
3836.87994	11690.65736
3837.16524	11658.35065
3837.45056	12056.48517
3837.73592	12333.89517
3838.02132	13221.91007
3838.30674	13543.36229
3838.5922	13139.68211
3838.87768	12669.10633
3839.1632	13077.9298
3839.44875	14048.24237
3839.73434	14340.3782
3840.01995	14591.38942
3840.3056	13251.47823
3840.59128	12802.96691
3840.87699	12976.39187
3841.16273	13689.92001
3841.4485	13882.09716
3841.73431	13357.93228
3842.02015	14578.94293
3842.30602	19092.81034
3842.59192	26474.13393
3842.87785	32643.38859
3843.16382	36436.12745
3843.44981	33187.97878
3843.73584	24890.98338
3844.0219	16668.86189
3844.308	12312.41607
3844.59412	12964.09645
3844.88028	16797.93133
3845.16647	19299.23782
3845.45269	18795.5807
3845.73894	16279.51586
3846.02523	14273.8627
3846.31154	14784.95819
3846.59789	16472.92855
3846.88427	17854.13479
3847.17069	17342.9957
3847.45713	15936.79411
3847.74361	15259.23264
3848.03012	15978.58819
3848.31666	16658.16366
3848.60323	16902.35812
3848.88984	16262.68507
3849.17647	14910.90539
3849.46314	14775.25989
3849.74984	15243.6113
3850.03658	15471.41181
3850.32334	14207.80775
3850.61014	12930.66057
3850.89697	12306.59541
3851.18383	13926.87581
3851.47072	15443.24719
3851.75765	16144.9396
3852.0446	16196.69842
3852.33159	16806.61274
3852.61861	16923.60908
3852.90567	16210.89349
3853.19275	14251.03165
3853.47987	12183.84183
3853.76702	11774.4267
3854.0542	12914.21273
3854.34142	13363.66593
3854.62866	12913.96925
3854.91594	11608.93312
3855.20325	11069.70023
3855.49059	10808.45462
3855.77797	10950.5639
3856.06537	10843.29555
3856.35281	10725.10978
3856.64028	11469.74094
3856.92779	11930.18063
3857.21532	12068.09948
3857.50289	12238.91192
3857.79049	11886.84719
3858.07812	11632.10321
3858.36579	12561.88792
3858.65348	13598.09454
3858.94121	14477.66765
3859.22897	14109.28806
3859.51676	12688.42809
3859.80459	10786.5965
3860.09244	9404.26161
3860.38033	9484.5966
3860.66826	11111.41296
3860.95621	12697.70447
3861.24419	12628.97114
3861.53221	11460.93757
3861.82026	10682.6118
3862.10835	10560.4983
3862.39646	11235.84373
3862.68461	12221.62602
3862.97279	12370.98092
3863.261	12893.61935
3863.54924	13542.78981
3863.83752	14506.76889
3864.12583	14162.46299
3864.41417	12822.09882
3864.70254	11969.9594
3864.99094	11963.24924
3865.27938	12766.44325
3865.56785	12999.60625
3865.85635	12584.20232
3866.14489	11950.24907
3866.43345	11992.45449
3866.72205	12514.07741
3867.01068	13187.59267
3867.29935	13508.52417
3867.58804	13454.55966
3867.87677	13003.78691
3868.16553	12744.26489
3868.45433	12286.02476
3868.74315	11933.87929
3869.03201	11508.93829
3869.3209	10806.34525
3869.60982	11387.10767
3869.89878	12271.43325
3870.18776	13494.56897
3870.47678	13881.38067
3870.76583	12932.22238
3871.05492	12007.38692
3871.34403	11395.20548
3871.63318	11558.34631
3871.92236	11925.7647
3872.21158	11628.32147
3872.50082	11269.58559
3872.7901	12216.62146
3873.07941	13449.78108
3873.36876	13482.88029
3873.65813	12470.34422
3873.94754	11511.68652
3874.23698	11592.84725
3874.52645	12700.08136
3874.81596	12991.16108
3875.1055	12340.62009
3875.39507	11386.73314
3875.68467	10245.355
3875.97431	11029.973
3876.26397	11544.6812
3876.55367	11161.70262
3876.84341	11160.64491
3877.13317	11637.16519
3877.42297	13252.13571
3877.7128	14169.08631
3878.00266	13632.25941
3878.29256	12246.75469
3878.58249	10906.0827
3878.87245	10222.42143
3879.16244	10697.31746
3879.45246	11359.71714
3879.74252	11095.79849
3880.03261	10069.65063
3880.32273	9996.24127
3880.61289	10700.76226
3880.90308	12037.33846
3881.1933	12387.91882
3881.48355	12352.2656
3881.77384	11990.11688
3882.06416	12258.56831
3882.35451	12677.81184
3882.64489	12714.5565
3882.93531	12449.38895
3883.22575	12273.42061
3883.51624	12177.74432
3883.80675	12002.92848
3884.0973	12915.23221
3884.38787	14094.35146
3884.67849	14670.12413
3884.96913	14550.98939
3885.25981	13371.92753
3885.55052	12913.92426
3885.84126	13359.49181
3886.13203	14240.78505
3886.42284	14500.19867
3886.71368	13912.70535
3887.00455	12439.44377
3887.29546	11477.5668
3887.5864	11195.41472
3887.87737	11516.1163
3888.16837	12150.1052
3888.4594	12816.17655
3888.75047	13745.03249
3889.04157	13596.683
3889.33271	12250.38624
3889.62388	11290.47784
3889.91507	11537.68095
3890.20631	11143.13346
3890.49757	10722.50971
3890.78887	10467.11338
3891.0802	10562.75702
3891.37156	11051.41963
3891.66296	11746.06354
3891.95439	12952.7442
3892.24585	14676.73179
3892.53734	15186.02273
3892.82887	14267.60184
3893.12043	12242.52457
3893.41202	10509.23443
3893.70364	9795.66318
3893.9953	11170.62025
3894.28699	13106.7826
3894.57871	14041.64477
3894.87047	13162.66178
3895.16226	12200.28885
3895.45408	11767.8131
3895.74593	12174.58328
3896.03782	12787.54922
3896.32974	13645.34942
3896.62169	13465.29214
3896.91368	13654.351
3897.2057	14999.29735
3897.49775	16721.54082
3897.78983	15643.79316
3898.08195	13470.26247
3898.3741	11673.70547
3898.66628	11071.06027
3898.9585	11322.08061
3899.25075	12521.4194
3899.54303	12737.05851
3899.83534	12068.79345
3900.12769	11014.22322
3900.42007	10765.95555
3900.71248	10459.35015
3901.00493	10481.88934
3901.2974	10089.85471
3901.58992	10429.7991
3901.88246	11296.32349
3902.17504	13205.60361
3902.46765	14504.40143
3902.76029	15684.97173
3903.05296	14745.47996
3903.34567	13418.11235
3903.63842	11797.26139
3903.93119	11072.7804
3904.224	11332.80191
3904.51684	11779.67456
3904.80971	12696.47687
3905.10262	14260.98045
3905.39556	15370.12819
3905.68853	16066.11315
3905.98153	15117.31081
3906.27457	13890.95823
3906.56764	13676.12709
3906.86075	13884.9173
3907.15389	14062.29641
3907.44706	14251.88471
3907.74026	13943.97492
3908.03349	13657.99681
3908.32676	13240.83206
3908.62007	12327.88975
3908.9134	12320.24566
3909.20677	13300.96268
3909.50017	14509.37989
3909.7936	15204.50882
3910.08707	15492.68674
3910.38057	14793.0081
3910.67411	14276.46402
3910.96767	13446.36629
3911.26127	13199.70585
3911.5549	13391.50354
3911.84857	14514.19035
3912.14227	15449.48374
3912.436	16447.55015
3912.72977	16270.4894
3913.02356	14579.4444
3913.31739	12211.70726
3913.61126	10433.09246
3913.90516	10903.43825
3914.19909	12649.56701
3914.49305	15035.01499
3914.78705	16468.5186
3915.08108	15834.95398
3915.37514	14737.95454
3915.66923	13888.67611
3915.96336	14313.86148
3916.25753	14354.23965
3916.55172	13743.45133
3916.84595	13428.01155
3917.14021	14171.96172
3917.43451	14794.70714
3917.72883	14501.54501
3918.0232	13807.133
3918.31759	12832.22137
3918.61202	13082.50901
3918.90648	13872.34047
3919.20097	14625.57591
3919.4955	14849.76996
3919.79006	13287.44878
3920.08465	12712.78471
3920.37928	12997.48177
3920.67394	13636.39064
3920.96863	13389.73059
3921.26336	13656.95719
3921.55812	13633.30125
3921.85291	12822.17469
3922.14774	12095.61837
3922.4426	11777.87471
3922.73749	10861.53474
3923.03242	11035.57674
3923.32738	11238.55935
3923.62237	11856.70882
3923.91739	12775.50458
3924.21245	13815.66379
3924.50755	13828.0562
3924.80267	13202.48822
3925.09783	12782.95038
3925.39302	12378.16072
3925.68825	13500.1848
3925.98351	14259.20461
3926.2788	13633.82593
3926.57412	12703.15006
3926.86948	11625.98497
3927.16487	11629.76671
3927.4603	12346.13544
3927.75576	13495.31683
3928.05125	14504.06968
3928.34678	13829.68226
3928.64233	12463.4427
3928.93793	12325.2702
3929.23355	12291.90274
3929.52921	12224.30168
3929.8249	11933.02989
3930.12063	11352.12362
3930.41639	11054.89939
3930.71218	12132.97374
3931.008	13953.05732
3931.30386	15433.56059
3931.59976	15914.63488
3931.89568	15206.25535
3932.19164	14578.88438
3932.48763	13943.13776
3932.78366	13288.82188
3933.07972	12532.86122
3933.37581	11915.25448
3933.67194	11128.99442
3933.9681	10720.67688
3934.26429	11363.43885
3934.56052	11820.58686
3934.85678	12044.17617
3935.15307	12840.46771
3935.4494	13415.20296
3935.74576	13391.67927
3936.04216	12349.94085
3936.33858	11415.76428
3936.63504	11772.00701
3936.93154	12680.4438
3937.22807	13011.67273
3937.52463	11959.78121
3937.82122	11127.83733
3938.11785	10862.62035
3938.41451	12602.28543
3938.71121	15173.7789
3939.00794	16510.88851
3939.3047	16628.26751
3939.6015	15895.70929
3939.89833	15153.85994
3940.19519	14801.14259
3940.49209	14337.55139
3940.78902	14332.36015
3941.08598	14694.33203
3941.38298	14765.00411
3941.68001	14280.05373
3941.97708	14248.97443
3942.27418	14179.8891
3942.57131	14029.73043
3942.86847	13900.81534
3943.16567	13202.52691
3943.4629	12894.66736
3943.76017	13360.72625
3944.05747	13356.91941
3944.3548	12978.68377
3944.65217	11936.12479
3944.94957	11132.40125
3945.24701	10980.73246
3945.54448	11536.24682
3945.84198	12279.75558
3946.13951	12318.86562
3946.43708	12065.8394
3946.73468	12633.21082
3947.03232	13200.13493
3947.32999	13708.98547
3947.62769	13008.22551
3947.92543	11757.84124
3948.2232	10599.29024
3948.52101	9893.09475
3948.81885	11429.45232
3949.11672	14202.48556
3949.41462	15602.19091
3949.71256	16190.58613
3950.01054	14696.97989
3950.30854	12330.24351
3950.60658	11489.73993
3950.90466	12640.09882
3951.20277	15111.81837
3951.50091	15167.28876
3951.79908	13368.83097
3952.09729	11605.99629
3952.39554	11112.46131
3952.69381	11744.85076
3952.99213	13024.09798
3953.29047	13177.13446
3953.58885	12262.36758
3953.88726	12026.24412
3954.18571	12320.78565
3954.48419	13130.6095
3954.7827	14464.79946
3955.08125	14503.54662
3955.37983	14888.2297
3955.67844	13549.45061
3955.97709	12075.04473
3956.27577	11078.14267
3956.57449	11049.79413
3956.87324	11742.65101
3957.17202	13395.15847
3957.47084	14472.49708
3957.76969	14260.47818
3958.06858	13219.26535
3958.3675	11620.95152
3958.66645	10631.35775
3958.96544	10571.93251
3959.26446	11436.59108
3959.56351	12317.82478
3959.8626	12801.23371
3960.16173	13242.65032
3960.46088	13102.17395
3960.76007	12754.31662
3961.0593	12150.5437
3961.35856	11583.74974
3961.65785	12388.73815
3961.95717	13414.9079
3962.25653	13831.84257
3962.55593	13892.35483
3962.85536	13238.64281
3963.15482	12386.86653
3963.45431	12222.58288
3963.75384	12282.4062
3964.05341	13318.76644
3964.353	13468.92709
3964.65264	13029.34866
3964.9523	12843.63089
3965.252	12848.0209
3965.55173	12831.79004
3965.8515	12002.32127
3966.1513	11032.22647
3966.45114	11431.78795
3966.75101	12027.16572
3967.05091	12579.43237
3967.35085	12736.33877
3967.65082	13261.51447
3967.95083	13670.06553
3968.25087	13035.55524
3968.55094	11729.29993
3968.85105	11297.67342
3969.15119	12674.63299
3969.45137	14874.06133
3969.75158	15875.27017
3970.05182	15707.35744
3970.3521	14510.16904
3970.65241	13585.94029
3970.95276	13546.67489
3971.25314	13575.40914
3971.55355	12100.80657
3971.854	10981.957
3972.15448	11281.5653
3972.455	12912.03304
3972.75555	14028.41204
3973.05613	15086.26998
3973.35675	14779.21218
3973.6574	13859.25784
3973.95809	13001.93516
3974.25881	13053.16083
3974.55957	13242.41818
3974.86036	13746.57873
3975.16118	13837.78084
3975.46204	13523.45051
3975.76293	12785.40346
3976.06386	12672.21709
3976.36482	12620.90986
3976.66581	13334.39388
3976.96684	15104.70047
3977.2679	15568.95621
3977.569	15003.2093
3977.87013	14295.34893
3978.1713	14282.87098
3978.4725	15238.83896
3978.77373	16806.99272
3979.075	16893.42194
3979.3763	15357.22648
3979.67764	13640.93044
3979.97901	12235.88758
3980.28041	12555.14086
3980.58185	14315.08548
3980.88333	16124.28959
3981.18483	17958.19843
3981.48638	18325.02482
3981.78795	17095.52919
3982.08956	15018.67129
3982.39121	13072.95211
3982.69289	12868.5479
3982.9946	13834.90776
3983.29635	14931.07806
3983.59813	15736.49322
3983.89994	15480.7166
3984.2018	15101.4735
3984.50368	14601.57356
3984.8056	13912.63884
3985.10755	12951.58897
3985.40954	12151.27405
3985.71156	12295.31549
3986.01362	13631.10821
3986.31571	14906.25709
3986.61783	15740.92186
3986.91999	15465.55283
3987.22219	13912.59896
3987.52442	11765.66795
3987.82668	11081.35952
3988.12898	11599.82888
3988.43131	12306.19001
3988.73367	13895.44315
3989.03607	15479.69973
3989.33851	16245.90153
3989.64098	15499.05101
3989.94348	14071.10352
3990.24602	12673.24603
3990.54859	12079.05464
3990.85119	12611.68846
3991.15384	13981.9145
3991.45651	14331.80691
3991.75922	13298.17459
3992.06196	12132.9256
3992.36474	12063.89828
3992.66756	13647.25781
3992.9704	15823.32937
3993.27329	16883.0143
3993.5762	16796.34614
3993.87915	16228.53649
3994.18214	15049.56602
3994.48516	14353.30735
3994.78821	14097.63523
3995.0913	13431.52992
3995.39442	12073.5172
3995.69758	11718.34023
3996.00077	12558.53289
3996.304	14418.19618
3996.60726	15149.99871
3996.91056	15436.24541
3997.21389	13794.80872
3997.51725	11709.14817
3997.82065	10529.12739
3998.12409	10719.8614
3998.42756	11767.62848
3998.73106	13074.54745
3999.0346	13834.71512
3999.33817	13862.16712
3999.64178	14278.5785
3999.94542	14197.15614
4000.24909	13604.6275
4000.5528	13036.92474
4000.85655	12398.01704
4001.16033	12009.37105
4001.46414	12055.77008
4001.76799	12007.2272
4002.07187	11627.14219
4002.37579	11475.96346
4002.67975	11300.5612
4002.98373	11384.04458
4003.28775	13135.6668
4003.59181	14896.96005
4003.8959	15491.20245
4004.20003	13418.81367
4004.50419	11670.82852
4004.80838	10962.69937
4005.11261	12231.13356
4005.41688	13771.85769
4005.72118	14824.85789
4006.02551	15193.09046
4006.32988	14657.62645
4006.63428	14102.1551
4006.93872	13980.91835
4007.24319	14083.43241
4007.5477	14372.36179
4007.85224	15208.33099
4008.15682	15571.91636
4008.46143	14892.8279
4008.76608	13674.36313
4009.07076	13933.72882
4009.37548	14857.06334
4009.68023	16275.90174
4009.98501	15524.25152
4010.28983	14416.79996
4010.59469	13853.63779
4010.89958	14167.66446
4011.2045	14753.99902
4011.50946	15750.74112
4011.81445	15819.02815
4012.11948	15163.08392
4012.42454	14237.62843
4012.72964	14626.77502
4013.03478	15310.26123
4013.33994	16451.88913
4013.64515	16430.14658
4013.95038	16246.0681
4014.25566	15293.71744
4014.56096	14922.64318
4014.8663	14248.06501
4015.17168	14122.45703
4015.47709	14362.31629
4015.78254	14935.02534
4016.08802	15919.43419
4016.39354	16334.29753
4016.69909	16052.46671
4017.00467	16059.8086
4017.31029	15426.89306
4017.61595	14487.40585
4017.92164	13236.4816
4018.22737	12465.63626
4018.53313	13397.26949
4018.83892	15107.63082
4019.14475	17722.95295
4019.45062	18666.36636
4019.75652	17164.19805
4020.06245	14527.53844
4020.36842	13031.87515
4020.67443	13022.26343
4020.98047	14628.36387
4021.28654	16431.07095
4021.59265	17241.82937
4021.89879	16312.0462
4022.20497	15038.56551
4022.51119	14778.38619
4022.81744	16313.48511
4023.12372	17684.61403
4023.43004	17154.50766
4023.7364	14985.20749
4024.04278	13480.88535
4024.34921	14242.54912
4024.65567	16021.15611
4024.96216	17688.85607
4025.26869	18984.6011
4025.57526	17383.65673
4025.88186	15602.41746
4026.18849	14814.27818
4026.49516	15284.85637
4026.80186	16518.84711
4027.1086	17864.34196
4027.41538	19004.76059
4027.72219	19074.65943
4028.02903	18346.79805
4028.33591	17067.33683
4028.64283	16346.94779
4028.94978	16686.71334
4029.25676	17413.02706
4029.56378	17665.64495
4029.87084	17661.43838
4030.17793	17671.24403
4030.48505	17861.30769
4030.79221	18103.2528
4031.09941	18354.74793
4031.40664	17053.45505
4031.71391	15389.33615
4032.02121	14187.3538
4032.32854	15032.6848
4032.63591	16118.81973
4032.94332	17549.47272
4033.25076	18062.35532
4033.55824	16512.38303
4033.86575	14731.22218
4034.1733	13395.06122
4034.48088	13542.50616
4034.7885	14880.82797
4035.09615	16817.87181
4035.40384	17794.22351
4035.71156	17335.96397
4036.01932	17465.24629
4036.32711	17312.33389
4036.63494	17332.71718
4036.9428	17563.02711
4037.2507	16943.15386
4037.55864	15648.66262
4037.86661	15394.3771
4038.17461	15959.65232
4038.48265	15598.51424
4038.79073	15403.31765
4039.09884	13978.99193
4039.40698	13167.7575
4039.71516	12210.44276
4040.02338	11934.06013
4040.33163	11790.78026
4040.63992	11476.3869
4040.94824	12417.52588
4041.2566	14776.33757
4041.56499	16636.18896
4041.87342	17488.85875
4042.18188	16881.28217
4042.49038	15213.18738
4042.79891	13738.18432
4043.10748	13207.99499
4043.41609	13030.3644
4043.72473	12139.35908
4044.0334	11722.53561
4044.34211	11849.33416
4044.65086	13063.59127
4044.95964	14938.00536
4045.26846	15670.86351
4045.57731	14783.65103
4045.8862	13493.38246
4046.19512	12640.285
4046.50408	13278.76203
4046.81307	14282.12401
4047.1221	15193.86407
4047.43116	15500.81252
4047.74026	15275.40477
4048.0494	15108.2378
4048.35857	15043.05349
4048.66778	15580.48182
4048.97702	14700.89688
4049.28629	13376.55063
4049.59561	12265.85444
4049.90495	12194.89695
4050.21434	12521.31654
4050.52376	13384.72783
4050.83321	13951.20383
4051.1427	14069.03887
4051.45222	15244.38554
4051.76178	16618.11634
4052.07138	17355.6307
4052.38101	16352.10764
4052.69068	14694.45865
4053.00038	13890.19101
4053.31012	13771.31937
4053.61989	14533.69529
4053.9297	15242.7211
4054.23955	15280.86836
4054.54943	15021.40792
4054.85934	14408.17024
4055.16929	13567.5595
4055.47928	13320.35859
4055.7893	13733.07174
4056.09936	14303.73869
4056.40945	14194.37492
4056.71958	14664.9792
4057.02975	14950.21564
4057.33995	14458.7927
4057.65018	14496.33674
4057.96045	13544.89673
4058.27076	12379.57549
4058.5811	12339.35221
4058.89148	13579.26866
4059.20189	14117.50406
4059.51234	13861.42923
4059.82283	12744.89483
4060.13335	11630.77124
4060.4439	11251.53464
4060.75449	11906.46
4061.06512	13093.50277
4061.37578	13974.49683
4061.68648	14030.01766
4061.99722	13785.60496
4062.30799	13021.51946
4062.61879	12858.21209
4062.92963	13853.34646
4063.24051	15774.61428
4063.55142	16077.5199
4063.86237	15237.60819
4064.17336	13881.20218
4064.48437	13445.76864
4064.79543	14613.81555
4065.10652	15237.0435
4065.41765	14512.46351
4065.72881	13319.57352
4066.04001	13837.47791
4066.35124	14795.50513
4066.66251	15479.91975
4066.97382	15532.41312
4067.28516	14755.1074
4067.59654	13713.42192
4067.90795	13270.16097
4068.2194	12636.94945
4068.53088	12784.71679
4068.8424	13161.63067
4069.15396	13802.05507
4069.46555	14444.58775
4069.77718	14343.19114
4070.08884	13910.54944
4070.40054	13412.59391
4070.71227	13446.45409
4071.02404	13729.57481
4071.33585	14048.00339
4071.64769	14539.67852
4071.95957	15052.95033
4072.27148	14530.05587
4072.58343	12835.19009
4072.89542	12118.18032
4073.20744	12673.93116
4073.5195	14154.64527
4073.83159	15670.79051
4074.14372	16465.36302
4074.45588	15901.24368
4074.76809	14218.98039
4075.08032	12289.56344
4075.39259	11285.44534
4075.7049	11433.96678
4076.01725	11804.53074
4076.32963	12072.34883
4076.64204	12556.65512
4076.9545	13898.40076
4077.26698	14903.88137
4077.57951	15012.75803
4077.89207	14237.38998
4078.20466	13597.2193
4078.51729	14533.08471
4078.82996	15986.76964
4079.14267	15733.94218
4079.45541	14086.21967
4079.76818	13100.18185
4080.08099	12938.99813
4080.39384	13387.66371
4080.70672	14511.36329
4081.01964	15527.96998
4081.3326	16774.47717
4081.64559	18016.13054
4081.95862	17606.84786
4082.27168	16432.45385
4082.58478	14249.2869
4082.89792	12372.65933
4083.21109	11933.39519
4083.52429	12854.10367
4083.83754	14275.58522
4084.15082	14911.80265
4084.46413	15244.77732
4084.77749	14170.86096
4085.09087	14144.08495
4085.4043	13382.67737
4085.71776	12656.34913
4086.03125	13120.05728
4086.34479	13934.27383
4086.65835	14668.47007
4086.97196	14891.63373
4087.2856	15083.17979
4087.59927	15094.09003
4087.91299	15096.45189
4088.22674	16071.59335
4088.54052	16877.74811
4088.85434	15938.50759
4089.1682	14646.57584
4089.48209	14128.9608
4089.79602	15230.65466
4090.10999	15870.21832
4090.42399	16019.09677
4090.73803	16125.35127
4091.0521	14988.2535
4091.36621	12983.68338
4091.68036	11265.15
4091.99454	11521.63997
4092.30876	12486.10803
4092.62301	13433.78859
4092.93731	13734.65999
4093.25163	12830.84864
4093.566	12436.90636
4093.8804	12531.69109
4094.19483	13210.34529
4094.5093	13856.13108
4094.82381	13619.82246
4095.13836	12848.88098
4095.45294	12542.24931
4095.76756	13346.46424
4096.08221	15275.1685
4096.3969	16392.39587
4096.71162	15680.97089
4097.02639	14088.69525
4097.34119	13944.35334
4097.65602	14963.72155
4097.97089	16024.17952
4098.2858	16527.43314
4098.60074	15983.07025
4098.91572	14663.8993
4099.23074	13714.29655
4099.54579	13006.16848
4099.86088	12764.75642
4100.17601	12808.98779
4100.49117	13125.03844
4100.80637	13736.50003
4101.1216	13713.77454
4101.43687	12746.93196
4101.75218	11650.43097
4102.06752	11178.92065
4102.3829	11940.60479
4102.69832	12668.515
4103.01377	12667.64921
4103.32926	12162.25394
4103.64478	12886.53362
4103.96034	14501.63435
4104.27594	15790.73679
4104.59158	15594.65184
4104.90725	14696.77006
4105.22296	13606.65181
4105.5387	12741.77715
4105.85448	13163.24359
4106.1703	13980.94072
4106.48615	14358.5356
4106.80204	15306.25289
4107.11796	15211.95121
4107.43393	14266.23923
4107.74993	13031.81975
4108.06596	12815.27992
4108.38203	12292.44734
4108.69814	11840.93488
4109.01429	12302.01927
4109.33047	13082.88265
4109.64668	14424.94783
4109.96294	15281.42574
4110.27923	15150.19452
4110.59556	14801.59408
4110.91192	14541.92763
4111.22832	14978.90681
4111.54476	15479.98452
4111.86123	15353.43456
4112.17774	14305.58504
4112.49429	13290.00069
4112.81087	13508.5716
4113.12749	14080.17344
4113.44415	13097.84936
4113.76084	11948.36133
4114.07757	11412.80735
4114.39433	11995.06809
4114.71114	13863.08713
4115.02797	14786.55919
4115.34485	14126.92862
4115.66176	12602.90713
4115.97871	11939.60625
4116.2957	12817.05642
4116.61272	14266.55654
4116.92978	14590.49227
4117.24687	13827.77538
4117.564	12703.2148
4117.88117	11839.40235
4118.19838	11792.11481
4118.51562	12571.59876
4118.8329	13002.092
4119.15021	12981.14117
4119.46757	13440.37649
4119.78495	13796.96408
4120.10238	14914.20702
4120.41984	14730.75305
4120.73734	14495.34392
4121.05488	14345.4019
4121.37245	13373.87811
4121.69006	13602.9078
4122.0077	13929.70339
4122.32538	14895.10199
4122.6431	16061.19168
4122.96086	17372.33474
4123.27865	16976.02785
4123.59648	15768.4043
4123.91435	14088.76469
4124.23225	12953.84317
4124.55019	12858.82688
4124.86816	13361.34136
4125.18618	13513.27936
4125.50423	13827.89238
4125.82231	14486.56979
4126.14044	15654.18337
4126.4586	16995.96478
4126.77679	17423.11701
4127.09503	16081.81404
4127.4133	14507.05058
4127.7316	14178.09011
4128.04995	13848.76145
4128.36833	13845.06114
4128.68675	13493.66628
4129.0052	12986.57282
4129.32369	12533.35884
4129.64222	12830.38993
4129.96079	14507.58354
4130.27939	15678.56492
4130.59803	15858.96359
4130.9167	15124.23101
4131.23542	14429.75667
4131.55417	14886.54698
4131.87295	16206.94785
4132.19178	16501.01146
4132.51064	16037.46882
4132.82953	14223.00443
4133.14847	12356.81502
4133.46744	10955.09452
4133.78645	11498.31824
4134.10549	12873.67469
4134.42457	14403.98021
4134.74369	14925.17599
4135.06285	15270.5416
4135.38204	13866.02504
4135.70127	12692.98081
4136.02054	12493.38778
4136.33984	13655.92635
4136.65918	14486.08852
4136.97856	14694.59697
4137.29797	14656.73926
4137.61742	13766.02583
4137.93691	12544.84068
4138.25644	11851.5126
4138.576	12268.12098
4138.8956	13421.61622
4139.21524	15765.64582
4139.53491	17321.49087
4139.85462	16527.24378
4140.17437	14671.24974
4140.49415	12267.38171
4140.81397	10889.69169
4141.13383	11152.7721
4141.45373	12590.72841
4141.77366	13444.13018
4142.09363	14467.10689
4142.41364	15045.80194
4142.73368	14385.70924
4143.05376	12968.97435
4143.37388	11396.41443
4143.69404	10555.89521
4144.01423	11034.24973
4144.33446	11480.4189
4144.65473	12004.45105
4144.97503	12714.62429
4145.29537	13761.29307
4145.61575	15241.20257
4145.93617	15558.76389
4146.25662	14972.58977
4146.57711	13825.45818
4146.89763	12679.82578
4147.2182	12016.20252
4147.5388	11987.77073
4147.85944	11883.50876
4148.18011	11793.92899
4148.50083	12144.45892
4148.82158	12668.67282
4149.14236	13495.73907
4149.46319	13554.2832
4149.78405	13478.61669
4150.10495	13816.72755
4150.42588	14035.3706
4150.74686	14197.10943
4151.06787	14220.35528
4151.38891	14248.78254
4151.71	13944.80575
4152.03112	13450.23415
4152.35228	13218.26951
4152.67348	13402.86085
4152.99471	14152.20505
4153.31598	15190.0434
4153.63729	15356.50866
4153.95864	14993.72884
4154.28002	14709.49377
4154.60144	14140.89144
4154.9229	13408.77904
4155.24439	14273.87548
4155.56593	15243.75175
4155.88749	16244.89567
4156.2091	16103.51011
4156.53075	15073.58706
4156.85243	14298.61018
4157.17415	13737.50546
4157.4959	13999.54153
4157.8177	14410.00408
4158.13953	14853.32972
4158.4614	14696.5412
4158.7833	13904.77358
4159.10524	13542.4541
4159.42723	13681.46253
4159.74924	14187.73952
4160.0713	15267.43297
4160.39339	15757.35222
4160.71552	15626.12851
4161.03769	14216.36443
4161.35989	12536.51827
4161.68214	11635.70599
4162.00442	11415.68583
4162.32673	12583.67361
4162.64909	14312.14743
4162.97148	15345.55803
4163.29391	14744.40255
4163.61638	13668.8405
4163.93888	12608.54163
4164.26142	13211.71848
4164.584	14771.58415
4164.90662	15732.33735
4165.22927	15172.01423
4165.55197	13523.54578
4165.8747	11956.00146
4166.19746	12109.0918
4166.52027	13934.99795
4166.84311	15673.47834
4167.16599	16181.62667
4167.48891	14324.85802
4167.81186	12585.97373
4168.13485	12221.52031
4168.45788	12670.12887
4168.78095	14332.78327
4169.10405	15686.87735
4169.4272	16696.34979
4169.75038	16499.06567
4170.07359	15647.18963
4170.39685	14627.24432
4170.72014	13089.52602
4171.04347	14117.75425
4171.36684	14717.29866
4171.69025	15219.78996
4172.01369	15151.69148
4172.33717	14995.65647
4172.66069	14832.65572
4172.98424	14407.34544
4173.30784	14103.37735
4173.63147	14522.69175
4173.95514	15709.64779
4174.27884	16555.3525
4174.60259	16222.78948
4174.92637	14299.31609
4175.25019	12236.93935
4175.57405	11971.81623
4175.89794	13096.6695
4176.22187	14791.81402
4176.54584	16294.57602
4176.86985	15658.79321
4177.1939	14246.994
4177.51798	13872.65259
4177.8421	14564.85453
4178.16626	15960.40212
4178.49046	16688.22213
4178.81469	15751.32867
4179.13896	14730.24478
4179.46327	14594.14869
4179.78762	15514.26101
4180.11201	15519.83826
4180.43643	14694.94409
4180.76089	13476.47138
4181.08539	14170.55488
4181.40993	15295.76842
4181.7345	16099.4473
4182.05911	15936.70554
4182.38376	15267.95371
4182.70845	15022.89834
4183.03317	15682.35344
4183.35794	15879.27452
4183.68274	16487.23107
4184.00758	16623.48462
4184.33245	16466.31092
4184.65737	15974.5113
4184.98232	15849.95895
4185.30731	16039.85978
4185.63234	15943.14262
4185.9574	15029.60727
4186.28251	14119.17551
4186.60765	14107.13287
4186.93283	14391.68296
4187.25805	14167.6963
4187.5833	14348.99092
4187.9086	14649.77176
4188.23393	15577.70654
4188.5593	16435.39316
4188.8847	16820.46185
4189.21015	15971.73327
4189.53563	14492.62946
4189.86115	13040.88863
4190.18671	12468.71947
4190.51231	13362.76943
4190.83794	15269.76963
4191.16361	17180.31664
4191.48932	18381.64154
4191.81507	17818.11711
4192.14086	16221.58195
4192.46668	15079.76785
4192.79255	15323.5505
4193.11845	16059.06463
4193.44438	16139.292
4193.77036	15661.65038
4194.09638	14072.65315
4194.42243	12940.667
4194.74852	13319.16302
4195.07465	15629.56106
4195.40081	16414.2365
4195.72702	16562.6484
4196.05326	15247.01492
4196.37954	13951.22121
4196.70586	13109.23446
4197.03222	12327.3799
4197.35861	12578.35229
4197.68504	13242.35101
4198.01152	14031.267
4198.33802	14769.98603
4198.66457	14114.57552
4198.99116	12649.43469
4199.31778	12062.1771
4199.64444	11934.57013
4199.97114	12223.79067
4200.29788	13041.03965
4200.62466	14312.84021
4200.95147	15307.32303
4201.27832	15100.89363
4201.60521	14529.96752
4201.93214	13362.13289
4202.25911	12767.68298
4202.58611	13397.28749
4202.91315	13696.28761
4203.24024	14393.86335
4203.56736	14502.04474
4203.89451	14344.70398
4204.22171	14975.86478
4204.54894	16369.66656
4204.87621	17708.72761
4205.20352	17889.56385
4205.53087	16962.84127
4205.85826	15052.52393
4206.18569	14335.75056
4206.51315	14518.48777
4206.84065	15219.74815
4207.16819	15645.47507
4207.49577	15306.96337
4207.82338	13669.00054
4208.15104	12829.66327
4208.47873	13407.06449
4208.80646	15398.08774
4209.13423	17609.27788
4209.46204	18631.42835
4209.78989	17503.91384
4210.11777	15658.84914
4210.44569	13491.22963
4210.77365	12422.97497
4211.10165	12548.43896
4211.42969	12609.40474
4211.75777	13836.34602
4212.08588	14211.13039
4212.41403	14701.18985
4212.74222	13807.6213
4213.07045	12250.97001
4213.39872	12352.82147
4213.72703	13294.20518
4214.05537	14028.58838
4214.38375	14713.98537
4214.71217	15165.80853
4215.04063	15374.30481
4215.36913	14737.36987
4215.69767	14191.44961
4216.02624	13766.13636
4216.35485	13030.6731
4216.68351	12768.51751
4217.0122	14059.35776
4217.34092	15240.54474
4217.66969	16157.51537
4217.9985	15971.45991
4218.32734	15788.03228
4218.65622	15047.26034
4218.98514	13836.76454
4219.3141	12972.65262
4219.6431	13817.98256
4219.97214	15601.84505
4220.30121	15949.89428
4220.63032	15630.28677
4220.95948	14766.87766
4221.28867	14232.44307
4221.61789	13305.63081
4221.94716	12474.70442
4222.27647	12273.27039
4222.60581	12494.77537
4222.93519	13414.44794
4223.26461	13995.6137
4223.59407	14531.38002
4223.92357	13977.69582
4224.25311	14336.271
4224.58269	14406.0718
4224.9123	14155.94701
4225.24195	12411.86411
4225.57164	10640.73041
4225.90137	10485.18736
4226.23114	15267.66488
4226.56095	28917.25804
4226.89079	46224.25462
4227.22068	58125.8415
4227.5506	54380.25786
4227.88056	38597.16696
4228.21056	21364.29058
4228.5406	12200.50307
4228.87068	10766.89029
4229.20079	15738.30269
4229.53095	21249.5535
4229.86114	22255.20806
4230.19137	19774.93046
4230.52164	16169.01094
4230.85195	16029.749
4231.1823	17849.83675
4231.51269	20244.86142
4231.84311	19895.1188
4232.17358	16404.26829
4232.50408	12609.94597
4232.83462	10943.5187
4233.1652	13105.45473
4233.49582	17532.87478
4233.82648	20861.78115
4234.15718	20457.22424
4234.48791	16326.06807
4234.81869	13123.9895
4235.1495	12787.34321
4235.48035	15382.90957
4235.81124	18288.4506
4236.14217	18796.1149
4236.47314	17745.23869
4236.80414	14907.85417
4237.13519	12116.54929
4237.46627	11566.73513
4237.7974	12364.29756
4238.12856	13559.13388
4238.45976	15015.30574
4238.791	15750.61631
4239.12228	16619.71358
4239.45359	17193.82453
4239.78495	16910.18148
4240.11634	15870.8511
4240.44778	14787.72576
4240.77925	14748.5528
4241.11076	15218.93796
4241.44231	16741.31272
4241.7739	17324.13807
4242.10553	17344.07223
4242.4372	16518.4514
4242.7689	15505.12566
4243.10065	14396.8518
4243.43243	13841.50273
4243.76425	13641.64279
4244.09611	14712.90349
4244.42801	15977.33433
4244.75995	17477.14805
4245.09193	17195.56431
4245.42395	16373.57148
4245.75601	14809.28612
4246.0881	14631.15326
4246.42024	14882.5911
4246.75241	14985.88763
4247.08462	13772.65677
4247.41687	13616.89573
4247.74916	13423.45059
4248.08149	14346.59373
4248.41386	15033.68736
4248.74627	15013.85164
4249.07871	14206.95884
4249.4112	13825.10221
4249.74372	14585.69785
4250.07628	16057.48875
4250.40889	16862.24133
4250.74153	17018.85386
4251.07421	15383.25515
4251.40693	13042.35456
4251.73969	11161.15691
4252.07248	11279.26538
4252.40532	12980.03603
4252.7382	15022.4501
4253.07111	16778.05533
4253.40406	17458.10143
4253.73706	16881.55109
4254.07009	15378.58572
4254.40316	14005.80727
4254.73627	13264.02705
4255.06942	13739.76726
4255.40261	14036.78915
4255.73584	14584.63902
4256.0691	16202.06042
4256.40241	17941.24574
4256.73575	18671.45841
4257.06914	17792.84643
4257.40256	15988.71367
4257.73602	15299.94001
4258.06953	15326.70609
4258.40307	16286.7752
4258.73665	15413.43432
4259.07027	14261.00598
4259.40392	13148.09676
4259.73762	13555.38913
4260.07136	14146.32161
4260.40514	15135.40877
4260.73895	14979.75679
4261.07281	14653.49671
4261.4067	14904.2033
4261.74063	15257.76325
4262.0746	15355.61109
4262.40862	14759.97874
4262.74267	14411.79256
4263.07676	14780.22538
4263.41089	15710.19624
4263.74506	15566.25443
4264.07926	15098.65448
4264.41351	14373.62076
4264.7478	15042.37864
4265.08212	15270.57295
4265.41649	14913.86908
4265.75089	14075.79423
4266.08534	13678.78083
4266.41982	14221.09546
4266.75434	15518.66918
4267.08891	16198.06741
4267.42351	16468.29046
4267.75815	17324.83897
4268.09283	17351.08489
4268.42755	16872.04645
4268.76231	15239.91831
4269.0971	14005.92796
4269.43194	14283.67314
4269.76682	15990.57889
4270.10173	18120.49187
4270.43669	18980.65367
4270.77169	18170.06503
4271.10672	16580.26545
4271.44179	15301.36002
4271.77691	14520.44149
4272.11206	14276.10886
4272.44725	14864.02071
4272.78248	14740.47836
4273.11776	13873.2335
4273.45307	12461.23276
4273.78842	12281.31372
4274.12381	13039.57093
4274.45923	14667.98954
4274.7947	16423.49026
4275.13021	17293.76018
4275.46576	17023.91853
4275.80135	15978.97479
4276.13697	14950.15417
4276.47264	14642.71491
4276.80834	14897.54867
4277.14409	15336.29033
4277.47987	15338.52791
4277.8157	14276.89647
4278.15156	14251.05468
4278.48747	15439.99006
4278.82341	16598.97726
4279.15939	16877.23852
4279.49541	16009.55987
4279.83147	15070.26002
4280.16758	15159.87678
4280.50372	16588.91796
4280.8399	18054.75007
4281.17612	18486.64119
4281.51238	16992.87394
4281.84868	14974.48599
4282.18502	14726.07059
4282.52139	15463.83986
4282.85781	15660.41288
4283.19427	16136.58563
4283.53077	15983.68273
4283.8673	15724.20748
4284.20388	16357.62144
4284.5405	16867.88181
4284.87715	16623.22804
4285.21385	15536.98391
4285.55058	14865.09799
4285.88736	15324.70912
4286.22417	16450.65228
4286.56103	16193.93861
4286.89792	15711.81556
4287.23486	14276.33818
4287.57183	14272.13668
4287.90884	14953.50204
4288.2459	15283.98172
4288.58299	14758.24146
4288.92012	13577.20758
4289.2573	13155.76871
4289.59451	13737.92717
4289.93176	14261.65774
4290.26905	14763.73415
4290.60638	15316.899
4290.94375	15270.92134
4291.28117	15314.81724
4291.61862	15942.11399
4291.95611	15766.60569
4292.29364	15113.15475
4292.63121	14188.77829
4292.96882	12911.86263
4293.30647	12588.15926
4293.64416	13714.72793
4293.98189	14883.43517
4294.31966	15591.32193
4294.65747	15449.82462
4294.99532	14644.23816
4295.33321	14288.6388
4295.67113	13770.80207
4296.0091	14745.40535
4296.34711	16180.95474
4296.68516	17221.85495
4297.02325	17644.45555
4297.36138	17814.28399
4297.69955	18652.33355
4298.03775	18659.71066
4298.376	17511.85657
4298.71429	15902.42706
4299.05262	14569.0264
4299.39099	14935.06278
4299.72939	16797.83003
4300.06784	18689.07045
4300.40633	18778.14247
4300.74486	17296.65078
4301.08343	14919.36156
4301.42203	14736.284
4301.76068	15597.92013
4302.09937	16572.18057
4302.4381	17748.87431
4302.77687	18568.07515
4303.11567	19164.38495
4303.45452	17321.7298
4303.79341	15406.80085
4304.13234	13755.54512
4304.4713	12713.29451
4304.81031	12679.58557
4305.14936	13337.37102
4305.48845	15831.16777
4305.82758	19672.99332
4306.16674	22021.7149
4306.50595	20738.71587
4306.8452	17094.4614
4307.18449	12846.24539
4307.52382	11524.81326
4307.86319	12447.69368
4308.2026	13674.175
4308.54204	14182.80292
4308.88153	14605.59233
4309.22106	15167.57376
4309.56063	16548.76777
4309.90024	17943.76298
4310.23989	18010.85809
4310.57958	16429.61838
4310.91931	14314.60754
4311.25908	13792.36205
4311.59889	15228.05889
4311.93874	16965.38507
4312.27863	17171.54327
4312.61856	16234.60238
4312.95853	15091.52347
4313.29854	14072.23011
4313.6386	13295.66052
4313.97869	14063.89925
4314.31882	15157.06007
4314.65899	15543.83977
4314.9992	15704.56561
4315.33946	15021.77319
4315.67975	14797.08664
4316.02008	15201.01406
4316.36045	15404.81824
4316.70087	15615.06512
4317.04132	15933.55443
4317.38182	15782.96103
4317.72235	15695.08867
4318.06292	15113.02981
4318.40354	15117.29241
4318.7442	16219.96091
4319.08489	16888.68124
4319.42563	16983.12803
4319.7664	16906.76648
4320.10722	16586.88345
4320.44808	16736.36325
4320.78897	16278.8824
4321.12991	14546.73699
4321.47089	13943.40566
4321.81191	14503.35961
4322.15297	15434.30102
4322.49406	14611.51422
4322.8352	13174.28987
4323.17638	11578.19653
4323.5176	10719.01887
4323.85886	11844.5007
4324.20017	13797.44433
4324.54151	15318.4978
4324.88289	15756.52519
4325.22431	15199.52072
4325.56577	14116.04963
4325.90728	13279.31679
4326.24882	13022.64442
4326.5904	13989.58062
4326.93203	15187.63902
4327.27369	16117.38703
4327.6154	17142.7379
4327.95714	18014.13796
4328.29893	17263.19867
4328.64076	16877.54233
4328.98262	15384.69593
4329.32453	14471.728
4329.66648	14240.50994
4330.00847	14652.11947
4330.3505	16681.93017
4330.69257	18228.76622
4331.03468	19045.82577
4331.37683	19386.35491
4331.71902	18490.65449
4332.06125	16888.66715
4332.40353	16101.60115
4332.74584	14667.46379
4333.08819	13448.53723
4333.43059	13630.46829
4333.77302	14949.28436
4334.1155	15700.88196
4334.45801	15376.06888
4334.80057	13564.37807
4335.14317	12170.64825
4335.48581	12854.33282
4335.82848	15246.36927
4336.1712	17079.42262
4336.51396	17665.44013
4336.85676	16618.01106
4337.19961	15549.3156
4337.54249	14581.34349
4337.88541	14471.17198
4338.22837	14190.7748
4338.57138	13748.84567
4338.91442	14818.16973
4339.25751	16688.69056
4339.60063	17443.13527
4339.9438	16761.59374
4340.28701	15925.64913
4340.63025	14467.30511
4340.97354	13497.59579
4341.31687	12720.28647
4341.66024	13453.61288
4342.00365	15396.71626
4342.3471	17098.84033
4342.6906	16596.54071
4343.03413	15124.49302
4343.3777	13659.98234
4343.72132	13286.94507
4344.06497	14755.87404
4344.40867	16908.74886
4344.75241	17115.60155
4345.09618	16227.03881
4345.44	15110.65504
4345.78386	14069.60764
4346.12776	13471.85376
4346.4717	14008.4054
4346.81569	15339.70137
4347.15971	15587.74881
4347.50377	14690.18488
4347.84788	13151.32206
4348.19202	13065.9155
4348.53621	14737.64388
4348.88044	16216.92286
4349.2247	17180.81809
4349.56901	17123.79322
4349.91336	18061.5755
4350.25775	18278.05282
4350.60218	17931.61805
4350.94666	16857.36707
4351.29117	15610.27907
4351.63572	15191.83161
4351.98032	15942.38354
4352.32495	15881.62221
4352.66963	15149.56765
4353.01435	14594.42229
4353.35911	14877.07493
4353.70391	15663.16001
4354.04875	16593.10341
4354.39363	16436.50789
4354.73855	15419.44722
4355.08352	15517.74812
4355.42852	16906.41072
4355.77357	17380.01378
4356.11865	16198.91625
4356.46378	14656.32899
4356.80895	14023.04635
4357.15416	14349.13238
4357.49941	15701.90071
4357.8447	16358.02415
4358.19004	15980.56107
4358.53541	16503.27439
4358.88083	17684.83023
4359.22628	19080.98891
4359.57178	18351.24159
4359.91732	16613.59506
4360.2629	14398.55225
4360.60852	13210.62267
4360.95418	13151.68508
4361.29988	14453.25918
4361.64562	14985.13404
4361.99141	14970.79245
4362.33723	15097.13382
4362.6831	16512.1658
4363.02901	17614.08802
4363.37496	16882.75671
4363.72095	15321.08538
4364.06698	14317.73733
4364.41305	14730.5098
4364.75917	15381.34634
4365.10532	16375.66768
4365.45152	16731.54185
4365.79776	15546.25622
4366.14404	14271.15492
4366.49036	13634.75752
4366.83672	13263.76843
4367.18312	15522.03865
4367.52956	18612.22408
4367.87605	18645.73722
4368.22257	16349.73991
4368.56914	13359.11176
4368.91575	11801.8117
4369.2624	12774.53795
4369.60909	15091.78748
4369.95582	16116.60416
4370.3026	15245.99838
4370.64941	14737.97781
4370.99627	15239.59739
4371.34316	15902.40295
4371.6901	16028.15124
4372.03708	15674.75409
4372.3841	15363.09211
4372.73117	15454.42781
4373.07827	15332.87213
4373.42542	15657.29759
4373.7726	15495.68987
4374.11983	14664.02281
4374.4671	14748.90841
4374.81441	15670.81041
4375.16176	15335.65922
4375.50916	14796.09654
4375.85659	14221.83957
4376.20407	14668.38241
4376.55158	15427.15719
4376.89914	15936.93549
4377.24674	15058.05363
4377.59439	14917.91877
4377.94207	16031.45888
4378.28979	17667.63891
4378.63756	18886.59969
4378.98537	18724.5642
4379.33322	17817.39667
4379.68111	16530.18419
4380.02904	15088.32278
4380.37701	14995.73819
4380.72503	15222.39047
4381.07308	17010.53968
4381.42118	18488.326
4381.76932	18125.02228
4382.1175	18114.26699
4382.46572	17709.71049
4382.81399	17141.06005
4383.16229	15943.50909
4383.51064	15635.49065
4383.85903	15430.76834
4384.20746	15144.96179
4384.55593	15201.8239
4384.90444	15607.01466
4385.25299	16152.55716
4385.60159	15905.12284
4385.95023	16124.44784
4386.29891	16441.05799
4386.64763	16638.57503
4386.99639	16813.77042
4387.34519	16551.14169
4387.69404	15958.62524
4388.04293	15678.02981
4388.39185	15251.89723
4388.74083	14748.10082
4389.08984	14877.3174
4389.43889	15542.54716
4389.78799	15918.97598
4390.13712	16050.21497
4390.4863	16036.83211
4390.83552	16923.10188
4391.18478	17371.25219
4391.53409	16698.46609
4391.88343	15537.47455
4392.23282	14406.07548
4392.58225	13337.96853
4392.93172	13658.11255
4393.28123	14501.89515
4393.63078	15253.9456
4393.98038	15972.98975
4394.33002	15137.12149
4394.6797	14863.64847
4395.02942	13832.63073
4395.37918	13864.58603
4395.72898	15506.57071
4396.07883	17287.76658
4396.42872	17359.45505
4396.77865	16136.51697
4397.12862	15151.81033
4397.47863	14982.64691
4397.82868	15175.09964
4398.17878	16115.3901
4398.52892	16369.5909
4398.8791	16868.75995
4399.22932	16491.48488
4399.57959	16376.96508
4399.92989	15949.17316
4400.28024	15946.15423
4400.63063	16239.17263
4400.98106	16493.79504
4401.33153	16555.01728
4401.68205	16131.52554
4402.0326	15490.52651
4402.3832	14175.51782
4402.73384	13376.04079
4403.08453	13984.16735
4403.43525	15157.3127
4403.78602	16495.66729
4404.13683	16526.08005
4404.48768	15594.56828
4404.83857	14529.23945
4405.1895	14246.97843
4405.54048	15134.88423
4405.8915	15724.47403
4406.24256	15911.98962
4406.59366	15377.95436
4406.9448	15137.3415
4407.29599	15234.00966
4407.64721	15095.51041
4407.99848	15540.99756
4408.3498	15837.33609
4408.70115	15011.4016
4409.05255	14988.91347
4409.40398	14696.51704
4409.75546	15482.98948
4410.10699	16595.89711
4410.45855	18089.12898
4410.81015	19159.81281
4411.1618	19814.89426
4411.51349	18728.45308
4411.86522	17085.63354
4412.217	14894.93974
4412.56881	13575.67065
4412.92067	13121.83278
4413.27257	14295.6527
4413.62452	15798.87005
4413.9765	16249.72808
4414.32853	16078.49567
4414.6806	15810.22705
4415.03271	16485.78102
4415.38486	17176.57623
4415.73705	17763.66243
4416.08929	17703.59223
4416.44157	17721.84511
4416.79389	16813.85356
4417.14626	16106.13145
4417.49866	15855.28934
4417.85111	15282.78526
4418.2036	15977.54636
4418.55613	15714.57471
4418.90871	15671.65405
4419.26132	16652.9909
4419.61398	17613.3464
4419.96669	16402.09011
4420.31943	14493.3295
4420.67221	13909.00996
4421.02504	14882.93828
4421.37791	16735.6062
4421.73083	18759.0162
4422.08378	19843.8637
4422.43678	18440.35847
4422.78982	16216.80571
4423.1429	14950.02334
4423.49602	15391.39328
4423.84919	17518.99455
4424.2024	17838.9723
4424.55565	18367.84557
4424.90894	17716.08303
4425.26227	17824.70991
4425.61565	17894.71729
4425.96907	17684.4942
4426.32253	17398.83277
4426.67604	17580.31222
4427.02959	18437.58213
4427.38318	17967.46724
4427.73681	16216.24296
4428.09048	15454.3684
4428.4442	14876.78187
4428.79796	14867.56579
4429.15176	15485.51022
4429.5056	15544.58852
4429.85949	15257.25233
4430.21342	15725.59285
4430.56739	17153.13787
4430.9214	18829.1203
4431.27546	17877.01234
4431.62955	15799.99339
4431.98369	12760.96504
4432.33788	12402.16667
4432.6921	13998.78816
4433.04637	15155.13081
4433.40068	15397.72748
4433.75503	15159.69466
4434.10943	15216.03334
4434.46387	15867.31753
4434.81835	16174.5393
4435.17287	15881.85893
4435.52744	15796.80962
4435.88204	16438.50296
4436.2367	17861.42563
4436.59139	19023.6053
4436.94612	19021.11849
4437.3009	17809.22463
4437.65572	17134.70275
4438.01059	16938.95422
4438.36549	16957.96059
4438.72044	17651.79934
4439.07543	17920.60567
4439.43046	17370.51959
4439.78554	16521.25682
4440.14066	15540.42478
4440.49582	16310.21189
4440.85102	18294.62937
4441.20627	19977.732
4441.56156	20016.64132
4441.91689	18052.49398
4442.27227	15795.98989
4442.62768	14309.99598
4442.98314	13827.19136
4443.33865	15445.81925
4443.69419	17247.60907
4444.04978	18908.85662
4444.40541	19089.40204
4444.76108	17539.45743
4445.1168	15696.43998
4445.47256	15621.8988
4445.82836	17033.10914
4446.1842	18296.93994
4446.54009	18165.30133
4446.89602	17001.04874
4447.25199	15050.04812
4447.60801	13361.98515
4447.96406	13766.5494
4448.32016	15278.13915
4448.67631	16248.88018
4449.03249	16182.5378
4449.38872	16969.34172
4449.74499	17588.09086
4450.10131	17116.83435
4450.45766	16087.1902
4450.81406	15006.1057
4451.17051	15007.45777
4451.52699	16403.56215
4451.88352	17690.70823
4452.24009	18098.63563
4452.59671	18008.55726
4452.95336	16669.70993
4453.31006	16120.4243
4453.66681	15563.5687
4454.02359	15705.68413
4454.38042	16584.27823
4454.73729	18121.61906
4455.0942	19176.95643
4455.45116	18520.8766
4455.80816	16737.02875
4456.1652	16189.1223
4456.52229	17275.85992
4456.87942	18921.17736
4457.23659	18755.75949
4457.59381	17328.00285
4457.95106	15560.46441
4458.30836	15062.63521
4458.66571	15453.09048
4459.02309	16833.36228
4459.38052	17914.10541
4459.73799	18230.5437
4460.09551	18063.05979
4460.45307	16558.77875
4460.81067	15109.13988
4461.16831	14503.52224
4461.526	15943.5033
4461.88373	16463.14921
4462.2415	16711.04698
4462.59932	17467.03785
4462.95718	17310.07502
4463.31508	17477.70969
4463.67303	16888.06493
4464.03102	15225.18405
4464.38905	14271.36408
4464.74712	13931.58548
4465.10524	14318.99373
4465.4634	15440.10298
4465.82161	17140.61671
4466.17985	17887.04771
4466.53814	18459.59222
4466.89648	18282.2078
4467.25485	17459.79729
4467.61327	17586.07965
4467.97174	18562.91598
4468.33024	18417.89874
4468.68879	17316.53845
4469.04738	15619.00724
4469.40602	13938.6971
4469.7647	12771.7815
4470.12342	13130.5009
4470.48218	14214.83572
4470.84099	15996.34789
4471.19984	18137.11932
4471.55874	19862.5258
4471.91768	19016.01059
4472.27666	17600.43491
4472.63568	15843.53164
4472.99475	14748.65253
4473.35386	13986.79173
4473.71301	14303.23866
4474.07221	15625.58629
4474.43145	16727.07564
4474.79073	18080.99141
4475.15006	18584.21583
4475.50943	18673.77324
4475.86884	18138.69279
4476.2283	17896.92932
4476.5878	17778.43922
4476.94734	17359.16696
4477.30693	16043.65615
4477.66656	16110.62939
4478.02623	15520.27397
4478.38595	15323.989
4478.74571	15023.32627
4479.10551	14591.56136
4479.46536	14072.41154
4479.82525	15330.39963
4480.18519	17538.76488
4480.54516	18704.6533
4480.90518	18984.78249
4481.26525	17159.78024
4481.62535	15949.08673
4481.9855	15632.7837
4482.3457	16553.23329
4482.70593	17845.8487
4483.06622	18606.39632
4483.42654	18500.23322
4483.78691	17716.15086
4484.14732	16880.82575
4484.50777	15796.38557
4484.86827	15623.79181
4485.22881	16001.81825
4485.5894	16751.96515
4485.95003	16861.26322
4486.3107	16925.15696
4486.67141	16133.71071
4487.03217	15086.76614
4487.39297	13972.48139
4487.75382	12915.14909
4488.11471	13297.1665
4488.47564	14549.40991
4488.83662	14995.44834
4489.19764	15206.99476
4489.5587	14566.19724
4489.91981	14130.54195
4490.28096	13901.50277
4490.64216	14645.66696
4491.00339	15404.79906
4491.36468	15353.97813
4491.726	15057.40179
4492.08737	14279.40241
4492.44878	13723.45053
4492.81024	13254.35621
4493.17174	12882.97618
4493.53328	13493.58339
4493.89487	14200.9284
4494.2565	14297.23319
4494.61817	14251.53067
4494.97989	14410.20485
4495.34165	15696.14894
4495.70346	16642.95269
4496.06531	16839.01098
4496.4272	16489.55861
4496.78913	16571.45352
4497.15111	16937.31368
4497.51314	16654.74751
4497.87521	16223.42219
4498.23732	15928.31428
4498.59947	15144.4087
4498.96167	14037.12853
4499.32391	12751.0967
4499.6862	13447.78052
4500.04853	15607.05876
4500.4109	17109.5458
4500.77332	17043.81295
4501.13578	16048.23622
4501.49829	14309.23406
4501.86083	14110.22753
4502.22343	15133.27915
4502.58606	16416.7102
4502.94874	17261.5495
4503.31147	17823.97185
4503.67423	17682.11777
4504.03705	16985.73492
4504.3999	16370.42844
4504.7628	15375.48327
4505.12574	14615.35634
4505.48873	14246.28833
4505.85176	14958.05212
4506.21484	15306.32186
4506.57796	14963.38257
4506.94112	14316.4835
4507.30432	14399.29159
4507.66758	15794.05721
4508.03087	16942.23085
4508.39421	17134.26261
4508.75759	16590.74744
4509.12102	16705.55507
4509.48449	16738.81752
4509.848	17064.94091
4510.21156	16979.27961
4510.57516	16925.26035
4510.93881	16433.50814
4511.3025	16006.64236
4511.66623	15051.96106
4512.03001	15099.64666
4512.39383	15129.80939
4512.7577	14514.84296
4513.1216	15125.14983
4513.48556	15488.4925
4513.84956	15932.00349
4514.2136	15310.5858
4514.57768	15231.10664
4514.94181	15017.01194
4515.30599	15153.44841
4515.67021	16134.9042
4516.03447	17031.08755
4516.39878	17239.97452
4516.76313	17436.27716
4517.12752	17003.05071
4517.49196	17152.0521
4517.85644	17435.61562
4518.22097	16115.83809
4518.58554	15151.53218
4518.95015	13714.44803
4519.31481	13955.31768
4519.67952	14396.71942
4520.04426	15076.70246
4520.40906	15375.60953
4520.77389	15594.1305
4521.13877	15753.6963
4521.5037	15093.38681
4521.86866	14037.60882
4522.23368	13077.91045
4522.59873	13819.13774
4522.96383	14812.61192
4523.32898	15029.95662
4523.69417	14581.71792
4524.0594	14567.27068
4524.42468	15221.59173
4524.79	16853.19726
4525.15537	18024.71953
4525.52078	17851.60862
4525.88623	17321.55571
4526.25173	15789.19263
4526.61728	15882.61812
4526.98286	16192.81885
4527.3485	16333.73582
4527.71417	14823.91249
4528.07989	13499.26625
4528.44566	13715.63292
4528.81147	15066.97495
4529.17732	16162.42097
4529.54322	15863.46778
4529.90916	14452.94179
4530.27515	12702.60398
4530.64118	12634.34741
4531.00725	14218.99507
4531.37337	15688.23347
4531.73954	16473.03834
4532.10574	15968.14593
4532.472	16168.39913
4532.83829	16941.48276
4533.20464	17000.56335
4533.57102	16324.22938
4533.93745	16390.10879
4534.30393	17148.48064
4534.67045	16742.93648
4535.03701	16802.22082
4535.40362	17015.81842
4535.77027	15548.82261
4536.13697	14471.80243
4536.50371	14465.36267
4536.87049	14844.76183
4537.23733	15680.1976
4537.6042	16432.00772
4537.97112	16639.66189
4538.33808	16922.04094
4538.70509	17805.07071
4539.07215	17133.06525
4539.43924	16259.78591
4539.80638	15582.3698
4540.17357	15310.34863
4540.5408	17035.05863
4540.90808	18399.20279
4541.2754	18725.19442
4541.64276	18452.05917
4542.01017	17134.41218
4542.37763	15913.33794
4542.74513	15326.87008
4543.11267	15621.43995
4543.48026	15910.42796
4543.84789	16323.24071
4544.21557	15958.87638
4544.58329	16171.32386
4544.95105	16705.43641
4545.31887	17112.96705
4545.68672	17050.0885
4546.05462	17238.19892
4546.42257	17362.42235
4546.79056	17473.7991
4547.15859	16843.573
4547.52667	15981.646
4547.89479	15049.94854
4548.26296	15407.72612
4548.63117	17711.84152
4548.99943	19364.10701
4549.36773	19889.27342
4549.73608	19077.30709
4550.10447	17850.9773
4550.47291	16458.57155
4550.84139	16061.37132
4551.20992	17022.27845
4551.57849	17440.33214
4551.94711	17800.71397
4552.31577	17572.05925
4552.68447	16483.97244
4553.05322	16034.63109
4553.42202	15900.56619
4553.79086	15853.89901
4554.15974	14722.27878
4554.52867	13405.56585
4554.89764	13460.74586
4555.26666	15031.65725
4555.63573	17334.48142
4556.00484	19524.4989
4556.37399	18616.38579
4556.74319	16376.27465
4557.11243	15741.67396
4557.48172	16209.80475
4557.85105	17130.9393
4558.22043	16979.42744
4558.58985	15712.41363
4558.95932	14048.07915
4559.32883	14410.81429
4559.69839	16179.36228
4560.068	18361.40374
4560.43764	18902.45532
4560.80734	16903.29152
4561.17707	14388.92053
4561.54686	13750.56425
4561.91668	15544.28608
4562.28656	15728.61791
4562.65647	15776.73904
4563.02643	15990.4641
4563.39644	15978.30897
4563.76649	15972.12775
4564.13659	16937.0464
4564.50673	17393.42823
4564.87692	16601.3068
4565.24715	15799.82838
4565.61743	15254.07651
4565.98775	14885.68693
4566.35812	15146.42649
4566.72854	15344.78411
4567.09899	16247.69291
4567.4695	16940.98462
4567.84004	17142.46184
4568.21064	16787.47387
4568.58127	16813.2997
4568.95196	15968.44932
4569.32269	15974.58614
4569.69346	15862.12411
4570.06428	15948.81801
4570.43514	15349.60511
4570.80605	15213.51517
4571.17701	15892.18059
4571.548	17432.18133
4571.91905	17944.58221
4572.29014	17155.33972
4572.66127	16374.69988
4573.03245	16036.61483
4573.40368	14762.7571
4573.77495	13578.28424
4574.14626	13950.39114
4574.51763	15304.67168
4574.88903	17411.49888
4575.26048	18006.55498
4575.63198	17478.76684
4576.00352	15911.76541
4576.37511	14823.1606
4576.74674	13909.47662
4577.11842	13848.2947
4577.49014	14550.94245
4577.86191	14632.67545
4578.23372	15097.27665
4578.60558	15662.03677
4578.97748	16938.40295
4579.34943	17914.15617
4579.72143	16955.67573
4580.09347	15155.33423
4580.46555	13790.98134
4580.83768	12928.79257
4581.20986	13166.48393
4581.58208	13820.25499
4581.95435	15133.51866
4582.32666	16396.38628
4582.69902	16612.45937
4583.07142	17157.63599
4583.44387	17886.40953
4583.81636	18686.08408
4584.1889	18522.84815
4584.56149	17893.92341
4584.93412	17255.2664
4585.30679	16351.98719
4585.67951	16278.35107
4586.05228	16190.07341
4586.42509	16071.90608
4586.79795	16156.1677
4587.17085	16329.7502
4587.5438	16487.11032
4587.91679	15720.10897
4588.28983	14969.40732
4588.66291	14682.57065
4589.03604	15169.36029
4589.40922	16417.20413
4589.78244	17813.48227
4590.15571	16936.18388
4590.52902	15754.08075
4590.90238	15116.22262
4591.27578	15782.60622
4591.64923	16764.36063
4592.02272	17368.65529
4592.39626	17410.30064
4592.76985	15514.39962
4593.14348	14734.50561
4593.51716	15294.98568
4593.89088	15748.7294
4594.26465	16329.97395
4594.63846	15706.11234
4595.01232	15002.3474
4595.38623	14036.57287
4595.76018	13718.69185
4596.13417	14396.75836
4596.50821	15354.19283
4596.8823	16298.93733
4597.25643	16584.17065
4597.63061	15496.71732
4598.00484	14351.52522
4598.37911	15343.3223
4598.75342	16477.43821
4599.12778	17779.0909
4599.50219	18750.35961
4599.87664	19302.48458
4600.25114	18333.76093
4600.62569	16096.83589
4601.00028	14890.8088
4601.37491	14713.67529
4601.7496	14502.89003
4602.12432	15704.07228
4602.4991	17120.9915
4602.87392	18193.37375
4603.24878	17767.18809
4603.62369	16785.60741
4603.99865	15898.73413
4604.37365	14011.12624
4604.7487	12774.22138
4605.12379	13033.06758
4605.49893	14031.60617
4605.87412	16462.63733
4606.24935	18649.91856
4606.62463	17749.97029
4606.99995	17313.43426
4607.37532	16249.64955
4607.75073	16209.18205
4608.12619	17499.13849
4608.5017	18023.15525
4608.87725	17126.36672
4609.25285	15936.25134
4609.62849	15481.53771
4610.00418	15967.96594
4610.37992	16578.77815
4610.7557	17092.2778
4611.13153	17577.88121
4611.50741	17479.43368
4611.88333	18120.44214
4612.25929	19471.50961
4612.6353	18760.58551
4613.01136	16946.27099
4613.38747	14522.73839
4613.76362	13801.73835
4614.13981	14333.21214
4614.51605	16234.84537
4614.89234	17297.93661
4615.26867	18658.08518
4615.64505	18406.79446
4616.02148	17278.23335
4616.39795	16036.29973
4616.77447	15550.65988
4617.15104	15326.62694
4617.52765	16450.84151
4617.9043	17181.35789
4618.281	17940.80468
4618.65775	18584.8616
4619.03455	18581.56074
4619.41139	17230.96304
4619.78828	17802.39408
4620.16521	18348.31955
4620.54219	17453.1781
4620.91921	16179.67023
4621.29628	15101.58055
4621.6734	15156.88973
4622.05057	17154.94351
4622.42778	17882.48118
4622.80503	17681.12947
4623.18233	16490.73983
4623.55968	15794.48554
4623.93708	16450.83492
4624.31452	17699.38776
4624.69201	18574.59337
4625.06954	18402.1479
4625.44712	17047.3425
4625.82474	15152.4464
4626.20242	13686.10174
4626.58013	13234.74007
4626.9579	13552.37112
4627.33571	13940.4557
4627.71357	14906.42423
4628.09147	15622.06573
4628.46942	16687.74255
4628.84742	16762.35866
4629.22546	16037.40442
4629.60355	14661.32492
4629.98168	15125.46415
4630.35986	17860.51474
4630.73809	19284.22181
4631.11637	18423.37743
4631.49469	15659.19381
4631.87305	13458.50756
4632.25147	14692.58667
4632.62992	16706.94534
4633.00843	18424.11488
4633.38698	19088.80887
4633.76558	19004.84869
4634.14423	18677.20793
4634.52292	18338.84508
4634.90166	17449.26719
4635.28044	16869.83994
4635.65927	16721.50708
4636.03815	17134.60791
4636.41707	18639.42205
4636.79604	20037.36021
4637.17506	20278.85769
4637.55412	18689.78366
4637.93323	17535.37688
4638.31239	17866.21028
4638.69159	18564.4812
4639.07084	19717.1659
4639.45013	19689.17984
4639.82947	18669.19266
4640.20886	15886.59891
4640.5883	13665.52062
4640.96778	14215.51791
4641.34731	16445.67975
4641.72688	18631.60635
4642.1065	19387.97611
4642.48617	18635.33748
4642.86589	17586.8715
4643.24565	17237.64612
4643.62545	17100.93146
4644.00531	17095.35501
4644.38521	17074.45626
4644.76516	16849.47565
4645.14515	16326.39992
4645.52519	16891.29672
4645.90528	17752.3549
4646.28541	17875.66255
4646.66559	17645.38821
4647.04582	17432.45494
4647.4261	17026.98219
4647.80642	17739.93902
4648.18678	17587.88375
4648.5672	16613.24177
4648.94766	15580.02735
4649.32817	14396.44998
4649.70872	14600.75953
4650.08932	14854.6451
4650.46997	15493.71465
4650.85066	16103.60654
4651.2314	15639.12643
4651.61219	16117.06012
4651.99303	16088.55423
4652.37391	15265.97213
4652.75484	14517.00569
4653.13581	13795.4577
4653.51683	14632.31776
4653.8979	14971.53968
4654.27902	15987.17266
4654.66018	15899.3137
4655.04139	15946.49729
4655.42264	16706.52829
4655.80395	16908.02269
4656.1853	16192.85431
4656.56669	15168.90009
4656.94814	15050.94601
4657.32963	14657.97117
4657.71116	15955.28663
4658.09275	17679.8526
4658.47438	17948.08129
4658.85605	17916.03462
4659.23778	17911.1158
4659.61955	17940.88065
4660.00137	18051.19725
4660.38323	18256.96855
4660.76515	19180.98552
4661.14711	20135.6727
4661.52911	20222.41239
4661.91117	18977.86326
4662.29327	17666.79932
4662.67541	15439.05366
4663.05761	14052.76228
4663.43985	13589.8347
4663.82214	14215.65558
4664.20447	14355.82829
4664.58685	15152.45553
4664.96928	16898.974
4665.35176	18021.18902
4665.73428	18507.45216
4666.11685	18264.75762
4666.49947	17625.90225
4666.88213	17450.57802
4667.26485	17829.81557
4667.6476	18812.65773
4668.03041	18505.38725
4668.41326	18052.52603
4668.79616	16652.98392
4669.17911	15955.23758
4669.5621	15797.47788
4669.94514	16008.31424
4670.32823	15476.56025
4670.71137	16448.60316
4671.09455	17172.32604
4671.47778	17471.70144
4671.86106	16614.79201
4672.24438	15897.22306
4672.62775	16085.20377
4673.01117	16371.94043
4673.39464	16865.12398
4673.77815	16977.57603
4674.16171	16482.64968
4674.54532	16055.81156
4674.92897	14972.77251
4675.31267	15673.38851
4675.69642	16607.31735
4676.08022	17405.64261
4676.46406	18286.80757
4676.84795	19076.02116
4677.23189	19373.78404
4677.61588	18605.14993
4677.99991	17413.97987
4678.38399	16540.35127
4678.76812	15677.19341
4679.15229	15334.87808
4679.53651	16052.48525
4679.92078	17072.00442
4680.3051	17977.67111
4680.68946	17516.44267
4681.07387	16893.47031
4681.45833	16198.76967
4681.84284	15821.19015
4682.22739	15903.37035
4682.61199	16293.92433
4682.99664	16125.39068
4683.38133	15223.47425
4683.76608	14491.40624
4684.15087	13710.68369
4684.53571	14710.82276
4684.92059	15596.88616
4685.30552	15171.41635
4685.6905	15634.63666
4686.07553	16279.27083
4686.46061	16728.54693
4686.84573	16587.73821
4687.2309	16732.00263
4687.61611	18187.76808
4688.00138	20252.2682
4688.38669	20793.69735
4688.77205	18771.5999
4689.15746	16537.55053
4689.54291	15085.5536
4689.92842	14397.39221
4690.31397	14394.19018
4690.69956	15224.69141
4691.08521	16616.0956
4691.4709	16689.9172
4691.85664	16368.27348
4692.24243	15317.36804
4692.62826	15466.04433
4693.01415	16184.34982
4693.40008	16851.025
4693.78606	17403.59207
4694.17208	16337.01607
4694.55815	14349.47361
4694.94428	11955.00212
4695.33044	11886.2203
4695.71666	17678.13893
4696.10292	30502.97583
4696.48924	47716.43352
4696.8756	59849.26174
4697.262	58140.95583
4697.64846	44301.94382
4698.03496	28142.80554
4698.42151	17880.87643
4698.80811	16169.64004
4699.19475	20270.97198
4699.58145	23172.74573
4699.96819	22485.18738
4700.35497	21302.73381
4700.74181	19666.82012
4701.1287	18614.69339
4701.51563	18051.62019
4701.90261	16439.50893
4702.28963	15267.312
4702.67671	16608.09135
4703.06383	19976.29822
4703.451	22637.12031
4703.83822	24839.43295
4704.22549	24097.97499
4704.6128	21738.87198
4705.00016	18288.69227
4705.38757	16612.63999
4705.77503	16785.43344
4706.16254	17481.28726
4706.55009	18465.3753
4706.93769	18764.36127
4707.32534	18120.26199
4707.71304	17439.95461
4708.10078	16046.83431
4708.48858	16177.47866
4708.87642	17058.38539
4709.26431	16082.04288
4709.65224	15044.62312
4710.04023	15400.91756
4710.42826	16490.43198
4710.81634	16940.53133
4711.20447	16231.3693
4711.59265	15636.13607
4711.98087	15319.48404
4712.36914	16168.90886
4712.75747	18239.45467
4713.14583	17991.75368
4713.53425	16669.6286
4713.92271	15297.69106
4714.31123	15761.0247
4714.69979	16628.21263
4715.0884	16388.27056
4715.47705	14991.19923
4715.86576	13659.00396
4716.25451	14300.566
4716.64331	15212.59566
4717.03216	15882.77736
4717.42106	15971.30223
4717.81	15697.17373
4718.199	16300.86797
4718.58804	17150.19649
4718.97713	19212.43718
4719.36626	19950.31086
4719.75545	19215.74323
4720.14468	16933.29172
4720.53397	15055.46982
4720.9233	13943.34191
4721.31267	15202.96505
4721.7021	16430.28275
4722.09158	17362.71299
4722.4811	16379.39295
4722.87067	15965.07109
4723.26029	16437.19831
4723.64996	17598.3485
4724.03967	17720.2517
4724.42944	16624.96072
4724.81925	15261.75251
4725.20911	14230.40941
4725.59902	14841.38268
4725.98897	16500.68164
4726.37898	19042.70659
4726.76903	20778.47645
4727.15913	21477.54348
4727.54928	19460.50741
4727.93948	18073.46897
4728.32973	17400.35882
4728.72002	17585.7216
4729.11037	18463.64521
4729.50076	17994.07845
4729.8912	17441.83144
4730.28169	16702.02229
4730.67223	16170.02785
4731.06281	15995.73503
4731.45344	16572.65392
4731.84413	16348.61402
4732.23486	16295.75017
4732.62563	16013.63281
4733.01646	15034.7945
4733.40734	14494.60712
4733.79826	16505.43177
4734.18923	19588.19053
4734.58025	22248.49296
4734.97132	21519.43768
4735.36244	18225.32872
4735.75361	15537.18435
4736.14482	14973.39914
4736.53608	16045.77413
4736.9274	16276.52955
4737.31876	17326.63457
4737.71017	18092.3157
4738.10162	19021.10469
4738.49313	19981.83928
4738.88468	19805.99888
4739.27628	18288.95113
4739.66794	17200.08923
4740.05964	16232.20148
4740.45138	16205.85224
4740.84318	16535.56574
4741.23503	16676.50479
4741.62692	16531.00046
4742.01886	16958.7662
4742.41085	17299.80856
4742.80289	15659.43707
4743.19498	14040.22007
4743.58712	12849.49064
4743.97931	12562.18487
4744.37154	14356.07152
4744.76382	18088.77977
4745.15615	19801.62555
4745.54853	19228.58688
4745.94096	17071.51508
4746.33344	15361.80198
4746.72597	15071.88853
4747.11854	14847.89719
4747.51117	15375.06397
4747.90384	16376.65156
4748.29656	18047.95731
4748.68933	19430.07104
4749.08215	18485.72933
4749.47502	16212.39889
4749.86793	14311.24052
4750.2609	14271.91474
4750.65391	16064.37916
4751.04697	17323.08573
4751.44008	16995.6613
4751.83324	16285.55779
4752.22645	15226.83083
4752.61971	15028.70477
4753.01302	15094.64031
4753.40637	15827.68815
4753.79978	16594.18442
4754.19323	17296.0769
4754.58673	18170.1548
4754.98028	18125.5506
4755.37388	18009.11892
4755.76753	18164.48977
4756.16123	18570.22105
4756.55497	17814.53268
4756.94877	16483.46332
4757.34261	15551.62826
4757.7365	16295.19526
4758.13045	18217.91216
4758.52444	19183.51995
4758.91848	18664.72383
4759.31257	17758.77221
4759.7067	15968.56425
4760.10089	14967.16351
4760.49513	16369.36517
4760.88941	17875.44392
4761.28374	19066.60829
4761.67813	19198.81687
4762.07256	17213.16364
4762.46704	14836.32253
4762.86157	13505.35108
4763.25615	13977.97559
4763.65077	15947.98176
4764.04545	19218.43304
4764.44018	21229.53774
4764.83495	20535.67319
4765.22977	18677.64192
4765.62465	16372.32592
4766.01957	14974.91329
4766.41454	15926.45858
4766.80956	16925.73832
4767.20463	18244.5766
4767.59975	18648.90525
4767.99491	17689.54574
4768.39013	16458.9732
4768.7854	16003.94541
4769.18071	16411.73722
4769.57608	16409.02604
4769.97149	15073.74197
4770.36695	14672.64497
4770.76246	15067.93663
4771.15802	16161.83461
4771.55363	17358.07064
4771.94929	18063.72992
4772.345	18591.061
4772.74076	18217.09697
4773.13657	16614.37158
4773.53242	15909.43813
4773.92833	16159.52951
4774.32428	17200.73234
4774.72029	17515.89571
4775.11634	17784.87002
4775.51244	17086.12938
4775.90859	14435.31179
4776.30479	13689.47447
4776.70104	15629.67589
4777.09734	18846.99487
4777.49369	22416.50038
4777.89009	23070.77493
4778.28654	19907.33301
4778.68304	16670.44136
4779.07958	14242.27051
4779.47618	14792.13724
4779.87282	16608.97695
4780.26952	18995.36085
4780.66626	21409.6162
4781.06305	22177.61144
4781.4599	21620.91865
4781.85679	19313.61799
4782.25373	17923.10331
4782.65072	16280.87204
4783.04776	16599.61704
4783.44485	19077.40853
4783.84199	21567.39181
4784.23918	23328.98794
4784.63642	22844.64651
4785.0337	20625.12431
4785.43104	19106.6461
4785.82843	18466.38512
4786.22586	18360.74055
4786.62335	19199.68374
4787.02088	19624.91923
4787.41847	19594.93466
4787.8161	18301.31348
4788.21379	17653.56333
4788.61152	16958.55976
4789.0093	16733.94398
4789.40713	16772.70397
4789.80502	16351.62159
4790.20295	16917.97295
4790.60093	17736.18848
4790.99896	17436.77686
4791.39704	15845.58365
4791.79517	15172.49646
4792.19335	14984.64116
4792.59158	15745.21845
4792.98986	16883.71611
4793.38819	18476.73119
4793.78656	18416.37442
4794.18499	17467.36261
4794.58347	16648.56318
4794.982	16293.57055
4795.38057	17818.3107
4795.7792	17926.39249
4796.17788	18591.92741
4796.5766	18673.34316
4796.97538	18241.49297
4797.3742	18557.88287
4797.77308	19274.16304
4798.172	20281.3023
4798.57098	20024.80969
4798.97	21009.9721
4799.36908	20495.60091
4799.7682	18897.4045
4800.16737	15949.40897
4800.5666	15047.2444
4800.96587	15060.74569
4801.36519	15980.06835
4801.76457	17384.38527
4802.16399	18463.26102
4802.56346	18080.81755
4802.96299	17286.84793
4803.36256	17375.3027
4803.76218	16076.0962
4804.16185	15064.45986
4804.56157	14624.96734
4804.96135	15215.89193
4805.36117	16890.87262
4805.76104	18331.65137
4806.16096	18781.23759
4806.56093	17741.14573
4806.96095	18310.84466
4807.36103	18139.85814
4807.76115	18208.78082
4808.16132	18624.28492
4808.56154	18491.6931
4808.96181	17621.71181
4809.36213	16488.44081
4809.7625	16715.30671
4810.16292	18355.12781
4810.5634	19683.57935
4810.96392	19403.55105
4811.36449	18732.29116
4811.76511	18483.80052
4812.16578	18717.63356
4812.5665	18931.51979
4812.96727	17740.0287
4813.36809	16565.48234
4813.76897	16804.03593
4814.16989	17664.65079
4814.57086	18342.00609
4814.97188	18136.49185
4815.37295	17251.37737
4815.77408	15971.78615
4816.17525	15523.09065
4816.57647	17694.21556
4816.97774	20216.34066
4817.37907	22718.37281
4817.78044	22972.80361
4818.18186	20872.32472
4818.58333	17882.19941
4818.98486	15283.50043
4819.38643	14583.89683
4819.78805	16003.85476
4820.18973	18420.31054
4820.59145	21122.16887
4820.99323	22594.88577
4821.39505	21737.20736
4821.79693	19621.27119
4822.19885	18811.12393
4822.60083	17954.81716
4823.00285	17229.7145
4823.40493	16064.56803
4823.80705	15948.74833
4824.20923	14742.12671
4824.61146	15624.92518
4825.01373	17946.79031
4825.41606	20459.83314
4825.81844	20226.58729
4826.22087	19074.67041
4826.62334	17509.14991
4827.02587	17541.54753
4827.42845	17714.76048
4827.83108	18041.64324
4828.23376	18283.16373
4828.63649	18960.81975
4829.03927	19546.42577
4829.4421	19799.61095
4829.84498	19694.44712
4830.24792	19104.36092
4830.6509	18027.01077
4831.05393	19177.58308
4831.45701	20070.59552
4831.86015	19303.19153
4832.26333	18037.18608
4832.66657	17044.15736
4833.06985	16777.59118
4833.47319	18544.90489
4833.87657	20178.00178
4834.28001	20568.90322
4834.68349	19093.88209
4835.08703	17844.07949
4835.49062	17702.1507
4835.89426	18807.47404
4836.29795	19525.78425
4836.70169	19267.89355
4837.10548	18298.39857
4837.50932	18023.26165
4837.91321	18029.48937
4838.31715	17947.89339
4838.72114	17516.10938
4839.12519	16776.30347
4839.52928	16936.58839
4839.93342	18132.27239
4840.33762	19617.15953
4840.74186	21743.94646
4841.14616	22802.52087
4841.55051	21488.38679
4841.9549	17826.98632
4842.35935	14795.46936
4842.76385	14167.23954
4843.1684	15456.40861
4843.573	15995.79511
4843.97765	17096.797
4844.38235	17504.5957
4844.78711	17842.8969
4845.19191	18911.54048
4845.59676	18761.19243
4846.00167	17774.56443
4846.40662	16389.92599
4846.81163	14483.42376
4847.21669	13542.6931
4847.62179	14392.1553
4848.02695	15992.5044
4848.43216	17913.60203
4848.83742	19830.32726
4849.24273	19216.11252
4849.64809	17813.95948
4850.05351	16706.90765
4850.45897	15338.93011
4850.86448	15284.79781
4851.27005	15557.47081
4851.67566	16064.0065
4852.08133	16536.34341
4852.48705	18136.5628
4852.89282	19514.90143
4853.29864	20831.53083
4853.70451	21829.73612
4854.11043	21466.50085
4854.5164	20684.08718
4854.92242	17727.96519
4855.3285	15511.59784
4855.73462	14657.52769
4856.1408	15840.89155
4856.54702	17723.91961
4856.9533	18018.26996
4857.35963	17263.93481
4857.76601	17116.23115
4858.17244	18687.95606
4858.57892	20850.11654
4858.98546	22005.76987
4859.39204	21591.1556
4859.79868	19964.05953
4860.20536	18470.81825
4860.6121	16998.32114
4861.01889	18060.16344
4861.42573	18298.27815
4861.83262	19344.75717
4862.23956	19520.60474
4862.64655	19142.08539
4863.05359	18820.43412
4863.46069	18169.70827
4863.86783	17662.34597
4864.27503	16228.12688
4864.68228	14599.12987
4865.08958	14575.02644
4865.49693	15508.17581
4865.90433	16070.6368
4866.31178	16461.11422
4866.71929	16743.63838
4867.12684	17633.79118
4867.53445	19996.0078
4867.9421	21839.95661
4868.34981	20853.77629
4868.75757	17965.30283
4869.16538	15441.79365
4869.57325	15772.04369
4869.98116	17615.99297
4870.38912	18888.98125
4870.79714	18983.93199
4871.20521	17067.87372
4871.61333	16578.46489
4872.0215	16656.02045
4872.42972	18317.99412
4872.83799	19571.09671
4873.24631	20132.31516
4873.65469	19163.81646
4874.06312	17937.459
4874.47159	17543.44986
4874.88012	18434.71746
4875.2887	19832.20565
4875.69733	20559.38304
4876.10602	20616.37262
4876.51475	19869.45421
4876.92354	18711.13235
4877.33238	17528.18432
4877.74127	17402.40481
4878.15021	18080.48378
4878.5592	18479.08487
4878.96824	19324.45114
4879.37734	19142.12303
4879.78648	17320.46114
4880.19568	15877.87551
4880.60493	17129.08805
4881.01423	19273.84945
4881.42358	20235.99003
4881.83298	20378.18446
4882.24244	20311.58107
4882.65195	19056.41586
4883.0615	18430.07508
4883.47111	18013.95602
4883.88077	16940.53818
4884.29049	16549.37996
4884.70025	17076.18749
4885.11007	19201.46766
4885.51993	20486.27535
4885.92985	20979.21996
4886.33982	19985.30861
4886.74985	18488.59552
4887.15992	17940.79026
4887.57005	17361.2043
4887.98022	17224.17406
4888.39045	17639.25353
4888.80073	18648.69737
4889.21106	19950.96028
4889.62145	20573.22506
4890.03188	20436.10479
4890.44237	19122.88055
4890.85291	17633.01047
4891.2635	16737.66765
4891.67414	15576.8629
4892.08483	16103.28569
4892.49558	17548.64408
4892.90638	20064.50348
4893.31723	23917.0659
4893.72813	25562.96012
4894.13908	22720.83983
4894.55008	18604.39015
4894.96114	16037.20871
4895.37225	15661.39205
4895.78341	15921.26397
4896.19462	16255.16987
4896.60588	15510.89001
4897.0172	16283.83668
4897.42856	18482.68079
4897.83998	20061.73717
4898.25145	21796.22586
4898.66297	22414.10659
4899.07455	20598.37753
4899.48618	18659.06114
4899.89785	15799.34444
4900.30958	14539.53009
4900.72137	16212.33725
4901.1332	17856.13856
4901.54508	19584.95695
4901.95702	20225.32376
4902.36901	19554.70924
4902.78105	18708.57584
4903.19315	18620.68872
4903.60529	19252.47813
4904.01749	18879.20025
4904.42974	19536.07295
4904.84204	20564.52303
4905.25439	22093.89215
4905.6668	21006.78067
4906.07926	19082.30224
4906.49176	16381.80721
4906.90433	13641.23446
4907.31694	15505.99401
4907.7296	17840.34891
4908.14232	19221.52792
4908.55509	19187.23807
4908.96791	19437.05219
4909.38079	19432.33493
4909.79371	18785.2057
4910.20669	17613.56921
4910.61972	16256.06447
4911.0328	15336.01725
4911.44594	15558.16475
4911.85912	17339.2477
4912.27236	18380.37365
4912.68565	18252.74833
4913.09899	18203.18762
4913.51239	17861.32521
4913.92584	18256.88862
4914.33934	19626.44081
4914.75289	20285.29992
4915.16649	19025.81864
4915.58015	16952.24866
4915.99386	16297.6231
4916.40762	15892.54117
4916.82143	15833.54291
4917.23529	15374.47449
4917.64921	15840.6513
4918.06318	17326.77942
4918.4772	19483.79423
4918.89128	20831.85045
4919.3054	20372.82765
4919.71958	18506.81613
4920.13381	17925.31651
4920.54809	19669.41906
4920.96243	22051.4982
4921.37682	21860.81824
4921.79126	18766.5101
4922.20575	16193.202
4922.6203	15804.44786
4923.03489	16908.46681
4923.44954	18919.02028
4923.86424	20331.09039
4924.279	20356.25641
4924.69381	19623.03453
4925.10866	18616.02409
4925.52358	17837.71312
4925.93854	17004.32032
4926.35356	17037.47373
4926.76863	16726.78352
4927.18375	15005.41054
4927.59892	15078.58872
4928.01415	16183.24527
4928.42943	17807.86957
4928.84476	18684.61695
4929.26014	19474.08607
4929.67558	19587.22613
4930.09107	20319.59978
4930.50661	20533.94995
4930.9222	19085.2387
4931.33785	17017.85343
4931.75355	15367.65082
4932.1693	15447.5071
4932.5851	17433.85162
4933.00096	18286.66788
4933.41687	17341.06243
4933.83283	16419.72957
4934.24885	16302.75834
4934.66491	17452.36345
4935.08103	20548.02432
4935.49721	21349.38244
4935.91343	20248.01148
4936.32971	18671.7991
4936.74604	18924.26662
4937.16242	20452.11386
4937.57886	22077.65952
4937.99535	22264.23948
4938.41189	20634.7947
4938.82848	17955.73721
4939.24513	16200.94022
4939.66183	15685.28537
4940.07858	16171.77203
4940.49539	17800.66377
4940.91224	19071.09502
4941.32915	18437.34473
4941.74612	18084.21534
4942.16313	18695.29314
4942.5802	20071.23811
4942.99732	21201.27789
4943.4145	20570.53607
4943.83173	19845.36742
4944.249	19280.51885
4944.66634	18909.38165
4945.08372	18119.52479
4945.50116	17717.56504
4945.91865	16842.47522
4946.3362	16543.78931
4946.75379	17432.44249
4947.17144	19637.02528
4947.58915	21138.68537
4948.0069	21020.25253
4948.42471	21031.18223
4948.84257	20739.67161
4949.26049	19470.10069
4949.67846	17657.77746
4950.09648	17196.31768
4950.51455	17598.82308
4950.93268	18065.76568
4951.35085	18231.44921
4951.76909	19458.02651
4952.18737	19758.97305
4952.60571	19600.50323
4953.0241	18959.53932
4953.44255	19578.23477
4953.86104	20110.94033
4954.27959	20269.43338
4954.6982	18813.18344
4955.11685	17751.16012
4955.53556	18106.80884
4955.95433	19048.94157
4956.37314	19759.36354
4956.79201	19367.7476
4957.21093	18572.23555
4957.62991	18755.17726
4958.04894	18210.38895
4958.46802	17970.46031
4958.88715	19050.53026
4959.30634	19682.64992
4959.72558	20391.65417
4960.14487	20459.67025
4960.56422	19525.90453
4960.98362	18948.00516
4961.40307	19189.61975
4961.82258	19107.17583
4962.24214	17380.91745
4962.66175	16099.68316
4963.08142	15506.63217
4963.50114	17615.6102
4963.92091	20425.03195
4964.34074	21382.63712
4964.76062	20173.51668
4965.18055	18284.1432
4965.60054	16763.80104
4966.02057	16889.02976
4966.44067	17977.28973
4966.86081	19689.37575
4967.28101	21512.4229
4967.70126	22299.4847
4968.12157	21165.21106
4968.54193	19466.84224
4968.96234	17377.45016
4969.38281	16941.38422
4969.80333	18523.51568
4970.2239	20416.2436
4970.64452	20110.76064
4971.0652	17821.81665
4971.48594	15229.85087
4971.90672	15377.6756
4972.32756	16210.88921
4972.74846	17124.33293
4973.1694	18780.61519
4973.5904	20674.03052
4974.01145	21488.83483
4974.43256	20910.03043
4974.85372	19596.77861
4975.27494	19043.20331
4975.6962	20223.94993
4976.11752	21535.07917
4976.5389	21694.67905
4976.96033	21562.40087
4977.38181	20265.93417
4977.80334	19375.65359
4978.22493	18507.39247
4978.64657	18504.19006
4979.06827	19657.62646
4979.49002	19835.04635
4979.91182	18737.04442
4980.33368	16863.83014
4980.75559	17167.54459
4981.17755	18427.34889
4981.59957	20500.46789
4982.02164	23072.54572
4982.44376	22618.38762
4982.86594	21992.4656
4983.28817	22651.71939
4983.71046	22743.11022
4984.1328	21804.77173
4984.55519	20704.24323
4984.97764	20662.55991
4985.40014	20412.56808
4985.82269	21949.33843
4986.2453	22440.23332
4986.66796	21813.11588
4987.09067	20549.55307
4987.51344	20280.53276
4987.93627	20190.88396
4988.35914	19841.35832
4988.78207	19334.1533
4989.20506	19432.65897
4989.62809	19029.55674
4990.05119	18382.11483
4990.47433	18884.71993
4990.89753	19364.08044
4991.32078	19383.13768
4991.74409	19406.95384
4992.16745	18466.22504
4992.59087	17303.96713
4993.01433	14182.19078
4993.43786	12468.29933
4993.86143	14390.05468
4994.28506	18217.3262
4994.70875	21186.68816
4995.13248	22375.76638
4995.55628	19663.04866
4995.98012	17255.4856
4996.40402	16907.2295
4996.82798	18229.57857
4997.25198	18113.48045
4997.67605	18276.7757
4998.10016	18787.46712
4998.52433	20800.11224
4998.94855	20987.1025
4999.37283	20322.99199
4999.79716	19648.98388
5000.22155	18373.35809
5000.64599	17910.87519
5001.07048	18889.05301
5001.49503	19669.96139
5001.91963	19578.39699
5002.34429	18941.59835
5002.769	17210.99702
5003.19376	16642.36944
5003.61858	16186.20537
5004.04345	17366.83406
5004.46838	18362.21274
5004.89336	20017.22014
5005.31839	20498.16506
5005.74348	20852.84517
5006.16863	20940.98943
5006.59382	19299.21072
5007.01907	16050.66239
5007.44438	13548.47326
5007.86974	14937.4639
5008.29515	18559.37924
5008.72062	21591.80771
5009.14614	23423.0011
5009.57172	21629.21083
5009.99735	19826.23047
5010.42304	18859.52389
5010.84878	17885.01451
5011.27457	15870.28412
5011.70042	15003.88209
5012.12632	15599.65127
5012.55228	17488.73022
5012.97829	20045.64846
5013.40435	19584.74965
5013.83047	18689.18066
5014.25665	16857.26115
5014.68287	14994.13468
5015.10916	15420.97853
5015.53549	16905.71048
5015.96188	18289.13274
5016.38833	18867.00589
5016.81483	19624.95634
5017.24138	19290.77959
5017.66799	18656.70403
5018.09466	17615.99489
5018.52137	16460.99638
5018.94814	17698.3738
5019.37497	19665.40546
5019.80185	19896.604
5020.22879	19403.59544
5020.65578	17660.19874
5021.08282	16547.8832
5021.50992	17671.93183
5021.93707	18639.09372
5022.36428	19977.94944
5022.79154	19924.79292
5023.21886	19489.65626
5023.64623	20274.43003
5024.07366	20443.51658
5024.50114	19821.55943
5024.92867	18865.60864
5025.35626	17746.5683
5025.78391	18425.68953
5026.2116	18425.02618
5026.63936	16994.83155
5027.06717	16370.99734
5027.49503	16567.28817
5027.92295	16866.06973
5028.35092	17156.50099
5028.77894	18910.26163
5029.20702	20979.34926
5029.63516	22049.59949
5030.06335	21751.97382
5030.4916	19727.55702
5030.9199	17816.14225
5031.34825	16586.64846
5031.77666	16099.01513
5032.20512	16834.86439
5032.63364	17875.47118
5033.06222	19924.44078
5033.49084	20904.62394
5033.91953	21593.43065
5034.34826	21337.59583
5034.77706	20293.12591
5035.2059	21306.20572
5035.63481	22234.33173
5036.06376	22755.05911
5036.49277	22307.99272
5036.92184	20587.63205
5037.35096	18025.77012
5037.78014	17165.11365
5038.20937	18263.9081
5038.63866	18562.95066
5039.068	18311.97899
5039.49739	18092.80306
5039.92684	17782.15137
5040.35635	18336.74699
5040.78591	19107.23977
5041.21552	20388.85481
5041.64519	20879.57465
5042.07492	19914.81832
5042.5047	19267.24781
5042.93453	19384.24945
5043.36442	20682.09847
5043.79437	21540.06682
5044.22437	21623.05237
5044.65442	21337.30817
5045.08453	20651.76679
5045.5147	19861.10068
5045.94492	20601.31156
5046.37519	20258.92928
5046.80552	19787.12668
5047.23591	18239.55484
5047.66635	17449.69406
5048.09684	16945.17567
5048.52739	17082.83541
5048.958	18716.80966
5049.38866	19964.70399
5049.81937	19752.16794
5050.25014	20202.50746
5050.68097	19281.11017
5051.11185	18366.14159
5051.54279	17673.69614
5051.97378	16756.95919
5052.40482	17008.71579
5052.83593	17328.32454
5053.26708	18260.6739
5053.69829	18376.142
5054.12956	18589.87387
5054.56088	18341.48302
5054.99226	18396.79429
5055.42369	19737.39722
5055.85518	20547.98658
5056.28672	21091.37728
5056.71832	21908.6595
5057.14998	21273.2704
5057.58169	19843.86142
5058.01345	19274.93527
5058.44527	17777.28043
5058.87714	18154.19039
5059.30907	18972.14355
5059.74106	21493.20144
5060.1731	21894.15556
5060.6052	20888.40267
5061.03735	19348.77122
5061.46955	17308.0596
5061.90182	18862.0745
5062.33413	20110.59577
5062.76651	20580.93349
5063.19894	21081.40857
5063.63142	20231.69909
5064.06396	18884.14625
5064.49655	18099.04516
5064.9292	17472.3854
5065.36191	17228.06458
5065.79467	17770.609
5066.22749	19218.08606
5066.66036	20878.17409
5067.09329	21418.41706
5067.52627	21057.27602
5067.95931	20027.39931
5068.3924	20436.63019
5068.82555	21173.36589
5069.25875	21160.05659
5069.69202	20847.68467
5070.12533	19729.72512
5070.5587	19259.64283
5070.99213	19291.39233
5071.42561	19167.97528
5071.85915	19298.04677
5072.29274	18491.17968
5072.72639	17889.0728
5073.1601	17724.62248
5073.59386	16717.29361
5074.02768	17554.87295
5074.46155	18698.87466
5074.89548	18292.87009
5075.32946	18322.44363
5075.7635	18415.43985
5076.19759	20844.8201
5076.63174	22376.48584
5077.06595	23617.57301
5077.50021	21539.99122
5077.93453	19318.18047
5078.3689	16805.74461
5078.80333	15808.1901
5079.23781	17502.39612
5079.67236	19588.6895
5080.10695	21406.06277
5080.5416	21684.75338
5080.97631	21373.15912
5081.41107	19736.68281
5081.84589	17621.07059
5082.28077	17215.81489
5082.7157	16504.4408
5083.15069	17320.49359
5083.58573	18873.40507
5084.02083	18967.00108
5084.45598	18636.67784
5084.89119	17461.71462
5085.32646	17100.43103
5085.76178	17626.87842
5086.19716	18786.57536
5086.63259	19373.82815
5087.06808	18597.19151
5087.50363	16992.67508
5087.93923	17321.94191
5088.37489	18346.3803
5088.8106	19053.44926
5089.24637	19613.19398
5089.6822	19409.54947
5090.11808	18333.43432
5090.55401	18380.24009
5090.99001	19273.52284
5091.42606	20698.85551
5091.86216	19622.02484
5092.29832	19302.59108
5092.73454	19774.0226
5093.17082	20769.95264
5093.60715	21749.40111
5094.04353	20718.20713
5094.47997	18934.11565
5094.91647	18580.50262
5095.35302	19077.55005
5095.78964	19087.70398
5096.2263	19558.1474
5096.66302	19812.77837
5097.0998	19290.30974
5097.53664	18444.87862
5097.97353	19047.72922
5098.41047	18746.82997
5098.84748	19010.92614
5099.28454	20486.94586
5099.72165	21657.56407
5100.15882	21634.94354
5100.59605	21035.10627
5101.03334	19957.63943
5101.47068	20744.36168
5101.90807	22032.27985
5102.34553	22672.62867
5102.78304	21843.38971
5103.2206	20651.11722
5103.65822	20036.10767
5104.0959	21102.90314
5104.53364	22307.54283
5104.97143	22087.45586
5105.40927	19766.37361
5105.84718	15870.40538
5106.28514	14037.0236
5106.72315	14676.35433
5107.16123	16889.16041
5107.59935	19279.9738
5108.03754	20081.15647
5108.47578	20031.69688
5108.91408	20146.11932
5109.35243	20027.03602
5109.79084	20951.41851
5110.22931	19988.16222
5110.66783	19506.51564
5111.10641	18432.95753
5111.54505	18981.78036
5111.98374	19976.43098
5112.42249	21643.45459
5112.8613	22327.21003
5113.30016	21044.45601
5113.73908	19490.52553
5114.17806	19297.83763
5114.61709	19691.36196
5115.05618	19364.31122
5115.49532	20005.57724
5115.93452	19271.29393
5116.37378	18304.84171
5116.8131	18701.70371
5117.25247	18834.50132
5117.6919	19708.78094
5118.13138	19614.2639
5118.57092	17833.1119
5119.01052	16381.46036
5119.45018	16964.12243
5119.88989	18753.68096
5120.32965	20925.84066
5120.76948	22213.32943
5121.20936	21419.67435
5121.6493	20860.30602
5122.08929	21472.49138
5122.52934	20056.56699
5122.96945	18104.87356
5123.40962	16629.36974
5123.84984	16692.91071
5124.29012	18113.94881
5124.73045	20738.78925
5125.17084	22507.93769
5125.61129	22166.07932
5126.05179	19521.24167
5126.49236	17067.95762
5126.93298	15876.54198
5127.37365	14633.25541
5127.81438	14684.07824
5128.25517	17324.21324
5128.69602	20840.89823
5129.13692	23115.02784
5129.57788	23782.27835
5130.0189	22237.35056
5130.45997	17864.03306
5130.9011	13941.21869
5131.34229	13176.45855
5131.78353	16594.96245
5132.22483	21053.49416
5132.66619	23559.53989
5133.10761	21286.29341
5133.54908	18132.15519
5133.99061	16619.82989
5134.43219	17675.12386
5134.87384	20122.05134
5135.31554	21313.22924
5135.75729	22166.78837
5136.19911	21912.53859
5136.64098	21750.62422
5137.08291	20339.08818
5137.52489	17919.52413
5137.96693	16968.78657
5138.40903	17248.85678
5138.85119	18600.13862
5139.2934	20262.60294
5139.73567	21500.96878
5140.178	20678.02697
5140.62038	18773.59069
5141.06282	18799.11355
5141.50532	19159.9056
5141.94788	19209.43756
5142.39049	21440.18583
5142.83316	22648.24568
5143.27589	22321.02883
5143.71867	21743.63569
5144.16151	22235.35773
5144.60441	21693.72405
5145.04737	21970.79041
5145.49038	22951.30719
5145.93345	22205.24206
5146.37658	22181.65205
5146.81976	22791.63542
5147.26301	24245.2187
5147.70631	24345.84183
5148.14966	22962.86949
5148.59308	20029.32917
5149.03655	19579.76909
5149.48008	21138.34106
5149.92366	21252.86404
5150.3673	19970.29342
5150.81101	18919.08656
5151.25476	17890.18624
5151.69858	18336.88323
5152.14245	18942.97829
5152.58638	19541.30204
5153.03037	18834.77703
5153.47441	18902.26473
5153.91851	19965.98283
5154.36267	21378.28699
5154.80689	21758.45911
5155.25116	20436.0246
5155.6955	18822.2334
5156.13989	17951.57188
5156.58433	18418.728
5157.02884	18972.66755
5157.4734	18301.9335
5157.91802	18368.94812
5158.36269	20402.41485
5158.80743	21559.67046
5159.25222	22344.79934
5159.69707	22123.64078
5160.14197	21488.69306
5160.58694	20847.31335
5161.03196	22306.39154
5161.47704	22500.27879
5161.92218	21488.08373
5162.36737	19848.04328
5162.81262	19017.25286
5163.25793	18571.59583
5163.7033	20006.46914
5164.14873	21680.38022
5164.59421	21848.948
5165.03975	20641.07394
5165.48535	19237.36292
5165.931	19952.65641
5166.37671	20843.61431
5166.82249	20706.56429
5167.26831	19325.40287
5167.7142	17741.76791
5168.16014	18373.7864
5168.60615	18893.59442
5169.05221	19282.38154
5169.49832	17250.90114
5169.9445	15688.21484
5170.39073	16426.17485
5170.83702	18438.74243
5171.28337	22187.07687
5171.72978	24393.01748
5172.17624	23539.67323
5172.62276	20676.83904
5173.06934	18728.65382
5173.51598	19118.23676
5173.96267	19620.03968
5174.40943	21963.95415
5174.85624	23354.88109
5175.30311	22035.85013
5175.75003	20046.78371
5176.19702	17875.86935
5176.64406	16475.07761
5177.09116	16630.2277
5177.53832	17460.99169
5177.98553	19412.05644
5178.43281	21797.65618
5178.88014	22989.54272
5179.32753	22696.76164
5179.77498	21884.10376
5180.22249	21312.18715
5180.67005	21192.30894
5181.11767	21232.57025
5181.56535	21254.01396
5182.01309	21822.34362
5182.46089	22063.29704
5182.90874	21105.70139
5183.35665	20423.45419
5183.80462	18830.92539
5184.25265	18102.74114
5184.70074	17776.04995
5185.14888	18389.12059
5185.59709	18757.16615
5186.04535	19565.04743
5186.49367	21545.34773
5186.94204	21596.68522
5187.39048	20121.246
5187.83897	18873.19785
5188.28752	18383.32641
5188.73613	19060.21198
5189.1848	19268.40039
5189.63353	19465.05341
5190.08231	18373.8921
5190.53115	17980.6081
5190.98005	18101.6143
5191.42901	20272.97811
5191.87803	20998.46051
5192.32711	20170.404
5192.77624	17979.69561
5193.22543	17467.56411
5193.67468	17765.35518
5194.12399	22393.02697
5194.57336	25901.70565
5195.02278	25376.49737
5195.47227	22427.11536
5195.92181	19085.13495
5196.37141	17307.21817
5196.82107	18067.98008
5197.27078	18762.70217
5197.72056	19713.8378
5198.17039	21586.50259
5198.62029	23019.08112
5199.07024	23180.90743
5199.52025	23226.67646
5199.97031	23763.46989
5200.42044	23046.46811
5200.87062	22416.26703
5201.32087	20502.78933
5201.77117	19047.18537
5202.22153	18877.81482
5202.67195	18867.39702
5203.12242	17908.92626
5203.57296	17363.51845
5204.02355	18692.70787
5204.4742	21638.67044
5204.92491	24884.05742
5205.37568	25900.75761
5205.82651	23152.07305
5206.2774	19199.52755
5206.72834	17038.93515
5207.17935	17101.16093
5207.63041	18961.51415
5208.08153	21081.11658
5208.53271	21118.82702
5208.98395	20029.01022
5209.43524	18612.57999
5209.8866	19146.6137
5210.33801	19726.23318
5210.78949	20177.89616
5211.24102	19587.7315
5211.69261	18801.51277
5212.14426	19222.47432
5212.59596	20940.90834
5213.04773	22170.86217
5213.49956	22163.48899
5213.95144	19614.84426
5214.40338	17893.1806
5214.85538	18850.15051
5215.30744	20294.68138
5215.75956	22223.62548
5216.21174	21717.90524
5216.66398	20924.28703
5217.11627	18677.44475
5217.56863	19350.38274
5218.02104	20805.67062
5218.47351	21501.43055
5218.92604	19703.14907
5219.37863	18160.15925
5219.83128	16920.32472
5220.28399	17842.08927
5220.73675	19708.99614
5221.18958	21770.2862
5221.64246	23677.0489
5222.0954	22704.27486
5222.54841	20594.90831
5223.00147	18394.72135
5223.45459	18479.31184
5223.90776	18460.9113
5224.361	19696.48348
5224.8143	20683.45195
5225.26765	21672.36939
5225.72107	22291.68874
5226.17454	22819.47748
5226.62808	23360.77617
5227.08167	22332.68251
5227.53532	21544.17961
5227.98903	19931.28337
5228.4428	19900.8387
5228.89663	19444.34325
5229.35051	19517.18657
5229.80446	19421.20233
5230.25846	19714.85451
5230.71253	19660.99162
5231.16665	18697.88491
5231.62083	17054.29644
5232.07508	15535.1945
5232.52938	16084.74487
5232.98374	19042.07607
5233.43816	21361.52977
5233.89264	21871.98056
5234.34717	21338.58184
5234.80177	20517.80298
5235.25643	20210.82375
5235.71114	21079.32057
5236.16592	22192.76309
5236.62075	22882.07005
5237.07564	22010.79098
5237.5306	19668.46169
5237.98561	17833.63216
5238.44068	16454.82153
5238.89581	16647.90556
5239.351	19134.65468
5239.80625	20378.84152
5240.26156	21371.54014
5240.71692	21525.52716
5241.17235	22711.8402
5241.62784	23058.21074
5242.08338	22348.11378
5242.53899	20541.48618
5242.99465	18588.90246
5243.45038	18493.62145
5243.90616	20702.96432
5244.362	22036.25293
5244.81791	22997.45532
5245.27387	23296.25997
5245.72989	24066.13691
5246.18597	25359.6723
5246.64211	23453.0316
5247.09831	20382.84299
5247.55457	18058.90278
5248.01089	17618.26275
5248.46727	19038.19707
5248.9237	21570.96753
5249.3802	22306.44939
5249.83676	20868.20532
5250.29337	19747.8273
5250.75005	19626.90659
5251.20679	20863.88627
5251.66358	21407.69096
5252.12044	21012.16066
5252.57735	20101.48292
5253.03432	19699.31023
5253.49136	19472.75265
5253.94845	20322.21015
5254.4056	20615.91818
5254.86282	19469.33129
5255.32009	19417.05419
5255.77742	19979.31686
5256.23481	20646.9824
5256.69226	21228.37185
5257.14978	21468.64267
5257.60735	20642.45338
5258.06498	21419.3953
5258.52267	20552.21219
5258.98042	19300.29394
5259.43823	18751.85774
5259.8961	19304.96745
5260.35403	19601.58752
5260.81202	18724.85809
5261.27006	17258.87654
5261.72817	15535.55169
5262.18634	15901.66542
5262.64457	16543.9924
5263.10286	19125.89477
5263.56121	21453.14605
5264.01962	22839.05112
5264.47808	23171.55185
5264.93661	22879.22846
5265.3952	20827.27706
5265.85385	19653.10634
5266.31256	18771.65803
5266.77132	20246.52412
5267.23015	21985.4093
5267.68904	22940.9708
5268.14799	21644.17645
5268.60699	19178.2972
5269.06606	17217.2959
5269.52519	15733.71609
5269.98438	15490.99009
5270.44362	17139.56976
5270.90293	18993.46849
5271.3623	20254.68334
5271.82173	20952.55811
5272.28121	20904.05623
5272.74076	19923.65144
5273.20037	20040.8106
5273.66004	20501.90895
5274.11977	21105.41504
5274.57955	22828.69017
5275.0394	23331.24913
5275.49931	21970.66111
5275.95928	19283.11825
5276.41931	18937.50038
5276.8794	19785.06944
5277.33955	21488.83478
5277.79976	21326.94647
5278.26003	19876.91167
5278.72036	19116.72814
5279.18075	20308.74003
5279.6412	22225.22308
5280.10171	24685.59953
5280.56228	24041.53338
5281.02291	19625.15979
5281.4836	13812.39932
5281.94435	11269.58228
5282.40516	14741.80126
5282.86603	25108.34129
5283.32697	37459.73347
5283.78796	44356.89471
5284.24901	40851.88846
5284.71013	30670.77185
5285.1713	19201.4693
5285.63253	15235.4408
5286.09383	16081.55224
5286.55518	20144.21529
5287.0166	22631.47859
5287.47808	22479.95813
5287.93961	20116.06992
5288.40121	18003.19503
5288.86287	17551.31788
5289.32458	19103.12619
5289.78636	21266.3855
5290.2482	22087.2289
5290.7101	21231.23759
5291.17206	21830.81097
5291.63408	22822.47249
5292.09616	23146.95491
5292.5583	21849.75703
5293.0205	19438.22957
5293.48276	18467.71589
5293.94509	19359.62246
5294.40747	21727.26127
5294.86991	21850.56264
5295.33242	20816.69697
5295.79498	18801.35332
5296.25761	17985.88198
5296.72029	19932.5549
5297.18304	22821.11643
5297.64585	24925.66571
5298.10872	26512.27726
5298.57165	25377.99768
5299.03464	22512.42212
5299.49769	19860.14881
5299.9608	18221.48458
5300.42397	16768.25126
5300.8872	15800.18742
5301.35049	15832.86757
5301.81385	17362.21159
5302.27726	19694.77597
5302.74074	21581.1208
5303.20427	21121.3004
5303.66787	20207.79643
5304.13153	19895.23992
5304.59525	19587.53398
5305.05903	20328.58004
5305.52287	20323.03631
5305.98677	19409.57882
5306.45073	19155.80322
5306.91475	19547.28234
5307.37883	19268.65229
5307.84298	21022.49989
5308.30718	20970.73617
5308.77145	21285.39081
5309.23578	20814.31687
5309.70017	20205.35539
5310.16461	21146.0409
5310.62912	21001.90615
5311.09369	21635.7651
5311.55833	21697.85577
5312.02302	20980.0019
5312.48777	20498.12586
5312.95259	20475.62557
5313.41746	21903.61461
5313.8824	21745.61877
5314.3474	21336.39526
5314.81246	21841.09658
5315.27758	21847.63061
5315.74276	22575.54857
5316.208	23267.37684
5316.6733	23544.1916
5317.13867	23399.10823
5317.60409	23424.51162
5318.06958	23442.11668
5318.53513	23467.9461
5319.00073	22308.36809
5319.4664	20537.44407
5319.93214	20230.63434
5320.39793	20613.20751
5320.86378	22132.65929
5321.3297	21780.05876
5321.79567	20665.28661
5322.26171	19926.26466
5322.72781	19464.98435
5323.19397	19844.32386
5323.66019	20775.57842
5324.12647	21845.27601
5324.59281	21351.999
5325.05922	20271.42658
5325.52568	18842.56637
5325.99221	18208.34852
5326.4588	18186.56662
5326.92545	19314.55922
5327.39216	20835.44017
5327.85893	23214.42525
5328.32576	22486.76063
5328.79266	21653.14186
5329.25961	20996.73447
5329.72663	19317.10985
5330.19371	19328.01393
5330.66085	21472.31666
5331.12805	23276.24286
5331.59532	23522.08699
5332.06264	21896.70027
5332.53003	21363.3964
5332.99748	20358.6771
5333.46498	20527.89609
5333.93256	21881.93258
5334.40019	22000.86598
5334.86788	22714.72207
5335.33564	22131.10824
5335.80345	20483.23173
5336.27133	19274.67426
5336.73927	18845.53352
5337.20727	19568.98235
5337.67533	21058.77006
5338.14346	22075.52608
5338.61164	22088.58742
5339.07989	20408.66956
5339.5482	20139.837
5340.01657	21250.91584
5340.485	21779.11543
5340.9535	21725.43916
5341.42205	20932.58695
5341.89067	19867.61395
5342.35935	18691.57875
5342.82809	17913.80168
5343.29689	18089.82398
5343.76576	19339.83575
5344.23468	19640.93811
5344.70367	20727.23312
5345.17272	22450.73444
5345.64183	21519.77569
5346.11101	19285.76848
5346.58024	18066.10359
5347.04954	17642.45827
5347.51889	18795.24675
5347.98831	19857.02017
5348.4578	18861.6951
5348.92734	18434.27031
5349.39695	19466.36602
5349.86661	20989.54025
5350.33634	23106.74537
5350.80613	25134.53146
5351.27599	24358.82288
5351.7459	23045.06102
5352.21588	20818.49298
5352.68592	18932.39945
5353.15602	18640.07039
5353.62618	21039.14468
5354.0964	22915.12688
5354.56669	21939.33585
5355.03704	19354.56357
5355.50745	19123.64286
5355.97792	21383.92063
5356.44845	22764.261
5356.91905	21875.71791
5357.38971	19248.89079
5357.86043	17561.18871
5358.33121	19844.77931
5358.80206	22954.94033
5359.27296	25685.11182
5359.74393	25560.32852
5360.21496	23336.9063
5360.68605	21268.09084
5361.15721	20153.15963
5361.62843	19185.85924
5362.09971	19281.17281
5362.57105	19816.24254
5363.04245	19633.59433
5363.51392	19938.11726
5363.98544	20370.45818
5364.45703	21247.28142
5364.92869	21228.47561
5365.4004	21473.3766
5365.87218	21674.30277
5366.34402	22852.65743
5366.81592	24428.85163
5367.28788	24358.38656
5367.7599	23200.89156
5368.23199	21153.25916
5368.70414	20130.43211
5369.17635	20502.89897
5369.64863	21645.46317
5370.12097	20977.19834
5370.59337	20070.39764
5371.06583	20436.99367
5371.53835	20899.51272
5372.01094	21332.26209
5372.48359	21701.9384
5372.9563	21674.3287
5373.42907	20487.02672
5373.90191	20717.18486
5374.37481	22663.87439
5374.84777	23906.51343
5375.32079	23187.64502
5375.79387	21593.80045
5376.26702	18875.15333
5376.74023	17667.68605
5377.21351	18937.96035
5377.68684	22231.17505
5378.16024	24311.25197
5378.6337	23489.05211
5379.10722	22259.37076
5379.58081	19935.8237
5380.05446	20172.90402
5380.52817	20871.47584
5381.00194	22696.51518
5381.47578	21916.00291
5381.94968	19775.77777
5382.42364	18045.92753
5382.89766	18276.55687
5383.37175	21105.37529
5383.84589	23571.7694
5384.32011	24152.60383
5384.79438	23397.15493
5385.26872	22588.3887
5385.74312	20604.72121
5386.21758	19960.37237
5386.6921	20537.65333
5387.16669	21768.99852
5387.64134	22473.19482
5388.11606	22150.20548
5388.59083	21354.61532
5389.06567	20001.88204
5389.54057	19330.07924
5390.01553	19614.76014
5390.49056	21420.49058
5390.96565	22169.87419
5391.4408	21858.03102
5391.91602	20982.13541
5392.3913	21263.19013
5392.86664	22578.85561
5393.34204	23366.67986
5393.81751	21876.77574
5394.29304	19788.76022
5394.76863	18703.51882
5395.24429	18988.0488
5395.72001	19383.11952
5396.19579	18612.00188
5396.67163	17869.1394
5397.14754	18685.65743
5397.62351	21315.96351
5398.09954	24231.67685
5398.57564	23507.26575
5399.0518	20428.37355
5399.52802	19329.26735
5400.0043	19738.77676
5400.48065	22844.61414
5400.95706	24024.45622
5401.43354	24660.77583
5401.91007	24949.58274
5402.38667	23769.86742
5402.86334	21644.87948
5403.34006	20335.87071
5403.81685	19473.90616
5404.29371	18308.73478
5404.77062	18415.63181
5405.2476	21764.37444
5405.72464	24860.11923
5406.20175	27055.38911
5406.67892	27929.35806
5407.15615	26482.63292
5407.63344	22810.59165
5408.1108	20042.42786
5408.58822	18755.91087
5409.0657	20169.99862
5409.54325	22717.55609
5410.02086	25032.61041
5410.49854	24994.18263
5410.97627	25353.01863
5411.45407	24557.87175
5411.93194	23457.46158
5412.40987	20306.92594
5412.88786	18155.10636
5413.36591	18019.36796
5413.84403	21556.73606
5414.32221	24262.70872
5414.80045	25303.64546
5415.27876	23320.19942
5415.75713	20343.10002
5416.23556	19222.73267
5416.71406	19416.33042
5417.19262	19533.12303
5417.67125	20807.68105
5418.14993	21584.3302
5418.62868	21256.13593
5419.1075	20687.85925
5419.58638	20582.25386
5420.06532	20995.17665
5420.54432	21632.47655
5421.02339	23483.43812
5421.50252	22983.33073
5421.98172	21627.26784
5422.46098	20097.32532
5422.9403	18335.79051
5423.41969	18045.12707
5423.89914	20078.00732
5424.37865	22414.54411
5424.85823	23468.95575
5425.33787	22512.62114
5425.81757	21878.04604
5426.29734	19579.85516
5426.77717	18052.77973
5427.25707	19603.03044
5427.73703	21054.7111
5428.21705	22245.49425
5428.69713	22564.76875
5429.17728	21019.11099
5429.6575	20231.40877
5430.13777	20079.15062
5430.61812	20666.9929
5431.09852	21928.4
5431.57899	22214.82219
5432.05952	22177.95577
5432.54012	21711.933
5433.02078	21212.69069
5433.5015	20696.3527
5433.98229	19161.63726
5434.46314	18805.10338
5434.94405	20012.95831
5435.42503	21088.26239
5435.90607	21122.35156
5436.38718	21004.99902
5436.86835	20175.94694
5437.34959	20404.49709
5437.83088	21072.62595
5438.31225	23283.795
5438.79367	23325.08445
5439.27516	22114.694
5439.75672	21537.3514
5440.23833	20541.0125
5440.72001	19613.2955
5441.20176	18370.98327
5441.68357	18523.7265
5442.16544	19686.7115
5442.64738	21517.48828
5443.12938	22709.36677
5443.61145	23259.64204
5444.09358	21344.01012
5444.57577	19477.60855
5445.05803	19011.70649
5445.54035	19596.6319
5446.02274	21517.58453
5446.50519	23801.06465
5446.9877	24413.66753
5447.47028	24510.60019
5447.95292	25645.66355
5448.43563	25854.94106
5448.9184	24341.26036
5449.40124	22189.57087
5449.88414	21552.90727
5450.3671	21712.42697
5450.85013	20907.63982
5451.33322	21104.41222
5451.81638	19917.53375
5452.2996	19421.13985
5452.78288	21144.61177
5453.26623	22131.55944
5453.74964	21435.70319
5454.23312	19111.30392
5454.71666	17969.86662
5455.20027	17727.74951
5455.68394	19598.41988
5456.16767	21508.26752
5456.65147	20681.18558
5457.13533	19451.47337
5457.61926	18747.54414
5458.10325	19901.52227
5458.58731	21573.30523
5459.07143	21503.64092
5459.55562	20425.89393
5460.03987	19662.86917
5460.52418	19484.28549
5461.00856	21202.91188
5461.493	23800.75414
5461.97751	22979.6617
5462.46208	21312.97351
5462.94672	18288.24208
5463.43142	17984.52173
5463.91618	19904.87771
5464.40101	22388.54833
5464.88591	24199.00259
5465.37087	22323.4462
5465.85589	18780.45813
5466.34098	16419.04734
5466.82613	16878.07411
5467.31135	18947.81863
5467.79663	21283.77637
5468.28198	22592.05213
5468.76739	22066.15275
5469.25286	22125.10762
5469.7384	23271.83922
5470.22401	23099.00939
5470.70968	22456.36372
5471.19541	21168.9352
5471.68121	20564.54186
5472.16708	19987.60354
5472.65301	20302.36756
5473.139	20701.44697
5473.62506	22025.10766
5474.11118	21841.41873
5474.59737	21690.15411
5475.08362	21788.90625
5475.56994	21503.94402
5476.05632	23072.9143
5476.54277	21969.22807
5477.02928	19771.83773
5477.51585	19580.39622
5478.00249	20754.50639
5478.4892	22267.41207
5478.97597	22581.46386
5479.46281	20300.29191
5479.94971	19231.85996
5480.43667	18783.59873
5480.9237	20117.18393
5481.4108	20997.98203
5481.89796	21628.14512
5482.38519	21443.73214
5482.87248	20909.04116
5483.35983	23040.1221
5483.84725	24802.33134
5484.33474	25371.2532
5484.82229	23221.49983
5485.3099	20079.63515
5485.79758	19300.86076
5486.28533	20080.96731
5486.77314	20400.7092
5487.26101	21023.16301
5487.74895	22247.89185
5488.23696	21724.37067
5488.72503	21666.2799
5489.21317	21542.88713
5489.70137	21848.14409
5490.18963	21960.01787
5490.67796	21095.32567
5491.16636	19649.28153
5491.65482	21102.56454
5492.14335	23287.49631
5492.63194	22964.18776
5493.1206	20646.78327
5493.60932	19001.82346
5494.09811	19235.13795
5494.58696	20403.47228
5495.07588	22511.9817
5495.56486	23180.32781
5496.05391	23376.09664
5496.54302	22290.84934
5497.0322	20614.0256
5497.52145	20192.22806
5498.01076	20832.33981
5498.50013	19848.6763
5498.98957	18398.40861
5499.47908	18898.043
5499.96865	21071.09937
5500.45829	21378.93004
5500.94799	20876.77255
5501.43775	21007.38303
5501.92759	22348.99082
5502.41749	23808.85888
5502.90745	23177.95992
5503.39748	21733.56056
5503.88757	20785.27246
5504.37773	20290.67075
5504.86796	22125.06179
5505.35825	24783.44489
5505.84861	24651.89775
5506.33903	23354.83015
5506.82951	20908.98172
5507.32007	17683.0072
5507.81069	17081.95115
5508.30137	17809.56703
5508.79212	20386.04248
5509.28294	22143.40709
5509.77382	22610.58904
5510.26476	22061.13952
5510.75577	20811.74444
5511.24685	20009.12402
5511.738	21703.93524
5512.22921	24013.50132
5512.72048	24001.20258
5513.21182	22816.42282
5513.70323	22370.41384
5514.1947	21317.15939
5514.68624	21708.25882
5515.17784	21725.25482
5515.66951	21191.27619
5516.16124	19920.04127
5516.65304	19439.36401
5517.14491	20469.31802
5517.63684	22543.58419
5518.12884	23881.04089
5518.6209	24160.18595
5519.11303	22696.82835
5519.60523	21675.52828
5520.09749	19381.93911
5520.58982	18729.99478
5521.08221	19389.24643
5521.57467	20924.73785
5522.06719	22696.37196
5522.55978	23333.53034
5523.05244	22775.44972
5523.54516	22763.26626
5524.03795	22068.23626
5524.5308	22070.52346
5525.02372	20956.64092
5525.51671	20537.65309
5526.00976	22563.1783
5526.50288	23309.63187
5526.99606	22218.24958
5527.48931	22488.11825
5527.98263	22837.30173
5528.47601	22899.82058
5528.96946	20706.34693
5529.46298	19148.91726
5529.95656	20052.60564
5530.4502	21459.55539
5530.94392	22477.77927
5531.43769	23386.28509
5531.93154	23839.37961
5532.42545	22025.26328
5532.91943	20363.22316
5533.41347	20451.03724
5533.90758	23258.30063
5534.40176	25459.79682
5534.896	25888.03172
5535.39031	23543.46665
5535.88468	23251.71297
5536.37912	23499.52008
5536.87363	22335.5193
5537.3682	21723.25595
5537.86284	22497.42019
5538.35755	21802.36464
5538.85232	20054.32472
5539.34716	19117.72365
5539.84206	18934.87917
5540.33703	20686.44086
5540.83207	23377.28939
5541.32717	25667.7613
5541.82234	25661.95754
5542.31758	23076.74856
5542.81288	21537.83792
5543.30825	21689.21246
5543.80369	21089.07441
5544.29919	21575.20733
5544.79476	21569.15846
5545.29039	20890.13209
5545.78609	20247.03743
5546.28186	20538.55802
5546.77769	23096.61499
5547.2736	25460.53163
5547.76956	24929.36267
5548.2656	21414.3562
5548.7617	18872.39059
5549.25786	18354.00977
5549.7541	20332.31498
5550.2504	22567.73847
5550.74676	24000.98067
5551.2432	23076.40644
5551.7397	23334.24151
5552.23626	23681.87082
5552.7329	24687.29796
5553.2296	24142.34915
5553.72636	21354.1003
5554.22319	19746.94682
5554.72009	21158.5003
5555.21706	24202.63376
5555.71409	26223.09362
5556.21119	26226.88672
5556.70836	24577.3542
5557.20559	22563.28232
5557.70289	21482.75673
5558.20026	20576.0148
5558.69769	19778.07277
5559.19519	19717.96991
5559.69276	20351.06983
5560.19039	20907.93395
5560.68809	21939.08251
5561.18586	21877.03339
5561.68369	21173.08339
5562.1816	21132.543
5562.67956	21682.44868
5563.1776	20817.35276
5563.6757	20314.63706
5564.17387	19818.39422
5564.6721	22025.18971
5565.17041	22895.01175
5565.66878	22978.49542
5566.16721	22005.10471
5566.66572	22277.24162
5567.16429	23099.64618
5567.66292	21965.35669
5568.16163	20641.17851
5568.6604	18373.27372
5569.15924	17359.11618
5569.65814	17262.07874
5570.15711	18610.48831
5570.65615	20168.76106
5571.15526	21116.752
5571.65443	22163.6599
5572.15367	22258.25159
5572.65298	21229.59305
5573.15236	20494.62042
5573.6518	20099.25938
5574.15131	21738.07464
5574.65088	23647.15692
5575.15053	26083.3212
5575.65024	27359.3633
5576.15002	25187.87449
5576.64986	22868.76534
5577.14977	20384.29054
5577.64975	18817.46149
5578.1498	18429.05852
5578.64991	20306.94603
5579.15009	21071.76576
5579.65034	21810.98028
5580.15066	22155.14789
5580.65104	22130.24684
5581.15149	22372.99891
5581.65201	23644.52627
5582.15259	24484.79912
5582.65325	25695.15356
5583.15397	24250.88241
5583.65475	20548.54724
5584.15561	18302.9014
5584.65653	18554.05087
5585.15752	22555.13273
5585.65858	27200.1423
5586.1597	28778.51485
5586.66089	26018.684
5587.16215	22154.93904
5587.66348	20782.53149
5588.16487	19893.90887
5588.66633	19487.98693
5589.16786	20080.66007
5589.66946	21395.23016
5590.17112	23236.30728
5590.67285	23393.43951
5591.17465	24106.93165
5591.67652	25149.00346
5592.17845	26304.76431
5592.68045	26683.90131
5593.18252	27470.39047
5593.68466	27461.86302
5594.18687	26421.69685
5594.68914	25404.66307
5595.19148	24969.7752
5595.69389	23627.1795
5596.19636	22452.71567
5596.6989	22813.53675
5597.20151	24094.7232
5597.70419	24655.58648
5598.20694	23864.37473
5598.70975	22549.52654
5599.21263	20973.77868
5599.71558	20752.22965
5600.2186	20812.66783
5600.72168	21064.08063
5601.22484	20972.7845
5601.72806	20589.09791
5602.23135	18825.51775
5602.7347	19081.78216
5603.23813	20365.94495
5603.74162	21450.5768
5604.24518	20313.55614
5604.7488	18492.48264
5605.2525	16931.76543
5605.75626	18702.38789
5606.26009	21585.26964
5606.76399	24194.66622
5607.26796	26817.45098
5607.772	26833.40471
5608.2761	25330.18865
5608.78027	21906.44827
5609.28451	19281.92023
5609.78882	20175.43817
5610.29319	22177.51725
5610.79763	23681.06832
5611.30214	24887.40149
5611.80672	24924.58358
5612.31137	23256.19144
5612.81609	21928.59406
5613.32087	19912.03221
5613.82572	20193.48675
5614.33064	21596.32922
5614.83563	23919.50194
5615.34068	24642.05129
5615.84581	24274.67646
5616.351	22222.10271
5616.85626	20196.09289
5617.36159	21372.29996
5617.86699	22549.14907
5618.37245	23178.37285
5618.87798	25683.9152
5619.38358	28456.88718
5619.88925	27129.44323
5620.39499	26157.52538
5620.9008	23508.69185
5621.40667	21597.74378
5621.91261	20438.96337
5622.41863	19371.99128
5622.92471	21558.51991
5623.43085	24223.18681
5623.93707	26053.87689
5624.44335	26090.0577
5624.94971	25107.05424
5625.45613	21979.0256
5625.96262	19461.02291
5626.46917	19051.81984
5626.9758	20172.58793
5627.4825	22034.83372
5627.98926	23424.07606
5628.49609	24912.0009
5629.00299	25646.9654
5629.50996	26055.04848
5630.017	24086.10355
5630.5241	20992.27356
5631.03128	20268.3849
5631.53852	19861.58851
5632.04583	20355.80853
5632.55321	20847.55638
5633.06066	19797.40963
5633.56817	20567.35638
5634.07576	21556.98196
5634.58341	21878.61412
5635.09114	21511.8603
5635.59893	22207.04737
5636.10679	22040.61199
5636.61472	21874.29238
5637.12271	21013.5031
5637.63078	21097.20282
5638.13891	22113.8773
5638.64712	23552.622
5639.15539	24126.97824
5639.66373	23308.97186
5640.17214	20921.0941
5640.68062	20228.09022
5641.18916	20829.9515
5641.69778	21929.93268
5642.20646	23731.19077
5642.71522	24130.77503
5643.22404	23171.90433
5643.73293	21542.83581
5644.24189	20512.68367
5644.75092	19184.48923
5645.26002	17739.74069
5645.76918	18628.92353
5646.27842	20742.7845
5646.78772	19878.8942
5647.2971	20504.94732
5647.80654	21431.01837
5648.31605	22244.42821
5648.82563	22452.82236
5649.33528	23124.22227
5649.845	21785.8023
5650.35478	20738.8383
5650.86464	22150.08643
5651.37456	23280.66079
5651.88456	23912.4519
5652.39462	23219.20457
5652.90475	23275.35586
5653.41495	24446.85302
5653.92522	24267.764
5654.43556	24127.07661
5654.94597	24205.17738
5655.45645	22810.23098
5655.967	20852.22416
5656.47761	20717.14144
5656.9883	20562.83723
5657.49905	21318.85867
5658.00987	22729.27819
5658.52077	23251.34073
5659.03173	22043.07667
5659.54276	22386.57641
5660.05386	24016.29976
5660.56503	24310.20516
5661.07627	23017.16318
5661.58757	22244.49571
5662.09895	22787.81819
5662.6104	23082.67437
5663.12191	22289.45789
5663.6335	22878.38021
5664.14515	23818.02751
5664.65688	24291.11301
5665.16867	24839.06164
5665.68053	24594.03203
5666.19246	23126.33066
5666.70446	21547.80126
5667.21653	21877.35353
5667.72867	23746.83553
5668.24088	24413.43222
5668.75316	23222.86564
5669.26551	22222.64391
5669.77793	23207.0743
5670.29042	23931.80451
5670.80297	23501.84887
5671.3156	21687.13132
5671.82829	20264.69432
5672.34106	19951.64239
5672.85389	21242.20694
5673.3668	22679.69446
5673.87977	23869.16756
5674.39282	23913.73691
5674.90593	23338.79083
5675.41911	23306.92518
5675.93236	23360.17637
5676.44568	23067.48792
5676.95908	21762.4348
5677.47254	20859.19804
5677.98607	20388.33527
5678.49967	21369.32978
5679.01334	22349.07824
5679.52708	22981.54593
5680.04089	23202.50428
5680.55477	23192.14583
5681.06872	22679.76801
5681.58274	22849.76641
5682.09682	23281.84503
5682.61098	22923.02284
5683.12521	22730.79167
5683.63951	22300.60496
5684.15388	22194.93744
5684.66831	22221.82803
5685.18282	23594.6983
5685.6974	24585.13034
5686.21205	24979.11279
5686.72676	25514.99529
5687.24155	27351.04367
5687.75641	27183.75376
5688.27133	25613.63376
5688.78633	23722.93443
5689.3014	22087.59662
5689.81653	20601.71021
5690.33174	20371.27293
5690.84702	22279.5323
5691.36236	24888.64207
5691.87778	25932.59898
5692.39327	25232.79026
5692.90882	21907.76418
5693.42445	20047.84718
5693.94015	20591.50903
5694.45591	22462.07642
5694.97175	24868.19381
5695.48766	26500.83742
5696.00363	25779.85478
5696.51968	23142.62284
5697.0358	21255.64864
5697.55198	20340.34012
5698.06824	21443.91408
5698.58457	22373.66169
5699.10097	22693.79625
5699.61744	22061.26429
5700.13397	20988.07357
5700.65058	20775.10318
5701.16726	21331.35061
5701.68401	20718.84839
5702.20083	19804.33875
5702.71772	19460.24314
5703.23468	19285.38018
5703.75171	20839.25141
5704.26881	23446.89308
5704.78598	24139.73394
5705.30322	23379.23428
5705.82053	22186.58091
5706.33791	22454.36466
5706.85537	21786.70468
5707.37289	24083.16508
5707.89048	26316.58465
5708.40815	24437.08928
5708.92588	23464.24071
5709.44368	22846.78841
5709.96156	23019.38915
5710.4795	23363.56241
5710.99752	23183.88836
5711.51561	22225.79887
5712.03376	20488.32453
5712.55199	19714.24339
5713.07029	20704.54423
5713.58866	22972.85607
5714.10709	24061.41569
5714.6256	24833.23142
5715.14418	23384.90342
5715.66283	22205.5419
5716.18156	21898.05836
5716.70035	22466.44442
5717.21921	21138.42851
5717.73814	19588.74361
5718.25715	19358.19897
5718.77622	19624.11603
5719.29537	22138.5782
5719.81458	24575.85413
5720.33387	25171.22335
5720.85322	26900.19743
5721.37265	25676.63543
5721.89215	23606.47991
5722.41172	22646.26653
5722.93136	23485.94278
5723.45107	22880.9404
5723.97085	23770.49798
5724.49071	24317.15046
5725.01063	23602.98429
5725.53062	22979.01198
5726.05069	23039.04383
5726.57082	22911.22905
5727.09103	23920.92742
5727.61131	23958.10115
5728.13166	24386.89205
5728.65208	23853.32404
5729.17257	23531.3112
5729.69313	23562.22569
5730.21376	23183.0465
5730.73446	22655.5498
5731.25524	21462.26051
5731.77608	20895.04186
5732.297	21764.23568
5732.81799	24193.4906
5733.33905	26633.42958
5733.86017	23724.73145
5734.38138	20817.46603
5734.90265	20941.97538
5735.42399	24695.02784
5735.9454	28961.8722
5736.46689	29077.82355
5736.98844	25974.33495
5737.51007	21278.4637
5738.03177	19437.2087
5738.55354	19626.13417
5739.07538	22207.97673
5739.59729	25502.67445
5740.11927	27697.3626
5740.64133	26005.3284
5741.16345	21835.70044
5741.68565	18875.84778
5742.20792	18524.14874
5742.73026	21526.56875
5743.25267	22920.01349
5743.77515	23762.38174
5744.2977	23189.8451
5744.82032	22178.70761
5745.34302	21697.10062
5745.86579	22197.88438
5746.38862	22932.49606
5746.91153	23933.14179
5747.43452	26100.53258
5747.95757	26218.17343
5748.48069	24646.49288
5749.00389	23913.55754
5749.52715	23018.40336
5750.05049	23595.87103
5750.5739	24069.7656
5751.09738	23770.24782
5751.62093	25019.94051
5752.14456	25330.81837
5752.66825	25091.47017
5753.19202	25919.38208
5753.71586	26150.04452
5754.23977	26289.70494
5754.76375	26290.77824
5755.2878	25305.54296
5755.81193	25100.89427
5756.33613	26197.08654
5756.86039	26784.93467
5757.38473	26570.56261
5757.90914	26125.02057
5758.43363	26768.5667
5758.95818	27546.71482
5759.48281	26142.73512
5760.00751	22903.94897
5760.53228	21717.28319
5761.05712	22655.56951
5761.58203	23971.65133
5762.10701	24869.35137
5762.63207	23805.85325
5763.1572	22366.22412
5763.6824	20834.20191
5764.20767	20260.03026
5764.73302	21351.21356
5765.25843	23932.70577
5765.78392	25195.98357
5766.30948	24560.16896
5766.83511	23086.0788
5767.36081	21913.68696
5767.88659	21770.93715
5768.41243	23414.65528
5768.93835	24216.82628
5769.46434	24625.65014
5769.99041	24124.48212
5770.51654	23785.76183
5771.04275	24025.83915
5771.56902	24127.09552
5772.09538	25610.63961
5772.6218	26978.95195
5773.14829	25203.5586
5773.67486	23352.30661
5774.2015	21914.68562
5774.72821	21953.70212
5775.25499	22926.83408
5775.78185	23540.72437
5776.30877	24036.90375
5776.83577	22912.92314
5777.36284	21932.39081
5777.88999	21602.71231
5778.4172	23646.78948
5778.94449	25238.13078
5779.47185	26107.21222
5779.99928	26072.82132
5780.52678	25601.85686
5781.05436	25608.28729
5781.58201	24789.9943
5782.10973	24495.34544
5782.63752	25349.97714
5783.16539	24790.2071
5783.69333	24928.73296
5784.22134	23933.15621
5784.74942	22781.13444
5785.27757	21581.48227
5785.8058	22216.71569
5786.3341	23334.73832
5786.86247	24655.48115
5787.39091	27396.50625
5787.91943	26746.12084
5788.44802	26584.76431
5788.97668	27239.57224
5789.50541	26630.11385
5790.03422	24894.90942
5790.5631	24141.74129
5791.09205	23341.83728
5791.62107	23225.77451
5792.15017	24580.13463
5792.67934	25395.55
5793.20858	22872.6334
5793.73789	20983.95262
5794.26728	21338.29497
5794.79674	21331.78914
5795.32627	21189.67066
5795.85587	22002.07086
5796.38555	22223.33021
5796.9153	24339.05205
5797.44512	26754.46133
5797.97501	27299.07294
5798.50498	25817.43746
5799.03502	24412.81839
5799.56513	23711.29924
5800.09532	23756.01592
5800.62557	25313.14399
5801.1559	26918.5813
5801.68631	27280.5625
5802.21678	25847.90643
5802.74733	24318.81966
5803.27795	24807.42624
5803.80865	24620.32522
5804.33941	22850.79127
5804.87025	22577.89523
5805.40117	24766.50372
5805.93215	25842.9065
5806.46321	24329.08959
5806.99434	21814.42755
5807.52555	18855.31276
5808.05682	17000.01516
5808.58817	18263.49051
5809.1196	21477.34588
5809.65109	23804.62723
5810.18266	24927.98953
5810.7143	25755.18281
5811.24602	25957.78871
5811.7778	24189.45794
5812.30966	21778.26539
5812.8416	20951.62854
5813.3736	21365.80862
5813.90568	22623.32331
5814.43784	22504.93202
5814.97006	23661.27289
5815.50236	24968.05243
5816.03473	25977.17731
5816.56718	25557.99874
5817.0997	24519.41152
5817.63229	23929.89891
5818.16495	25113.03468
5818.69769	26341.48421
5819.2305	27171.13836
5819.76338	26559.43593
5820.29634	23993.11442
5820.82937	22343.55223
5821.36248	23175.53523
5821.89565	23667.90257
5822.4289	22319.52247
5822.96223	20760.22554
5823.49562	19306.38522
5824.02909	20861.25721
5824.56264	23805.44441
5825.09625	25378.60676
5825.62994	24038.71417
5826.16371	23424.78515
5826.69754	23628.18416
5827.23145	23132.68975
5827.76543	22814.28484
5828.29949	22590.95361
5828.83362	23439.79503
5829.36783	23289.76103
5829.9021	21699.64511
5830.43645	20533.44347
5830.97088	21307.96919
5831.50537	22310.53559
5832.03995	24658.37493
5832.57459	26124.96915
5833.10931	26222.16391
5833.6441	26124.55312
5834.17896	25667.78392
5834.7139	24368.33354
5835.24892	24146.79948
5835.784	23899.3249
5836.31916	22166.50357
5836.85439	21654.29968
5837.3897	21717.27298
5837.92508	21717.16786
5838.46053	22890.24637
5838.99606	24224.38477
5839.53166	24419.04366
5840.06734	24166.08776
5840.60309	23705.56111
5841.13891	23541.51275
5841.67481	22611.65476
5842.21078	21256.44639
5842.74682	20412.61846
5843.28294	20663.99398
5843.81913	23578.65502
5844.35539	25558.33697
5844.89173	25812.90742
5845.42814	25208.54554
5845.96463	23855.42665
5846.50119	24140.88955
5847.03783	24361.54912
5847.57453	25140.39363
5848.11132	23371.99302
5848.64817	22556.74452
5849.1851	23488.82151
5849.72211	23078.70312
5850.25918	23403.26525
5850.79634	24114.55959
5851.33356	23665.29987
5851.87086	22137.72045
5852.40823	20189.96719
5852.94568	20068.11701
5853.4832	21495.10388
5854.0208	23978.41178
5854.55847	26223.59896
5855.09621	27055.86056
5855.63403	27226.64275
5856.17192	24784.3293
5856.70989	23893.93005
5857.24793	23858.60648
5857.78605	24135.06699
5858.32423	22069.45584
5858.8625	22056.17876
5859.40083	23266.96328
5859.93925	23022.30948
5860.47773	21727.53424
5861.01629	20144.39985
5861.55493	19683.82991
5862.09363	20289.01459
5862.63242	20252.62986
5863.17127	23297.74506
5863.7102	25514.28354
5864.24921	24977.96187
5864.78829	24266.19196
5865.32744	24171.46819
5865.86667	23804.59626
5866.40597	25409.97649
5866.94535	26540.24852
5867.4848	24408.91361
5868.02433	21821.05607
5868.56393	19676.55346
5869.1036	19525.47998
5869.64335	20862.22726
5870.18318	22590.55069
5870.72308	23612.0637
5871.26305	23632.95433
5871.8031	23957.97069
5872.34322	24527.04978
5872.88341	24200.56953
5873.42368	26529.70147
5873.96403	26420.83793
5874.50445	27507.1616
5875.04494	28309.98257
5875.58551	28787.11506
5876.12616	29184.21777
5876.66688	29994.06347
5877.20767	28232.74197
5877.74854	27227.46151
5878.28948	23384.57775
5878.8305	20757.65725
5879.37159	18640.71303
5879.91275	20560.98632
5880.45399	21836.92702
5880.99531	23454.68251
5881.5367	24818.72852
5882.07817	23646.26197
5882.61971	22690.50425
5883.16132	22067.26656
5883.70301	22700.3993
5884.24478	23132.87276
5884.78662	23308.10876
5885.32853	23893.58728
5885.87052	24271.82839
5886.41258	23752.14654
5886.95472	22431.11422
5887.49693	21374.50675
5888.03922	21276.89323
5888.58159	22197.19279
5889.12403	24500.39555
5889.66654	24797.5285
5890.20913	23957.87764
5890.75179	22028.37774
5891.29453	21511.35744
5891.83734	23456.66256
5892.38023	25192.89873
5892.92319	24319.67419
5893.46623	22748.4676
5894.00935	23629.26243
5894.55254	27115.39295
5895.0958	30520.5686
5895.63914	32118.89002
5896.18255	29285.79128
5896.72604	25851.99832
5897.26961	22550.10439
5897.81324	20835.78745
5898.35696	22086.04884
5898.90075	24626.11818
5899.44461	26924.55772
5899.98855	27910.98415
5900.53257	27506.40896
5901.07666	26034.80886
5901.62083	23770.89823
5902.16507	21456.1215
5902.70938	19859.85992
5903.25378	19817.46112
5903.79824	21148.21958
5904.34279	22346.71263
5904.8874	23642.15866
5905.4321	23913.0542
5905.97687	23682.88122
5906.52171	25342.25477
5907.06663	27098.7452
5907.61162	26838.21499
5908.15669	24723.82129
5908.70184	23828.19536
5909.24706	24699.28861
5909.79236	24900.40078
5910.33773	25439.71906
5910.88318	25313.88272
5911.4287	23909.00836
5911.9743	22376.4622
5912.51997	23901.79599
5913.06572	24619.27299
5913.61155	27654.72227
5914.15745	29236.76351
5914.70342	28108.3745
5915.24948	26769.88225
5915.7956	24642.52414
5916.34181	22419.75074
5916.88809	21442.11547
5917.43444	20509.9486
5917.98087	21524.41488
5918.52738	23134.20959
5919.07396	24786.24666
5919.62062	24872.14325
5920.16735	24331.33537
5920.71416	22792.16389
5921.26104	21371.04566
5921.808	20334.63983
5922.35504	20613.58838
5922.90215	21987.29191
5923.44934	22272.4138
5923.9966	23457.62666
5924.54394	24561.40445
5925.09136	24654.60021
5925.63885	23529.73274
5926.18641	22655.20128
5926.73406	22228.55849
5927.28178	23479.70804
5927.82957	24998.83863
5928.37744	25128.39961
5928.92539	23836.20644
5929.47341	22914.08884
5930.02151	22784.67002
5930.56969	22552.53024
5931.11794	23000.31198
5931.66626	22755.67816
5932.21467	22606.10038
5932.76314	22363.86113
5933.3117	21541.55976
5933.86033	23240.94356
5934.40904	26045.62863
5934.95782	28459.37633
5935.50668	30043.98224
5936.05562	26799.31628
5936.60463	22795.56529
5937.15371	22315.92827
5937.70288	21489.57611
5938.25212	21941.6723
5938.80143	22258.48202
5939.35083	24195.13267
5939.9003	26315.73336
5940.44984	27454.64445
5940.99946	26570.12751
5941.54916	24603.80655
5942.09893	23140.86781
5942.64878	23113.02717
5943.19871	23370.9238
5943.74871	22456.63704
5944.29879	22194.30597
5944.84895	21100.8203
5945.39918	21291.58409
5945.94949	21246.7124
5946.49987	22094.41436
5947.05034	24261.4592
5947.60087	27029.70443
5948.15149	27735.922
5948.70218	25700.88982
5949.25294	22305.94905
5949.80379	20791.57185
5950.35471	21342.80099
5950.9057	23358.36336
5951.45678	25796.1867
5952.00793	26121.39088
5952.55915	25049.44301
5953.11046	25879.50641
5953.66184	26152.88898
5954.21329	25608.98073
5954.76482	24111.21954
5955.31643	23433.85169
5955.86812	23251.60429
5956.41988	24637.438
5956.97172	25810.06756
5957.52364	25017.26413
5958.07563	22894.21049
5958.6277	23303.25953
5959.17985	26375.99634
5959.73207	27793.18155
5960.28437	27422.61133
5960.83674	25857.14817
5961.3892	24810.88007
5961.94173	23970.4775
5962.49433	23983.76766
5963.04702	22516.68177
5963.59978	22644.35403
5964.15262	24013.40095
5964.70553	25517.99508
5965.25852	26135.16112
5965.81159	26347.53126
5966.36473	26733.9015
5966.91796	26619.7479
5967.47126	26888.42382
5968.02463	25606.26379
5968.57808	24602.35574
5969.13161	22939.36807
5969.68522	21438.63338
5970.2389	21474.12627
5970.79267	21631.44906
5971.3465	24130.2655
5971.90042	26600.02422
5972.45441	26777.81427
5973.00848	27802.31476
5973.56263	26938.75501
5974.11685	25626.65591
5974.67115	24686.21719
5975.22553	24843.67646
5975.77998	24401.25552
5976.33451	25661.4154
5976.88912	26235.07535
5977.44381	23856.99247
5977.99857	23443.59314
5978.55341	23953.94155
5979.10833	25862.16234
5979.66333	26262.06506
5980.2184	26185.77883
5980.77355	24913.21518
5981.32878	23807.53365
5981.88408	23377.62053
5982.43946	23778.58075
5982.99492	24965.04183
5983.55046	26044.34963
5984.10607	23968.00918
5984.66176	21763.45282
5985.21753	21766.38619
5985.77338	21430.86933
5986.3293	24086.25004
5986.8853	26044.92432
5987.44138	26757.86432
5987.99754	24857.59315
5988.55377	22807.45329
5989.11008	21357.27843
5989.66647	21682.03935
5990.22294	21243.43791
5990.77948	20895.38437
5991.3361	23230.95125
5991.8928	24781.55847
5992.44958	28638.96563
5993.00643	29502.0917
5993.56336	28105.58956
5994.12037	24494.65759
5994.67746	21730.32408
5995.23462	21299.40722
5995.79187	24479.88683
5996.34919	26768.65754
5996.90658	26601.49809
5997.46406	25141.59029
5998.02161	23783.27465
5998.57924	23035.31442
5999.13695	23327.0019
5999.69474	24534.80033
6000.2526	24613.93207
6000.81054	24419.68062
6001.36856	26400.28016
6001.92666	26748.81626
6002.48484	27836.97047
6003.04309	27385.57361
6003.60142	26038.49789
6004.15983	23768.78498
6004.71832	21395.07495
6005.27688	18804.84643
6005.83552	18076.38827
6006.39425	20431.07167
6006.95304	24196.79072
6007.51192	27685.3552
6008.07088	28075.16156
6008.62991	28225.90293
6009.18902	28351.46357
6009.74821	27032.1149
6010.30748	25165.02919
6010.86682	24295.02704
6011.42624	23499.8793
6011.98575	24525.84317
6012.54532	24627.71707
6013.10498	24136.52828
6013.66472	25260.14705
6014.22453	27310.12094
6014.78442	28079.32619
6015.34439	27288.0658
6015.90444	27135.06307
6016.46457	27248.98225
6017.02477	27286.28351
6017.58506	27712.6436
6018.14542	26099.38363
6018.70586	24691.83547
6019.26638	23044.86387
6019.82697	21509.31016
6020.38765	22251.25636
6020.9484	24336.15704
6021.50923	26714.43198
6022.07014	27693.31442
6022.63113	26467.1741
6023.19219	25709.49343
6023.75334	26156.5786
6024.31456	26589.96437
6024.87586	25295.87251
6025.43724	24779.49529
6025.9987	23653.97307
6026.56024	25127.35741
6027.12185	26130.31339
6027.68355	26388.90055
6028.24532	26045.464
6028.80717	23269.63052
6029.3691	22269.28981
6029.93111	21415.15904
6030.4932	21100.36409
6031.05536	21769.11885
6031.61761	24022.85208
6032.17993	25598.42734
6032.74233	27300.58865
6033.30481	27713.23976
6033.86737	25722.18006
6034.43	23104.31367
6034.99272	23032.42386
6035.55552	22849.2141
6036.11839	22056.23207
6036.68134	22469.27304
6037.24437	22311.11273
6037.80748	25227.21995
6038.37067	27869.43829
6038.93394	30346.65934
6039.49728	29525.63956
6040.06071	27797.82406
6040.62421	26206.32286
6041.18779	24356.60047
6041.75146	23347.3229
6042.3152	23217.90635
6042.87902	25050.40801
6043.44291	26250.00614
6044.00689	27935.98146
6044.57095	29079.83188
6045.13508	28256.58516
6045.6993	25108.29952
6046.26359	24166.36518
6046.82796	25764.64304
6047.39241	27046.75425
6047.95694	25284.90692
6048.52155	23524.53642
6049.08624	22559.21626
6049.65101	21218.79573
6050.21585	22046.92427
6050.78078	24921.09841
6051.34578	27475.07138
6051.91087	27771.61905
6052.47603	27743.92773
6053.04127	26935.37557
6053.60659	25586.27775
6054.17199	25117.92325
6054.73747	25467.46967
6055.30303	27548.96668
6055.86867	27787.00378
6056.43439	26695.82266
6057.00018	25904.12561
6057.56606	24496.93216
6058.13202	23105.25481
6058.69805	22502.41292
6059.26416	24440.07877
6059.83036	27443.80279
6060.39663	29599.51953
6060.96298	31415.6106
6061.52941	29366.75884
6062.09592	25148.18228
6062.66251	23456.7813
6063.22918	24984.14676
6063.79593	26906.44484
6064.36276	27978.06026
6064.92967	27650.05988
6065.49666	28242.48531
6066.06373	28663.93831
6066.63087	27890.19679
6067.1981	25290.39015
6067.7654	22423.1908
6068.33279	19141.69841
6068.90025	19695.76315
6069.4678	23275.95074
6070.03542	26814.81761
6070.60313	29119.55459
6071.17091	28755.74784
6071.73877	27031.38579
6072.30672	25051.29621
6072.87474	25598.14984
6073.44284	25231.89532
6074.01102	26977.76252
6074.57928	26921.66693
6075.14762	28415.901
6075.71605	30063.28888
6076.28455	32124.52321
6076.85313	30453.76658
6077.42179	26847.07546
6077.99053	23543.3024
6078.55935	21962.98075
6079.12825	22902.40733
6079.69723	23750.99153
6080.26629	24175.99476
6080.83543	24217.79605
6081.40465	24615.00201
6081.97395	25996.52919
6082.54333	27362.92569
6083.11279	27936.41053
6083.68232	27361.0551
6084.25194	26650.35475
6084.82164	25389.81767
6085.39142	25591.57074
6085.96128	27711.7115
6086.53122	27676.82712
6087.10124	27687.06697
6087.67134	27266.59242
6088.24152	26982.96907
6088.81178	26379.40371
6089.38212	24458.48884
6089.95254	24003.77294
6090.52304	23372.2166
6091.09362	23711.37086
6091.66428	25872.92718
6092.23502	29681.06548
6092.80584	29905.24374
6093.37674	28154.11362
6093.94773	26225.50891
6094.51879	25099.45806
6095.08993	25547.26655
6095.66115	26980.52907
6096.23245	28480.37079
6096.80384	29564.45649
6097.3753	28178.22331
6097.94684	26750.37357
6098.51847	26215.95596
6099.09017	25427.849
6099.66196	27014.12992
6100.23382	27875.02729
6100.80577	26983.00725
6101.37779	24566.87217
6101.9499	20788.84069
6102.52209	20939.04249
6103.09436	22519.40163
6103.6667	26392.54588
6104.23913	27689.45321
6104.81164	28623.33019
6105.38423	27875.83923
6105.9569	26514.41103
6106.52965	24296.23115
6107.10248	21962.5785
6107.67539	20244.7172
6108.24839	20190.96338
6108.82146	21794.74105
6109.39461	25521.22224
6109.96785	27035.59576
6110.54116	28272.91823
6111.11456	28774.62535
6111.68804	28023.66323
6112.26159	26425.95651
6112.83523	25386.41193
6113.40895	24524.74229
6113.98275	24552.89879
6114.55663	24176.19699
6115.13059	23443.9255
6115.70463	23435.45392
6116.27876	24492.29996
6116.85296	26741.53046
6117.42724	27721.22821
6118.00161	26937.76457
6118.57606	25237.72849
6119.15058	24798.63247
6119.72519	26839.9385
6120.29988	28342.5403
6120.87465	27575.44997
6121.4495	26843.09678
6122.02443	26881.04456
6122.59945	27415.88902
6123.17454	27580.59321
6123.74971	27084.38679
6124.32497	26477.99091
6124.90031	24488.97521
6125.47573	22756.9922
6126.05122	20990.19732
6126.62681	22482.4743
6127.20247	25376.6949
6127.77821	27180.21824
6128.35403	26899.08036
6128.92994	25384.18479
6129.50592	25645.35807
6130.08199	26310.01901
6130.65814	27891.10024
6131.23437	28873.6549
6131.81068	27888.51075
6132.38707	25085.5974
6132.96355	23099.33272
6133.5401	24718.43538
6134.11674	26144.08133
6134.69346	27971.84588
6135.27025	28431.09678
6135.84713	28002.38844
6136.4241	27197.25344
6137.00114	25368.65168
6137.57826	25473.60038
6138.15547	27685.45764
6138.73276	28453.08405
6139.31012	29496.20387
6139.88758	28489.41806
6140.46511	26752.60165
6141.04272	25180.48976
6141.62041	23015.15288
6142.19819	22337.5695
6142.77605	23592.52284
6143.35399	26360.86742
6143.93201	28510.64462
6144.51011	28907.18291
6145.08829	25498.67836
6145.66656	21900.85128
6146.24491	19891.77879
6146.82334	21260.45955
6147.40185	26003.26688
6147.98044	29509.90515
6148.55911	31334.85969
6149.13787	30596.44361
6149.7167	27578.66952
6150.29562	24937.04423
6150.87462	22736.06285
6151.45371	24083.54409
6152.03287	26825.10635
6152.61212	26764.68405
6153.19144	27311.895
6153.77085	27575.73643
6154.35035	27830.79859
6154.92992	27726.17061
6155.50957	28244.13413
6156.08931	28068.47406
6156.66913	29147.332
6157.24903	27487.95889
6157.82901	25686.0766
6158.40908	24821.80195
6158.98923	25640.66056
6159.56946	27384.97609
6160.14977	28484.98238
6160.73016	28402.18941
6161.31063	26330.83109
6161.89119	26535.04374
6162.47183	26410.25786
6163.05255	27170.94987
6163.63335	26942.77356
6164.21424	25970.49951
6164.79521	25030.94204
6165.37626	22965.99468
6165.95739	22588.10905
6166.5386	23586.75967
6167.1199	24027.67105
6167.70128	25064.15659
6168.28274	25390.3505
6168.86428	25146.37519
6169.4459	24202.66161
6170.02761	24928.76894
6170.6094	25928.95097
6171.19127	27107.42498
6171.77323	27479.09962
6172.35526	27191.56943
6172.93738	27958.49466
6173.51958	30310.80999
6174.10187	31468.87279
6174.68423	29163.18565
6175.26668	24590.14639
6175.84921	22281.08427
6176.43182	22167.47252
6177.01452	23573.55336
6177.5973	24923.92413
6178.18016	25339.38176
6178.7631	25497.5208
6179.34613	26933.19924
6179.92923	28690.56982
6180.51242	27999.22838
6181.0957	27262.48215
6181.67905	28048.40677
6182.26249	29245.18008
6182.84601	29833.58976
6183.42961	29054.62066
6184.0133	27916.87521
6184.59707	29902.003
6185.18092	31248.30672
6185.76486	33540.01786
6186.34887	31938.8675
6186.93297	28713.64186
6187.51715	25128.86348
6188.10142	25418.97912
6188.68577	27004.2829
6189.2702	27754.66672
6189.85471	28649.53793
6190.43931	29817.4842
6191.02399	30415.78221
6191.60875	29591.10027
6192.19359	29358.58489
6192.77852	27911.00404
6193.36353	25903.79013
6193.94862	27179.24434
6194.5338	27146.52026
6195.11906	25318.41472
6195.7044	24035.25138
6196.28982	24749.80314
6196.87533	24954.89186
6197.46092	25489.56598
6198.0466	26465.39601
6198.63235	26808.41257
6199.21819	26627.30178
6199.80412	26871.3058
6200.39012	25971.73936
6200.97621	25934.55991
6201.56239	27514.1241
6202.14864	28511.58356
6202.73498	30390.04429
6203.3214	29689.75034
6203.90791	28951.538
6204.49449	27702.19847
6205.08117	25810.91844
6205.66792	25569.28726
6206.25476	26071.54807
6206.84168	27121.82333
6207.42868	27414.23415
6208.01577	26955.52967
6208.60294	27486.89838
6209.1902	29630.97698
6209.77753	33650.87635
6210.36495	33829.92535
6210.95246	29463.072
6211.54005	26148.81064
6212.12772	26744.78212
6212.71547	27043.52998
6213.30331	29061.17392
6213.89123	28669.9335
6214.47923	28638.01973
6215.06732	26838.80551
6215.65549	27308.73326
6216.24375	28711.2061
6216.83209	30271.06332
6217.42051	29994.78195
6218.00902	27646.91658
6218.5976	27633.19394
6219.18628	28149.0722
6219.77503	29696.96166
6220.36387	28365.93654
6220.9528	26501.22618
6221.5418	23658.33056
6222.1309	24474.29243
6222.72007	26415.38363
6223.30933	28978.4943
6223.89867	29014.74667
6224.4881	27484.78853
6225.07761	28455.34123
6225.6672	30663.94511
6226.25688	30866.28447
6226.84664	28922.53477
6227.43648	27152.83026
6228.02641	24369.62082
6228.61642	22664.58658
6229.20652	23932.48987
6229.7967	26054.13419
6230.38696	30556.35363
6230.97731	32218.63413
6231.56774	30508.0521
6232.15826	27545.24536
6232.74886	24336.84655
6233.33954	23693.411
6233.93031	25439.16071
6234.52116	26501.03464
6235.11209	26661.84394
6235.70311	27632.95829
6236.29422	29333.83283
6236.8854	30234.7808
6237.47667	29308.71905
6238.06803	28882.03314
6238.65947	28671.25845
6239.25099	26847.00444
6239.8426	24973.4564
6240.43429	25715.91141
6241.02607	26885.9729
6241.61793	28727.5692
6242.20988	30243.67232
6242.8019	31615.24398
6243.39402	31574.33994
6243.98621	29388.93952
6244.5785	27169.17326
6245.17086	25088.73619
6245.76331	25138.54788
6246.35585	25451.4554
6246.94847	25805.83437
6247.54117	25054.87588
6248.13396	24803.09768
6248.72683	24525.4085
6249.31978	25363.14493
6249.91282	26037.92747
6250.50595	26366.7883
6251.09916	26660.53086
6251.69245	26022.99678
6252.28583	24972.10421
6252.87929	26841.03376
6253.47284	27114.63605
6254.06647	28586.92318
6254.66019	30547.22075
6255.25399	29468.23189
6255.84788	26633.77576
6256.44185	24370.238
6257.0359	25589.34741
6257.63004	28273.84964
6258.22427	31133.2635
6258.81857	30045.97219
6259.41297	28861.71978
6260.00745	26878.78448
6260.60201	26229.13576
6261.19666	25592.52653
6261.79139	25132.9744
6262.3862	25576.02424
6262.98111	26518.24282
6263.57609	27964.19585
6264.17116	29177.75894
6264.76632	28901.87229
6265.36156	29845.56278
6265.95689	29242.767
6266.5523	29364.24606
6267.14779	29954.01567
6267.74337	32489.87956
6268.33904	34110.96948
6268.93479	32916.56755
6269.53062	29541.99184
6270.12654	27026.46186
6270.72255	26579.4927
6271.31864	28858.39897
6271.91481	30252.49021
6272.51107	30402.44387
6273.10742	30001.46789
6273.70385	29001.34912
6274.30036	28570.13741
6274.89696	28124.61382
6275.49365	28000.09181
6276.09042	27627.37786
6276.68727	27660.18122
6277.28421	29275.78548
6277.88124	31237.43655
6278.47835	30945.04271
6279.07555	29082.30163
6279.67283	29536.5173
6280.2702	30329.90291
6280.86765	34178.99144
6281.46518	33502.51332
6282.06281	31198.09483
6282.66051	27725.20047
6283.25831	26807.50131
6283.85619	27345.26801
6284.45415	28340.60193
6285.0522	28258.92878
6285.65033	26100.49816
6286.24855	25583.10787
6286.84686	24840.62214
6287.44525	25850.43183
6288.04372	27607.86068
6288.64229	29358.11972
6289.24093	29715.55477
6289.83967	29014.97078
6290.43848	30054.78872
6291.03739	30277.31253
6291.63638	30057.81544
6292.23545	32572.41364
6292.83461	33986.80529
6293.43386	32764.63799
6294.03319	29276.96538
6294.6326	25916.66109
6295.23211	26204.65288
6295.8317	27690.38692
6296.43137	29985.76338
6297.03113	30194.20071
6297.63097	29268.96109
6298.23091	29138.50488
6298.83092	28981.26108
6299.43102	32253.02612
6300.03121	30891.51094
6300.63149	29909.77497
6301.23185	30720.9529
6301.83229	31020.99562
6302.43282	30323.49203
6303.03344	29324.63204
6303.63414	29587.55711
6304.23493	29736.48526
6304.83581	29794.42309
6305.43677	31241.93884
6306.03782	31635.12521
6306.63895	28935.9435
6307.24017	24956.07204
6307.84147	25021.97947
6308.44286	26325.63215
6309.04434	28174.3911
6309.6459	31532.82441
6310.24755	34423.57692
6310.84928	33809.03558
6311.45111	30882.32322
6312.05301	28236.03941
6312.65501	29864.67111
6313.25708	30967.09464
6313.85925	30923.7752
6314.4615	30314.59348
6315.06384	27934.24885
6315.66626	26688.64932
6316.26877	28097.68832
6316.87137	28504.61838
6317.47405	29151.45895
6318.07682	26437.81837
6318.67968	26225.21005
6319.28262	28016.28347
6319.88564	30054.68524
6320.48876	29974.70638
6321.09196	27734.64189
6321.69525	27883.16189
6322.29862	27702.42021
6322.90208	28567.65779
6323.50562	29585.34479
6324.10926	31495.54865
6324.71297	33012.0804
6325.31678	34398.8387
6325.92067	34145.8679
6326.52465	32083.97605
6327.12871	29456.1335
6327.73286	28837.39541
6328.3371	30498.87949
6328.94143	31719.55064
6329.54584	32099.93682
6330.15033	30908.49597
6330.75492	29803.47113
6331.35959	28526.3215
6331.96435	27721.47601
6332.56919	27397.71574
6333.17412	27577.8638
6333.77914	26849.98697
6334.38424	27839.1868
6334.98943	27768.55641
6335.59471	28834.13367
6336.20007	28277.28614
6336.80552	28538.87311
6337.41106	27046.95502
6338.01669	26436.24269
6338.6224	26039.16106
6339.2282	28077.6593
6339.83408	31835.13282
6340.44005	37115.21939
6341.04611	37841.47904
6341.65226	36207.2565
6342.25849	31987.94444
6342.86481	30034.32277
6343.47121	28803.29948
6344.07771	29232.39504
6344.68429	33008.55041
6345.29096	34701.5245
6345.89771	33540.39942
6346.50455	29795.21928
6347.11148	25886.86095
6347.7185	23935.01238
6348.3256	24556.72992
6348.93279	25312.78088
6349.54006	28030.04076
6350.14743	31253.9795
6350.75488	31383.04535
6351.36242	29759.76336
6351.97004	27790.1127
6352.57776	27525.26014
6353.18556	29488.10343
6353.79344	31951.03026
6354.40142	33871.48854
6355.00948	33674.01064
6355.61763	32859.67606
6356.22586	31167.35796
6356.83419	32115.77055
6357.4426	35334.06379
6358.0511	37103.14878
6358.65968	35204.61056
6359.26835	31011.75726
6359.87712	27116.37522
6360.48596	24952.69698
6361.0949	25218.10367
6361.70392	27228.89528
6362.31303	28622.07748
6362.92223	29151.65176
6363.53151	28102.95458
6364.14089	26492.57108
6364.75035	27163.04311
6365.35989	29499.90484
6365.96953	32022.58105
6366.57925	33457.12751
6367.18906	32736.57142
6367.79896	32666.6484
6368.40895	34972.59179
6369.01902	35579.90535
6369.62918	33780.09754
6370.23943	31030.65296
6370.84977	31612.03045
6371.46019	33028.05091
6372.0707	30834.4996
6372.6813	29831.54217
6373.29199	29143.33545
6373.90276	28595.3734
6374.51363	31290.84047
6375.12458	34174.42619
6375.73562	35835.77586
6376.34674	34979.4922
6376.95796	34034.61504
6377.56926	32626.25774
6378.18065	33873.4797
6378.79213	34252.52787
6379.40369	34211.3568
6380.01535	34963.20343
6380.62709	34378.66543
6381.23892	34383.02886
6381.85084	34396.86107
6382.46284	33414.91122
6383.07494	33518.86162
6383.68712	33437.73047
6384.29939	33631.28566
6384.91175	32765.88573
6385.52419	32688.30492
6386.13673	31323.30538
6386.74935	28818.0331
6387.36206	30050.66785
6387.97486	33078.34066
6388.58775	34715.04577
6389.20072	34200.01019
6389.81379	33394.79266
6390.42694	33442.59199
6391.04018	35568.79361
6391.65351	36543.79777
6392.26692	33974.04361
6392.88043	29697.46377
6393.49402	27574.24883
6394.1077	28853.97967
6394.72147	29159.1092
6395.33533	29643.97738
6395.94928	30978.78988
6396.56331	32789.77956
6397.17744	33859.97243
6397.79165	32114.55608
6398.40595	31252.38622
6399.02034	29908.77024
6399.63482	29045.05873
6400.24938	30050.74728
6400.86404	32258.9078
6401.47878	34524.37182
6402.09361	32329.73116
6402.70853	27770.99522
6403.32354	24565.83276
6403.93864	24878.06869
6404.55382	26632.04527
6405.1691	29403.05662
6405.78446	30719.82726
6406.39991	30700.71143
6407.01545	30716.17976
6407.63108	30737.56661
6408.2468	29970.14089
6408.86261	28325.88846
6409.4785	26917.86031
6410.09449	26022.61876
6410.71056	26722.56983
6411.32672	29742.52632
6411.94298	33377.29384
6412.55932	35434.32041
6413.17574	33294.17709
6413.79226	30974.02647
6414.40887	28671.95443
6415.02556	28898.91039
6415.64235	30093.86377
6416.25922	34446.26045
6416.87618	38831.94455
6417.49323	38685.46932
6418.11038	35397.11523
6418.7276	31464.47105
6419.34492	31064.86922
6419.96233	33081.1114
6420.57983	36986.35329
6421.19741	37402.91168
6421.81509	37561.61245
6422.43285	36796.90778
6423.0507	35158.24615
6423.66865	33863.49667
6424.28668	33467.35962
6424.9048	31903.58754
6425.52301	30546.14582
6426.14131	29596.69685
6426.75969	30974.49958
6427.37817	33561.05015
6427.99674	35724.891
6428.61539	36281.93401
6429.23414	34947.77383
6429.85297	33588.24959
6430.4719	31664.13183
6431.09091	33429.79903
6431.71002	35424.32349
6432.32921	35218.90515
6432.94849	34233.60128
6433.56786	34248.30091
6434.18732	36300.70584
6434.80687	36073.5456
6435.42651	35236.00891
6436.04624	33279.77383
6436.66606	31226.13816
6437.28597	28840.67597
6437.90596	27377.23179
6438.52605	28626.61758
6439.14623	30181.13916
6439.76649	29023.41008
6440.38685	29219.62444
6441.0073	31279.44579
6441.62783	32603.35341
6442.24846	36768.66285
6442.86917	40175.99082
6443.48997	39974.38516
6444.11087	36356.48867
6444.73185	32932.81337
6445.35293	32205.21471
6445.97409	30739.12231
6446.59534	26667.05919
6447.21669	26279.37517
6447.83812	27778.85161
6448.45964	31807.26037
6449.08125	33072.48179
6449.70296	30229.62872
6450.32475	27779.26983
6450.94663	26900.34386
6451.5686	27652.91429
6452.19067	28363.93314
6452.81282	29815.23208
6453.43506	32676.36921
6454.05739	34187.89603
6454.67981	34765.56447
6455.30233	35015.76203
6455.92493	32315.63049
6456.54762	30413.473
6457.1704	30068.30904
6457.79328	30050.5636
6458.41624	31362.23266
6459.03929	32422.42311
6459.66244	33038.73696
6460.28567	32741.55337
6460.90899	30716.68775
6461.53241	29767.6259
6462.15591	29056.10038
6462.7795	29742.38152
6463.40319	30969.90918
6464.02696	32510.69847
6464.65083	34888.6309
6465.27478	35376.71585
6465.89883	35499.51664
6466.52296	33342.31903
6467.14719	31412.57351
6467.77151	29569.08623
6468.39591	28296.81679
6469.02041	29856.47522
6469.645	30772.28713
6470.26968	33759.31792
6470.89445	35705.74212
6471.51931	36440.93692
6472.14426	37992.34914
6472.7693	40282.74215
6473.39443	39292.7077
6474.01965	36245.1143
6474.64496	33188.76821
6475.27037	30648.27434
6475.89586	30895.08757
6476.52144	33758.21861
6477.14712	36639.06769
6477.77288	36433.46058
6478.39874	35366.89814
6479.02469	36653.25019
6479.65072	39786.60171
6480.27685	39613.95085
6480.90307	38225.88464
6481.52938	35254.36141
6482.15578	34135.34667
6482.78227	31928.22923
6483.40886	30118.77235
6484.03553	29873.46384
6484.66229	32046.89058
6485.28915	31779.97916
6485.91609	32994.45801
6486.54313	32334.86768
6487.17026	30951.03683
6487.79748	30067.81637
6488.42478	31823.59681
6489.05219	32324.13395
6489.67968	36310.30468
6490.30726	38845.65957
6490.93493	39733.72774
6491.5627	37798.27891
6492.19055	35588.22114
6492.8185	33132.79879
6493.44654	29630.29467
6494.07467	29429.54689
6494.70289	29805.407
6495.3312	31462.81967
6495.9596	30630.18687
6496.58809	30848.4948
6497.21668	32115.40458
6497.84536	33881.51861
6498.47412	32976.77715
6499.10298	31237.56032
6499.73193	32166.65985
6500.36097	32780.58501
6500.99011	34285.86733
6501.61933	34271.76121
6502.24864	32750.53934
6502.87805	30662.05744
6503.50755	32087.93821
6504.13714	34210.23229
6504.76682	33899.54382
6505.39659	33096.96896
6506.02646	33021.80383
6506.65641	33109.00182
6507.28646	31688.56538
6507.9166	31122.55508
6508.54683	31931.65961
6509.17715	31955.79001
6509.80756	32457.18797
6510.43806	31996.67202
6511.06866	29728.01054
6511.69935	28348.16581
6512.33013	29782.60152
6512.961	32377.0767
6513.59196	34821.58551
6514.22302	35657.29313
6514.85416	34031.13681
6515.4854	33669.8078
6516.11673	32139.53907
6516.74815	31778.65246
6517.37966	30999.48279
6518.01127	30228.97496
6518.64297	30625.61931
6519.27475	33788.04834
6519.90664	37238.86153
6520.53861	37629.79838
6521.17067	37109.77575
6521.80283	36882.75797
6522.43508	34983.56773
6523.06742	33235.05597
6523.69985	31788.3665
6524.33237	30666.87907
6524.96499	30514.99904
6525.5977	31659.90956
6526.2305	30797.91308
6526.86339	30684.04281
6527.49637	31659.16212
6528.12945	36033.26967
6528.76262	38634.03695
6529.39588	37814.38725
6530.02923	35321.00194
6530.66267	31856.19675
6531.29621	28875.98729
6531.92984	26541.70602
6532.56356	25081.8113
6533.19737	27076.70002
6533.83128	31018.93839
6534.46528	36804.30796
6535.09937	37990.41239
6535.73355	37606.56629
6536.36783	33037.80235
6537.00219	27522.33633
6537.63665	25968.41223
6538.27121	27379.27552
6538.90585	32922.57327
6539.54059	38748.46345
6540.17542	40867.94903
6540.81034	37852.51252
6541.44535	34995.7884
6542.08046	33098.68957
6542.71566	31985.40923
6543.35095	30759.94873
6543.98633	31813.87415
6544.62181	30631.5231
6545.25738	28427.7394
6545.89304	26566.05955
6546.5288	29059.60984
6547.16464	34094.84529
6547.80058	39101.76088
6548.43661	41405.16413
6549.07274	39452.29974
6549.70896	38132.68392
6550.34527	38384.89394
6550.98167	35731.64506
6551.61817	33293.99931
6552.25476	32284.56214
6552.89144	29926.94162
6553.52821	29654.58986
6554.16508	30283.50582
6554.80204	33568.87347
6555.43909	34352.53824
6556.07624	32177.4441
6556.71348	31027.76528
6557.35081	30237.36736
6557.98823	33597.05183
6558.62575	37885.91225
6559.26336	38011.12134
6559.90106	36984.53209
6560.53886	34626.39692
6561.17675	33050.70959
6561.81473	32786.86934
6562.45281	32320.85119
6563.09098	31842.68416
6563.72924	32211.85028
6564.36759	32061.60713
6565.00604	31320.21479
6565.64458	29817.14914
6566.28321	29177.80316
6566.92194	32443.88731
6567.56076	35246.08704
6568.19968	37204.55927
6568.83868	35325.64729
6569.47778	32109.82824
6570.11698	32266.31582
6570.75626	33977.51693
6571.39564	34540.06143
6572.03512	35882.33004
6572.67468	37722.68831
6573.31435	37587.98247
6573.9541	35656.99355
6574.59395	32906.7614
6575.23389	31456.81385
6575.87392	31011.67902
6576.51405	31029.91126
6577.15427	29447.16669
6577.79458	29286.18273
6578.43499	28188.78437
6579.07549	32242.09377
6579.71609	37243.01926
6580.35677	37102.43449
6580.99756	33572.39989
6581.63843	32709.51533
6582.2794	32036.19621
6582.92046	34599.24398
6583.56162	35735.51034
6584.20287	34565.08655
6584.84422	33809.40503
6585.48565	33342.74757
6586.12718	31421.64637
6586.76881	29546.93008
6587.41053	30120.29569
6588.05234	32652.79958
6588.69425	35647.43652
6589.33625	37392.59151
6589.97834	36260.08467
6590.62053	35671.64634
6591.26281	36784.30331
6591.90519	37394.69058
6592.54766	35770.71659
6593.19022	33457.67949
6593.83288	31770.40602
6594.47563	32994.79744
6595.11847	35942.16564
6595.76141	38735.93928
6596.40445	39074.54689
6597.04758	36081.36162
6597.6908	36451.4298
6598.33411	35546.02668
6598.97752	33169.95696
6599.62103	30587.36091
6600.26462	30319.40366
6600.90832	31505.34704
6601.5521	32013.10879
6602.19598	33119.52176
6602.83996	34326.41584
6603.48403	36464.30611
6604.12819	37993.5156
6604.77245	38249.36204
6605.4168	35761.38413
6606.06124	31752.49377
6606.70579	30860.61317
6607.35042	34651.67441
6607.99515	37342.2576
6608.63997	37902.42678
6609.28489	35174.30914
6609.9299	32005.58011
6610.57501	29407.93906
6611.22021	29854.24643
6611.86551	31200.25395
6612.5109	31710.09734
6613.15638	33152.17448
6613.80196	33200.31361
6614.44763	32516.04936
6615.0934	32624.51834
6615.73926	31856.18433
6616.38522	30119.14545
6617.03127	28537.93467
6617.67742	29585.72148
6618.32366	30780.45871
6618.97	31885.98945
6619.61643	31822.81437
6620.26295	30624.95647
6620.90957	29645.15469
6621.55629	29923.82879
6622.2031	33476.15883
6622.85	37109.78575
6623.497	35956.21124
6624.14409	32988.41162
6624.79128	29739.62515
6625.43857	28670.51054
6626.08594	30032.20398
6626.73342	32412.4941
6627.38099	34791.53369
6628.02865	35939.62277
6628.67641	36046.25181
6629.32426	33824.38226
6629.97221	34653.63153
6630.62025	34651.49264
6631.26839	34382.23636
6631.91662	34400.76553
6632.56495	35393.88647
6633.21337	33428.43497
6633.86189	32034.7837
6634.5105	32864.42718
6635.15921	33864.17985
6635.80802	33363.16433
6636.45692	32406.48844
6637.10591	30636.25711
6637.755	29967.05902
6638.40418	32699.91717
6639.05346	35588.6263
6639.70284	36552.78932
6640.35231	36282.76753
6641.00187	35490.21974
6641.65153	35077.63361
6642.30129	37597.42778
6642.95114	40883.50299
6643.60109	40172.15457
6644.25113	36597.17813
6644.90127	32759.00188
6645.5515	32425.52408
6646.20183	34921.27697
6646.85226	36112.17302
6647.50277	35967.50441
6648.15339	33602.32358
6648.8041	31049.44834
6649.45491	29225.30036
6650.10581	27509.49741
6650.75681	28562.82163
6651.4079	30840.52072
6652.05909	32235.19601
6652.71037	33566.7602
6653.36175	35756.11928
6654.01323	35538.76902
6654.6648	33416.95153
6655.31646	31306.95764
6655.96823	31213.96626
6656.62008	32535.2663
6657.27204	34015.76596
6657.92409	34778.11933
6658.57623	34939.83421
6659.22848	33452.48992
6659.88081	33956.94203
6660.53325	34811.88475
6661.18578	35376.01855
6661.8384	34649.29957
6662.49112	36150.63973
6663.14394	38954.93334
6663.79685	40033.87258
6664.44986	37501.80664
6665.10296	36198.58317
6665.75616	37219.01294
6666.40946	37499.34801
6667.06285	37209.55024
6667.71634	37143.53277
6668.36993	34383.6942
6669.02361	31335.0476
6669.67739	29870.68767
6670.33126	27819.56075
6670.98523	25006.09157
6671.63929	22375.3477
6672.29346	26230.61778
6672.94771	37344.98908
6673.60207	54986.54428
6674.25652	66609.66793
6674.91107	65358.21472
6675.56571	53331.17339
6676.22045	43221.01618
6676.87528	40588.38434
6677.53022	42885.48362
6678.18524	44441.55739
6678.84037	42051.82124
6679.49559	36141.01085
6680.15091	31842.76897
6680.80632	31604.36236
6681.46183	31875.65578
6682.11744	37474.89572
6682.77314	41582.02613
6683.42894	40815.02094
6684.08484	36486.68931
6684.74083	32636.14279
6685.39692	32034.00328
6686.05311	33130.30228
6686.70939	35991.64871
6687.36577	38058.31762
6688.02225	39685.56267
6688.67882	38007.70721
6689.33549	34157.68273
6689.99226	29761.51802
6690.64912	29995.00979
6691.30608	34033.01856
6691.96314	38052.95112
6692.62029	36626.94157
6693.27754	32996.91114
6693.93489	28600.2539
6694.59233	28398.03906
6695.24987	32836.63264
6695.90751	38012.38933
6696.56524	38930.89705
6697.22308	38173.39447
6697.881	34759.77085
6698.53903	32705.37471
6699.19715	32242.15748
6699.85537	33745.3927
6700.51369	35840.91133
6701.1721	36020.55577
6701.83061	35688.69508
6702.48922	35822.11556
6703.14792	37558.70292
6703.80672	37355.56492
6704.46562	34861.70677
6705.12462	33692.51647
6705.78371	33428.92054
6706.4429	34715.45025
6707.10219	36193.64793
6707.76157	36651.51388
6708.42106	33602.05023
6709.08063	30449.55121
6709.74031	29189.80869
6710.40008	30362.62875
6711.05996	32361.60927
6711.71992	32502.86832
6712.37999	35128.00012
6713.04015	42387.03625
6713.70041	50071.01605
6714.36077	54733.2517
6715.02123	54447.51457
6715.68178	51558.54258
6716.34243	51184.0787
6717.00318	51976.41787
6717.66402	49111.7236
6718.32497	44244.87891
6718.98601	41590.76207
6719.64714	42665.29974
6720.30838	47778.97719
6720.96971	49693.64592
6721.63114	47728.70637
6722.29267	42103.25271
6722.9543	36496.31387
6723.61602	33856.76135
6724.27784	35551.08294
6724.93976	37292.78948
6725.60178	39470.94218
6726.26389	40618.22674
6726.92611	39636.89665
6727.58842	39048.76557
6728.25082	36257.28182
6728.91333	32458.88267
6729.57593	31013.15735
6730.23864	33328.43156
6730.90144	37475.99391
6731.56433	39619.35372
6732.22733	40654.89154
6732.89042	39789.93201
6733.55361	37428.33471
6734.2169	36176.28012
6734.88029	36585.16616
6735.54378	35339.4893
6736.20736	32560.94609
6736.87104	31571.29325
6737.53482	32744.19598
6738.1987	33558.49675
6738.86267	34405.47628
6739.52675	36376.74505
6740.19092	36199.28955
6740.85519	36856.94379
6741.51956	39278.21518
6742.18402	41341.04386
6742.84859	43315.16531
6743.51325	43295.78288
6744.17801	41812.35356
6744.84287	40107.16581
6745.50783	40042.54432
6746.17289	39232.36224
6746.83804	40910.02508
6747.5033	38903.37081
6748.16865	36571.44199
6748.8341	33758.83228
6749.49965	30944.95913
6750.16529	30946.3079
6750.83104	35614.23824
6751.49688	40282.09807
6752.16283	43550.74893
6752.82887	40508.2187
6753.49501	35771.35774
6754.16124	34637.72511
6754.82758	40383.77184
6755.49402	50684.70039
6756.16055	58744.65682
6756.82718	59518.87125
6757.49391	53041.45926
6758.16074	45955.6464
6758.82767	37876.32929
6759.4947	34022.81456
6760.16183	33322.8002
6760.82905	37532.9831
6761.49637	40945.96393
6762.1638	42848.37561
6762.83132	42644.82083
6763.49894	38731.86862
6764.16666	36852.73316
6764.83447	38297.98624
6765.50239	41281.83453
6766.17041	43620.66273
6766.83852	44549.02755
6767.50673	42478.14532
6768.17505	40515.8427
6768.84346	38242.65174
6769.51197	37299.36127
6770.18058	40145.76557
6770.84929	42227.06201
6771.5181	43487.8812
6772.187	42668.90779
6772.85601	42128.06851
6773.52511	42491.19545
6774.19432	44132.35694
6774.86362	46633.50597
6775.53302	45988.04334
6776.20253	41941.82236
6776.87213	39721.17351
6777.54183	36837.69185
6778.21163	38623.05031
6778.88153	39079.21976
6779.55152	40194.55175
6780.22162	41801.03136
6780.89182	45980.70386
6781.56212	49001.67319
6782.23251	47521.47576
6782.90301	43451.38521
6783.5736	39464.11419
6784.24429	37762.42648
6784.91509	37625.85798
6785.58598	36553.35873
6786.25697	32833.5347
6786.92807	31482.00282
6787.59926	34673.49999
6788.27055	42138.61595
6788.94194	47179.25559
6789.61343	48997.04233
6790.28502	47064.59198
6790.95671	42287.27643
6791.6285	41224.74215
6792.30039	40334.13638
6792.97238	42870.35208
6793.64446	46345.67139
6794.31665	52267.11095
6794.98894	52386.49985
6795.66133	49392.0824
6796.33382	45881.81835
6797.0064	45460.81525
6797.67909	48494.56514
6798.35188	46913.57463
6799.02476	44804.75562
6799.69775	43951.68614
6800.37084	43394.00104
6801.04403	43287.30775
6801.71731	43709.16624
6802.3907	42115.07919
6803.06419	40775.95327
6803.73777	42134.94308
6804.41146	44059.78974
6805.08525	42082.86568
6805.75913	38838.96924
6806.43312	39117.47034
6807.10721	42628.91884
6807.78139	47500.82157
6808.45568	48656.22435
6809.13007	44732.30817
6809.80456	39899.58215
6810.47915	38514.44394
6811.15383	39747.50229
6811.82862	41425.31014
6812.50351	43905.85705
6813.1785	43111.8109
6813.85359	42587.54758
6814.52878	41813.50538
6815.20407	42245.493
6815.87946	42151.88883
6816.55495	42237.25307
6817.23054	46328.27711
6817.90623	48884.67749
6818.58203	50088.69928
6819.25792	46630.46244
6819.93391	41833.59005
6820.61001	37354.02886
6821.2862	36221.1304
6821.9625	37877.80693
6822.63889	39006.35519
6823.31539	41033.30957
6823.99198	42594.57714
6824.66868	43746.36104
6825.34548	46565.33373
6826.02238	47634.93552
6826.69938	46818.6396
6827.37648	46734.37784
6828.05368	44666.52763
6828.73098	41230.12833
6829.40838	38632.56227
6830.08589	37467.75869
6830.76349	37644.07649
6831.4412	39403.6303
6832.119	42392.80641
6832.79691	47104.51823
6833.47491	51966.92983
6834.15302	54281.77719
6834.83123	51762.23029
6835.50954	49136.09373
6836.18795	49859.60473
6836.86647	48557.17047
6837.54508	44064.41872
6838.22379	39953.50615
6838.90261	38371.60087
6839.58153	39550.13164
6840.26054	42168.11192
6840.93966	47607.58519
6841.61888	50329.37746
6842.2982	47581.12976
6842.97763	41150.59102
6843.65715	39715.71057
6844.33677	41575.15863
6845.0165	45356.41465
6845.69633	49170.99975
6846.37626	49116.09077
6847.05629	43987.51115
6847.73642	39691.83743
6848.41665	38905.68376
6849.09698	41375.35738
6849.77742	44858.26961
6850.45795	47078.59428
6851.13859	48329.03956
6851.81933	46847.62536
6852.50017	44652.88908
6853.18112	42211.45014
6853.86216	39093.16995
6854.5433	38904.69708
6855.22455	41224.15108
6855.9059	43758.40769
6856.58735	42904.23706
6857.2689	40884.16602
6857.95056	38569.16729
6858.63231	41227.43073
6859.31417	46207.62015
6859.99613	51081.91588
6860.67819	49689.3053
6861.36035	47266.20092
6862.04261	43830.23021
6862.72498	42790.49027
6863.40744	44535.29726
6864.09001	43755.48441
6864.77268	43572.87016
6865.45546	41611.45991
6866.13833	40615.44593
6866.82131	41407.65084
6867.50438	40012.89296
6868.18756	41823.2327
6868.87085	43095.66109
6869.55423	45127.96059
6870.23772	45799.45997
6870.9213	44131.65454
6871.60499	43527.81471
6872.28879	42566.44457
6872.97268	44150.01691
6873.65668	46822.47755
6874.34078	48616.09775
6875.02498	47898.01979
6875.70928	44375.74739
6876.39368	42931.26098
6877.07819	46655.94495
6877.7628	47783.35674
6878.44751	49046.45035
6879.13233	45994.68378
6879.81724	46119.77183
6880.50226	47317.07371
6881.18738	47705.63477
6881.8726	47805.21313
6882.55793	49113.24395
6883.24336	48177.19379
6883.92889	46587.06181
6884.61452	48571.89302
6885.30025	48201.84519
6885.98609	47522.31449
6886.67203	44229.98987
6887.35807	38972.57804
6888.04422	35681.26867
6888.73047	39216.69753
6889.41682	43907.86062
6890.10327	47910.85926
6890.78982	46773.7445
6891.47648	46478.25326
6892.16324	46662.87786
6892.85011	43640.37274
6893.53707	42888.29873
6894.22414	46732.44729
6894.91131	49820.96072
6895.59859	47984.04258
6896.28596	45451.87723
6896.97344	45518.85395
6897.66102	43844.25882
6898.34871	42425.01925
6899.0365	43235.66029
6899.72439	45744.07576
6900.41238	48022.96729
6901.10048	47837.2593
6901.78868	46736.38693
6902.47698	44739.35736
6903.16539	42872.76179
6903.85389	41646.20816
6904.54251	44465.78401
6905.23122	48640.18944
6905.92004	53275.80216
6906.60896	52630.13891
6907.29798	48288.18204
6907.98711	43902.34656
6908.67634	42599.37227
6909.36567	42057.52222
6910.05511	43097.16691
6910.74465	45730.7099
6911.43429	46214.71663
6912.12404	43803.25032
6912.81389	41864.55862
6913.50384	43326.70267
6914.1939	48870.9909
6914.88405	53407.0037
6915.57432	54956.90121
6916.26468	51056.2755
6916.95515	45193.23043
6917.64573	41701.36149
6918.3364	40622.31685
6919.02718	41136.95419
6919.71806	43973.64208
6920.40905	45731.8504
6921.10014	43923.0925
6921.79133	39355.60895
6922.48263	38006.05972
6923.17403	42564.40341
6923.86554	46303.97665
6924.55714	50132.24547
6925.24885	49260.66261
6925.94067	46745.72254
6926.63259	44023.64956
6927.32461	43412.47332
6928.01674	45037.23316
6928.70897	43613.80662
6929.4013	43910.80295
6930.09374	45457.12444
6930.78628	47535.4834
6931.47892	48274.06548
6932.17167	48446.0896
6932.86453	50982.82895
6933.55748	54284.17794
6934.25054	55386.44522
6934.94371	54715.53101
6935.63698	53970.54225
6936.33035	52401.03314
6937.02382	50371.91049
6937.7174	48322.81279
6938.41109	44704.04044
6939.10488	40795.25628
6939.79877	38524.23444
6940.49277	41386.72178
6941.18687	44112.24616
6941.88107	46729.75036
6942.57538	47817.92792
6943.26979	47676.99456
6943.96431	45510.28147
6944.65893	43391.94661
6945.35366	42886.58923
6946.04849	47302.38736
6946.74342	50924.78465
6947.43846	49676.01352
6948.1336	46799.28599
6948.82885	44403.99611
6949.5242	45402.02235
6950.21966	49774.25324
6950.91522	51987.54141
6951.61088	50157.55638
6952.30665	44334.19259
6953.00253	41430.60435
6953.69851	41509.54097
6954.39459	45520.76614
6955.09077	50294.82737
6955.78707	53223.59224
6956.48346	50614.59153
6957.17996	47124.06455
6957.87657	42848.93711
6958.57328	41689.07994
6959.27009	41932.28618
6959.96701	45026.16869
6960.66404	48204.32107
6961.36117	49559.40021
6962.0584	48641.60499
6962.75574	48009.23427
6963.45318	46150.31867
6964.15073	43778.77508
6964.84838	40916.82928
6965.54614	41704.33222
6966.244	43239.45386
6966.94197	48063.23303
6967.64004	49782.51561
6968.33822	50290.17966
6969.0365	51383.25109
6969.73489	52954.03856
6970.43338	53790.7573
6971.13198	50733.74405
6971.83068	47464.11695
6972.52949	44278.18683
6973.2284	45660.08442
6973.92742	43773.40464
6974.62654	45140.39996
6975.32577	48143.63731
6976.0251	50270.87805
6976.72454	50103.62948
6977.42408	44803.72766
6978.12373	39556.62746
6978.82348	36019.65863
6979.52334	37316.81652
6980.2233	44569.62225
6980.92337	52018.46527
6981.62355	54424.88885
6982.32383	52933.71157
6983.02421	46759.73131
6983.7247	41243.62192
6984.4253	40326.59484
6985.126	39728.65355
6985.82681	41716.26829
6986.52772	43735.58726
6987.22874	45362.57132
6987.92986	49686.01544
6988.63109	49078.23116
6989.33243	45597.7872
6990.03387	43605.55071
6990.73541	43155.9726
6991.43706	45418.16017
6992.13882	47705.25144
6992.84068	48290.82343
6993.54265	44877.41788
6994.24473	42441.244
6994.94691	41052.67473
6995.64919	42190.44215
6996.35158	45053.30962
6997.05408	44849.85705
6997.75668	44961.07815
6998.45939	41589.70827
6999.16221	40601.66664
6999.86513	40279.31964
7000.56815	42317.53858
7001.27129	45237.68954
7001.97452	46862.76695
7002.67787	46597.01346
7003.38132	45544.39204
7004.08487	43686.1455
7004.78854	42682.92919
7005.4923	46791.60232
7006.19618	49130.32222
7006.90016	47619.05173
7007.60425	46236.09272
7008.30844	44050.71784
7009.01274	43088.44597
7009.71714	42055.28481
7010.42165	39255.06808
7011.12627	37866.19806
7011.83099	39221.12994
7012.53582	43402.06826
7013.24076	44480.86269
7013.9458	43940.76252
7014.65095	43635.68324
7015.35621	44162.31751
7016.06157	45564.80421
7016.76704	44862.85899
7017.47261	45915.66577
7018.17829	46318.12125
7018.88408	49507.23888
7019.58997	50784.01006
7020.29597	54546.1011
7021.00208	53944.223
7021.70829	48310.01603
7022.41461	43964.99384
7023.12104	42010.37811
7023.82757	43341.20837
7024.53421	41355.61534
7025.24096	43123.47687
7025.94781	48276.8092
7026.65477	50668.32459
7027.36184	49073.3018
7028.06901	44086.87037
7028.77629	38561.88467
7029.48368	40513.44627
7030.19117	41831.7461
7030.89877	46404.59692
7031.60648	52344.80759
7032.31429	57613.43145
7033.02221	61076.69045
7033.73024	58086.62085
7034.43837	51642.08349
7035.14661	47555.07513
7035.85496	47209.23141
7036.56342	47665.84492
7037.27198	49782.02667
7037.98065	46282.87336
7038.68943	36804.49479
7039.39831	32010.1292
7040.1073	31834.88847
7040.8164	33067.26843
7041.5256	29876.87938
7042.23491	30058.10671
7042.94433	39494.36457
7043.65386	61544.63949
7044.36349	90554.90316
7045.07324	112120.28519
7045.78308	114378.11709
7046.49304	99810.55217
7047.2031	75767.51333
7047.91327	57214.29532
7048.62355	47550.18213
7049.33393	46121.17321
7050.04443	48230.46872
7050.75503	50654.39848
7051.46573	51823.1347
7052.17655	51658.1286
7052.88747	47680.3142
7053.5985	42533.92183
7054.30964	37910.92442
7055.02088	37782.74969
7055.73223	40729.90181
7056.44369	39747.45304
7057.15526	38119.38902
7057.86694	42035.95096
7058.57872	50226.66319
7059.29061	53959.62163
7060.00261	54599.44266
7060.71471	51669.14671
7061.42693	50409.46706
7062.13925	53181.93276
7062.85168	57730.33038
7063.56421	57050.17791
7064.27686	54452.16473
7064.98961	48416.64869
7065.70247	44982.00142
7066.41544	46243.16527
7067.12852	48941.59521
7067.8417	50120.07875
7068.55499	49399.09495
7069.26839	47981.57207
7069.9819	47366.95252
7070.69552	48758.19526
7071.40924	49467.30224
7072.12308	50271.69739
7072.83702	48509.34694
7073.55106	49840.96286
7074.26522	50017.09659
7074.97949	48822.30641
7075.69386	44735.97804
7076.40834	43665.8164
7077.12293	42006.44348
7077.83763	44201.16609
7078.55243	45761.04986
7079.26735	46084.94279
7079.98237	46273.41374
7080.6975	45838.9541
7081.41274	48491.57483
7082.12809	47968.11927
7082.84354	46858.7369
7083.55911	45706.76246
7084.27478	47488.59485
7084.99056	53770.80556
7085.70645	64059.89028
7086.42245	71713.70629
7087.13856	74740.40655
7087.85477	76696.51083
7088.5711	81989.00251
7089.28753	82140.84404
7090.00407	76208.1749
7090.72072	62578.02317
7091.43748	47595.60698
7092.15435	39940.18537
7092.87132	41355.89601
7093.58841	47963.37059
7094.3056	51051.43303
7095.0229	48400.92438
7095.74032	43073.47838
7096.45784	40074.41074
7097.17546	40160.65323
7097.8932	43403.70989
7098.61105	47364.43201
7099.329	46345.24372
7100.04707	43942.15074
7100.76524	44703.40186
7101.48352	48863.90235
7102.20191	55929.79072
7102.92041	62913.97336
7103.63902	65320.75923
7104.35774	60498.9698
7105.07657	56754.57614
7105.79551	53473.01507
7106.51455	55175.8323
7107.23371	56866.90652
7107.95297	59171.72748
7108.67234	56765.61873
7109.39183	50373.28554
7110.11142	46617.15605
7110.83112	46299.01529
7111.55093	50377.38726
7112.27085	53658.90649
7112.99088	54156.16222
7113.71101	50425.39369
7114.43126	44606.54935
7115.15162	41451.93315
7115.87208	44355.45337
7116.59266	47961.65126
7117.31335	51792.80171
7118.03414	54186.4245
7118.75504	54667.27273
7119.47606	54000.29501
7120.19718	51338.47003
7120.91841	49530.60569
7121.63976	51559.57688
7122.36121	55951.15623
7123.08277	58184.15301
7123.80444	56740.21047
7124.52622	50724.33767
7125.24811	45914.2529
7125.97011	46909.54133
7126.69222	51692.90197
7127.41444	56986.7714
7128.13677	58920.78272
7128.85921	58808.92535
7129.58176	61717.9439
7130.30442	62769.407
7131.02719	68156.90019
7131.75007	67475.94985
7132.47306	63161.08949
7133.19616	56123.55261
7133.91936	53046.93124
7134.64268	53718.75239
7135.36611	55062.51946
7136.08965	53328.66392
7136.8133	51197.14898
7137.53706	50193.95899
7138.26093	51567.0903
7138.98491	53506.50204
7139.709	51699.72864
7140.4332	50746.06687
7141.15751	54149.84503
7141.88193	57009.03205
7142.60646	55058.62176
7143.3311	53157.20259
7144.05585	55189.49805
7144.78071	58017.35137
7145.50568	61985.48999
7146.23076	62061.8625
7146.95595	61498.16707
7147.68125	63265.88586
7148.40667	63852.14284
7149.13219	66302.77049
7149.85782	66601.2892
7150.58357	61985.79869
7151.30942	58026.94804
7152.03539	56516.67302
7152.76146	58248.16025
7153.48765	62016.99308
7154.21395	62977.89143
7154.94036	60921.5601
7155.66687	56976.62624
7156.3935	52792.38319
7157.12024	48280.64548
7157.84709	44806.83468
7158.57405	43953.69514
7159.30112	44280.66836
7160.02831	45253.42154
7160.7556	48441.20385
7161.483	53750.0577
7162.21052	58751.04196
7162.93815	60184.1704
7163.66588	59111.11145
7164.39373	58277.64846
7165.12169	59481.1157
7165.84976	58237.94435
7166.57794	56420.46907
7167.30623	52373.71881
7168.03463	49285.73222
7168.76315	49063.29239
7169.49177	51806.11643
7170.22051	55917.29405
7170.94935	59168.35087
7171.67831	60655.19719
7172.40738	61806.54601
7173.13656	63486.80636
7173.86585	65268.74161
7174.59526	68291.47673
7175.32477	71262.12398
7176.05439	72749.17173
7176.78413	70004.4391
7177.51398	63133.16059
7178.24394	59859.76662
7178.97401	58354.58751
7179.70419	58302.16593
7180.43448	57027.70956
7181.16489	53947.86427
7181.89541	51395.97073
7182.62603	47497.22883
7183.35677	43836.13347
7184.08762	43197.4764
7184.81859	46597.45596
7185.54966	51549.24189
7186.28084	58142.03277
7187.01214	59299.88979
7187.74355	57798.53696
7188.47507	58252.30772
7189.2067	59721.61297
7189.93845	63460.94304
7190.6703	61726.23647
7191.40227	60202.82553
7192.13435	58345.97976
7192.86654	58967.75989
7193.59884	59943.91083
7194.33126	63950.01646
7195.06378	66557.91973
7195.79642	64997.79045
7196.52917	62744.78078
7197.26203	60992.08014
7197.99501	58504.73062
7198.72809	57401.68776
7199.46129	56988.84312
7200.1946	56193.44642
7200.92802	58152.96131
7201.66156	57661.3758
7202.3952	57209.84319
7203.12896	57232.77178
7203.86283	55154.39745
7204.59681	52387.47809
7205.33091	54994.64544
7206.06512	60235.00606
7206.79943	65845.24349
7207.53387	67957.97131
7208.26841	67233.1366
7209.00307	67608.24917
7209.73783	68786.44873
7210.47272	69969.06479
7211.20771	65159.81884
7211.94281	60366.35979
7212.67803	60966.29998
7213.41336	61721.4843
7214.1488	59965.79536
7214.88436	58462.06894
7215.62003	59071.47251
7216.35581	65349.65902
7217.0917	68498.24137
7217.82771	65479.03799
7218.56382	63318.16528
7219.30005	64454.52463
7220.0364	67065.53205
7220.77285	65489.06523
7221.50942	59112.28741
7222.2461	55264.71485
7222.9829	53863.429
7223.7198	56878.07221
7224.45682	57700.32218
7225.19396	57473.21717
7225.9312	58188.5635
7226.66856	61314.9689
7227.40603	62931.57628
7228.14361	62544.35151
7228.88131	59739.9859
7229.61912	63640.28848
7230.35704	67416.63088
7231.09508	68445.91281
7231.83323	68378.73995
7232.57149	69054.07639
7233.30986	64196.91891
7234.04835	59259.4863
7234.78695	57631.82717
7235.52566	55406.40452
7236.26449	58847.54414
7237.00343	65705.53665
7237.74248	70270.4716
7238.48165	70944.4909
7239.22093	68466.31075
7239.96032	63568.04032
7240.69983	60952.01997
7241.43945	57240.19725
7242.17918	56491.19298
7242.91903	58989.5763
7243.65899	60622.08428
7244.39906	60278.92916
7245.13925	59713.28474
7245.87955	55147.66741
7246.61996	53055.99438
7247.36049	56912.45604
7248.10113	60142.14941
7248.84189	60563.82897
7249.58275	59012.56741
7250.32373	61389.40476
7251.06483	62170.45431
7251.80604	57572.0532
7252.54736	53734.99312
7253.2888	53650.5071
7254.03034	57009.13005
7254.77201	58923.88583
7255.51379	61423.03689
7256.25568	64791.66697
7256.99768	67058.98306
7257.7398	68294.07556
7258.48203	69024.36665
7259.22438	68072.4416
7259.96684	64736.88512
7260.70941	64497.10776
7261.4521	64779.70956
7262.1949	63739.23909
7262.93782	57643.1797
7263.68085	53241.33904
7264.42399	49117.17264
7265.16725	50140.32582
7265.91062	57026.95035
7266.65411	65526.11768
7267.39771	68427.35774
7268.14142	62545.98832
7268.88525	57524.92658
7269.62919	54368.70083
7270.37325	57634.91533
7271.11742	61636.26153
7271.8617	62860.43945
7272.6061	63390.39837
7273.35062	66724.59834
7274.09525	67855.62233
7274.83999	66026.46155
7275.58485	64849.88937
7276.32982	66729.50372
7277.0749	69083.7309
7277.8201	72401.00411
7278.56542	75456.63557
7279.31085	76020.97634
7280.05639	73747.98464
7280.80205	72551.56517
7281.54782	70554.13608
7282.29371	65645.55155
7283.03971	61198.02507
7283.78583	57388.03101
7284.53206	56429.89097
7285.27841	57910.74357
7286.02487	60599.58541
7286.77144	62054.88987
7287.51813	64026.3239
7288.26494	67314.19769
7289.01186	69277.13658
7289.75889	72898.80483
7290.50604	72115.43679
7291.25331	66687.14957
7292.00069	59497.36095
7292.74818	57378.81625
7293.49579	58897.16833
7294.24351	62114.68202
7294.99135	68076.77393
7295.73931	76491.81742
7296.48738	79399.03031
7297.23556	75163.79396
7297.98386	72355.95415
7298.73227	72601.86031
7299.4808	69077.85954
7300.22945	64548.47562
7300.97821	65659.47058
7301.72708	70193.74446
7302.47607	71585.47536
7303.22518	69661.91189
7303.9744	67311.78818
7304.72374	65912.51311
7305.47319	64225.45091
7306.22275	65283.54806
7306.97244	65526.00936
7307.72223	64241.03457
7308.47215	62175.60302
7309.22218	60536.55022
7309.97232	60356.50221
7310.72258	64213.61456
7311.47295	65017.28212
7312.22344	64577.11158
7312.97405	63653.41263
7313.72477	60476.54133
7314.47561	60306.52846
7315.22656	66511.12462
7315.97763	73138.88541
7316.72881	75626.1716
7317.48011	74349.16161
7318.23153	69770.50951
7318.98306	67133.98005
7319.73471	68002.45671
7320.48647	68666.84423
7321.23835	69053.73506
7321.99034	65742.14342
7322.74245	59782.47841
7323.49468	54212.78273
7324.24702	51286.75403
7324.99948	54575.09597
7325.75206	62738.7639
7326.50475	70423.71607
7327.25755	72317.86433
7328.01047	69197.28788
7328.76351	63228.97655
7329.51667	57891.62212
7330.26994	56135.72307
7331.02332	57470.20061
7331.77683	60667.80965
7332.53044	63728.54095
7333.28418	66584.71571
7334.03803	71356.0132
7334.792	72123.28299
7335.54608	70642.47345
7336.30028	69985.29928
7337.0546	70744.68209
7337.80903	70435.24808
7338.56358	70854.74728
7339.31825	71155.62185
7340.07303	74578.90147
7340.82793	75949.62183
7341.58294	78879.96299
7342.33807	77255.59676
7343.09332	69585.00594
7343.84868	63008.6904
7344.60417	62036.03848
7345.35976	63111.61036
7346.11548	70830.21252
7346.87131	78002.75042
7347.62725	85762.80809
7348.38332	87794.40886
7349.1395	82230.33848
7349.8958	69697.50248
7350.65221	59128.44606
7351.40874	55749.14394
7352.16539	59258.75678
7352.92215	64177.29573
7353.67904	65990.82961
7354.43603	66280.33001
7355.19315	66643.33697
7355.95038	69391.55598
7356.70773	71430.70739
7357.4652	67066.88105
7358.22278	64685.35076
7358.98048	58587.32214
7359.7383	52606.04783
7360.49623	51363.79509
7361.25428	54219.35135
7362.01245	56428.95658
7362.77074	59081.88697
7363.52914	60802.25509
7364.28766	61782.16358
7365.0463	63628.43353
7365.80505	63522.10028
7366.56392	64727.0416
7367.32291	67357.64928
7368.08202	66126.66785
7368.84124	61720.68204
7369.60058	56899.4078
7370.36004	56340.88351
7371.11962	58710.20445
7371.87931	60949.73822
7372.63912	62445.49105
7373.39905	67141.53637
7374.15909	69133.46377
7374.91926	67800.8064
7375.67954	64207.02314
7376.43993	62507.73222
7377.20045	62333.16957
7377.96108	64005.0879
7378.72183	65360.64038
7379.4827	68466.10779
7380.24369	70664.39008
7381.00479	67981.91893
7381.76602	61264.79483
7382.52735	52569.15025
7383.28881	49853.75561
7384.05039	51118.26641
7384.81208	60130.64666
7385.57389	70024.62374
7386.33582	75358.04032
7387.09787	77977.04138
7387.86003	73822.72364
7388.62231	65725.61365
7389.38471	58457.94527
7390.14723	55457.79672
7390.90987	54691.30156
7391.67262	58762.99288
7392.4355	61493.81622
7393.19849	68710.67801
7393.9616	76279.80707
7394.72482	76945.14194
7395.48817	69985.24729
7396.25163	58976.80172
7397.01521	55290.66187
7397.77891	57468.79749
7398.54273	63498.68832
7399.30667	72453.01286
7400.07072	76504.60636
7400.8349	73287.59205
7401.59919	65464.86451
7402.3636	60567.30748
7403.12813	62062.54806
7403.89277	64877.05405
7404.65754	65831.16313
7405.42242	67183.52461
7406.18743	69087.53296
7406.95255	64692.14689
7407.71779	56820.32603
7408.48315	56683.35515
7409.24862	63377.25688
7410.01422	68665.28309
7410.77993	69090.75017
7411.54576	66491.62253
7412.31172	63053.63167
7413.07779	62353.24231
7413.84397	63078.07806
7414.61028	62147.99661
7415.37671	59574.01827
7416.14325	62234.94162
7416.90992	68912.19084
7417.6767	72151.05713
7418.4436	67378.33532
7419.21063	58836.36674
7419.97777	53667.94167
7420.74502	56529.78142
7421.5124	57939.52553
7422.2799	61427.29428
7423.04752	62541.2578
7423.81525	62275.83075
7424.5831	62315.31776
7425.35108	59029.74626
7426.11917	61964.90335
7426.88738	64825.13324
7427.65571	68739.32099
7428.42416	70410.54883
7429.19273	68727.35829
7429.96142	66828.98381
7430.73023	62312.57248
7431.49916	56583.01407
7432.2682	55839.8218
7433.03737	58250.35452
7433.80666	60960.00369
7434.57606	61057.49679
7435.34559	58454.69717
7436.11523	59046.44547
7436.88499	61737.66388
7437.65488	64400.60399
7438.42488	65397.5127
7439.195	64839.72329
7439.96524	64836.84181
7440.7356	64999.78865
7441.50608	66285.39888
7442.27669	64051.21151
7443.04741	60801.01317
7443.81825	61548.61643
7444.58921	65387.50115
7445.36029	64494.78767
7446.13148	63186.93756
7446.9028	66592.97427
7447.67424	70617.97805
7448.4458	72864.79007
7449.21748	70514.13753
7449.98928	65509.28277
7450.7612	61857.53671
7451.53324	59531.87199
7452.3054	57621.21993
7453.07767	56237.06593
7453.85007	55235.8246
7454.62259	52324.27351
7455.39523	45701.0162
7456.16799	38235.04267
7456.94087	47485.35437
7457.71387	78307.53634
7458.48699	121343.8281
7459.26023	155722.03996
7460.03359	158125.17979
7460.80707	134483.01235
7461.58067	103254.79574
7462.35439	77627.99157
7463.12823	65165.50369
7463.9022	60190.18477
7464.67628	59723.55057
7465.45048	59169.13376
7466.2248	60762.6963
7466.99925	61462.09592
7467.77381	63004.79928
7468.5485	63405.12901
7469.3233	60833.53235
7470.09823	56183.08909
7470.87327	51652.59589
7471.64844	53207.15217
7472.42373	57475.56646
7473.19914	62911.38526
7473.97466	69048.56657
7474.75031	75136.54449
7475.52608	82350.28445
7476.30198	84464.3946
7477.07799	86716.14205
7477.85412	86386.0579
7478.63037	77665.10364
7479.40675	72037.88893
7480.18324	66363.14478
7480.95986	60823.17545
7481.7366	56611.86288
7482.51346	54869.9574
7483.29044	56899.90708
7484.06754	59711.85519
7484.84476	60081.95289
7485.6221	61217.31121
7486.39956	58559.3733
7487.17715	57988.83726
7487.95485	59451.3367
7488.73268	61457.66984
7489.51063	61385.31946
7490.2887	64063.27259
7491.06689	69553.59389
7491.8452	73138.08397
7492.62364	74706.66919
7493.40219	76277.50581
7494.18087	73584.81258
7494.95966	69801.1427
7495.73858	62103.94179
7496.51762	58009.48903
7497.29678	58445.71112
7498.07607	59959.5538
7498.85547	56167.24882
7499.635	50854.01216
7500.41465	51324.96402
7501.19442	56223.9152
7501.97431	65482.0586
7502.75432	80202.36989
7503.53445	94130.31873
7504.31471	102057.06569
7505.09509	105039.73883
7505.87559	100753.79097
7506.65621	92002.50853
7507.43695	84774.18113
7508.21781	78617.61668
7508.9988	77789.41346
7509.77991	73726.65908
7510.56114	70555.04915
7511.34249	62966.37633
7512.12397	56958.20717
7512.90556	57882.119
7513.68728	60522.32833
7514.46912	58181.43413
7515.25108	52828.11653
7516.03317	49373.77478
7516.81537	48776.00797
7517.5977	54700.45769
7518.38015	64611.59195
7519.16273	76723.88353
7519.94542	83146.41676
7520.72824	87793.56172
7521.51118	93943.46133
7522.29424	99033.90333
7523.07742	97090.79696
7523.86073	89707.3017
7524.64416	80061.17549
7525.42771	69606.72638
7526.21138	61477.73339
7526.99518	60017.63906
7527.7791	63011.8053
7528.56314	63769.64436
7529.3473	59209.6168
7530.13159	57841.88057
7530.91599	61351.55266
7531.70052	70076.42012
7532.48518	76684.86716
7533.26995	75729.76126
7534.05485	74182.21018
7534.83987	72130.49874
7535.62502	68954.71118
7536.41029	62038.79554
7537.19567	58989.61064
7537.98119	64311.02684
7538.76682	71060.21058
7539.55258	72125.70858
7540.33846	70632.55119
7541.12447	66102.80263
7541.91059	59658.69198
7542.69684	57740.3126
7543.48321	57921.17187
7544.26971	59464.74708
7545.05633	63031.73588
7545.84307	67818.98023
7546.62993	76975.57045
7547.41692	89281.4503
7548.20403	96340.43016
7548.99127	98366.99004
7549.77862	102377.86993
7550.5661	102766.15473
7551.35371	100660.1607
7552.14143	94489.70151
7552.92928	90401.06283
7553.71726	80977.05186
7554.50535	74962.84219
7555.29357	71733.36418
7556.08192	68040.36411
7556.87038	69257.76201
7557.65897	71417.62057
7558.44769	71566.28567
7559.23652	69760.3291
7560.02549	65350.9732
7560.81457	58477.12685
7561.60378	59203.15153
7562.39311	67035.26531
7563.18256	78217.33471
7563.97214	86343.39793
7564.76184	88639.98423
7565.55167	85677.99999
7566.34162	81909.50099
7567.13169	82050.06961
7567.92189	84659.31481
7568.71221	81628.64303
7569.50265	76923.69523
7570.29322	73531.88549
7571.08391	74822.84252
7571.87473	76969.73812
7572.66567	75233.8051
7573.45673	71540.60617
7574.24792	66403.13698
7575.03923	63065.67816
7575.83067	64168.97775
7576.62223	61399.7298
7577.41391	58984.83345
7578.20572	60200.6316
7578.99765	66870.76798
7579.78971	78463.17491
7580.58189	84163.50543
7581.3742	85154.25693
7582.16663	77660.76769
7582.95918	72078.9939
7583.75186	70884.58446
7584.54466	70709.15507
7585.33758	70572.21814
7586.13063	66492.13436
7586.92381	60482.72392
7587.71711	59007.87104
7588.51053	65422.46936
7589.30408	73575.63406
7590.09775	77139.43586
7590.89155	77808.38751
7591.68547	73497.55982
7592.47952	77121.2621
7593.27369	82843.17047
7594.06798	87443.58389
7594.8624	87964.56356
7595.65695	86718.39228
7596.45162	85578.83116
7597.24641	85527.17621
7598.04133	87925.2418
7598.83637	88398.80394
7599.63154	84226.32062
7600.42684	83320.34318
7601.22225	81419.77793
7602.0178	78185.5614
7602.81346	73227.96937
7603.60926	70032.04022
7604.40518	66445.29178
7605.20122	65812.49644
7605.99739	67086.24798
7606.79368	67545.5244
7607.5901	67628.69991
7608.38664	71410.3006
7609.18331	77022.57608
7609.9801	79853.34522
7610.77702	80748.40299
7611.57406	77976.17326
7612.37123	78995.62133
7613.16852	84631.39548
7613.96594	84758.06368
7614.76349	86786.2365
7615.56116	86452.60312
7616.35895	84344.26415
7617.15687	79273.81864
7617.95492	74361.1549
7618.75309	72649.71732
7619.55139	74150.50472
7620.34981	78353.24488
7621.14836	78653.45582
7621.94703	73649.47595
7622.74583	69614.9482
7623.54475	68471.47371
7624.3438	64873.95265
7625.14298	64159.30512
7625.94228	65601.66089
7626.74171	67353.2395
7627.54126	67041.43837
7628.34094	69090.40053
7629.14074	74538.87974
7629.94067	78174.30993
7630.74073	78358.90594
7631.54091	76312.19395
7632.34122	75882.1124
7633.14165	77260.3916
7633.94221	78220.24345
7634.7429	77393.83986
7635.54371	73432.86873
7636.34464	73833.70565
7637.14571	73380.81727
7637.9469	75021.05311
7638.74821	73400.938
7639.54965	75298.59483
7640.35122	80907.08707
7641.15292	88961.05565
7641.95474	96946.33574
7642.75668	102883.32031
7643.55875	101559.96157
7644.36095	99324.1178
7645.16328	91515.68468
7645.96573	80612.15868
7646.76831	66685.92028
7647.57101	62087.83201
7648.37384	67055.69955
7649.1768	71473.00124
7649.97988	73309.8934
7650.78309	75118.26708
7651.58643	75777.9134
7652.38989	76977.88343
7653.19348	82830.11301
7653.9972	90535.30039
7654.80104	95070.89744
7655.60501	90086.2564
7656.40911	86253.21841
7657.21333	83946.28089
7658.01768	82073.31539
7658.82215	79419.65242
7659.62676	78477.74197
7660.43149	80980.69743
7661.23634	83004.84301
7662.04133	86386.65227
7662.84644	88877.63404
7663.65167	87587.14733
7664.45704	83132.9532
7665.26253	73530.65539
7666.06815	68799.42091
7666.87389	73918.13941
7667.67976	78266.75884
7668.48576	80968.89039
7669.29189	83919.43178
7670.09814	85602.36787
7670.90452	83232.05752
7671.71103	83335.56968
7672.51766	82646.24389
7673.32443	79971.77382
7674.13132	74202.78884
7674.93833	74622.92422
7675.74548	81091.31618
7676.55275	86730.66318
7677.36015	86945.93229
7678.16767	83861.55338
7678.97533	79337.3261
7679.78311	75973.2566
7680.59102	77949.07732
7681.39905	81760.00938
7682.20721	81507.18083
7683.01551	84831.94661
7683.82392	88985.95741
7684.63247	98498.89831
7685.44114	104736.14571
7686.24994	106144.94955
7687.05887	99095.45944
7687.86793	85930.76689
7688.67712	74763.2364
7689.48643	75204.806
7690.29587	82394.07444
7691.10544	88511.90837
7691.91513	90097.37743
7692.72495	86507.94889
7693.53491	82934.22721
7694.34499	82048.30148
7695.15519	81528.48962
7695.96553	78626.29261
7696.77599	77969.43965
7697.58658	77318.15918
7698.3973	77083.17374
7699.20815	76693.16543
7700.01913	79621.38977
7700.83023	81309.18039
7701.64146	84457.18435
7702.45282	84813.53831
7703.26431	85604.88669
7704.07593	86851.35468
7704.88767	86635.42451
7705.69954	84450.68895
7706.51155	86660.71086
7707.32368	89143.35199
7708.13593	90473.92526
7708.94832	85588.72163
7709.76083	85337.3157
7710.57348	84663.02207
7711.38625	82289.18927
7712.19915	79719.37357
7713.01218	77247.30601
7713.82534	77515.54475
7714.63862	81942.73135
7715.45204	87768.03917
7716.26558	88752.33393
7717.07925	78782.80405
7717.89306	67988.75356
7718.70699	63697.38414
7719.52104	69789.40785
7720.33523	78378.8911
7721.14955	84124.40941
7721.96399	84548.631
7722.77857	82662.69963
7723.59327	80786.09629
7724.4081	80804.38501
7725.22306	83416.74334
7726.03815	85921.61577
7726.85337	87161.46508
7727.66872	86941.59192
7728.48419	82350.73173
7729.2998	77639.38549
7730.11553	74424.09566
7730.9314	76963.47773
7731.74739	81265.2896
7732.56351	87091.99268
7733.37976	86258.90778
7734.19614	86564.62891
7735.01265	83652.81911
7735.82929	80030.82411
7736.64606	77251.58016
7737.46296	77750.71165
7738.27999	81025.17741
7739.09714	83825.36282
7739.91443	90595.62072
7740.73185	94507.74556
7741.54939	103063.81478
7742.36707	99428.01136
7743.18487	91075.82227
7744.00281	81439.8162
7744.82087	77818.44012
7745.63906	76632.99144
7746.45739	76555.78686
7747.27584	77025.45966
7748.09442	84005.48138
7748.91313	88385.45008
7749.73197	89744.08772
7750.55095	87283.62871
7751.37005	82590.64494
7752.18928	86797.39679
7753.00864	89562.47732
7753.82813	84394.69224
7754.64775	75361.51444
7755.4675	69353.85151
7756.28738	70727.66024
7757.10739	73556.88656
7757.92753	76828.05544
7758.74781	78372.25543
7759.56821	80880.56292
7760.38874	83709.10121
7761.2094	81563.02419
7762.03019	77052.80921
7762.85111	77356.48882
7763.67217	85033.09812
7764.49335	92896.389
7765.31466	98958.05017
7766.1361	97930.80859
7766.95768	87203.36591
7767.77938	79077.69118
7768.60121	77686.36752
7769.42318	81390.06301
7770.24527	81179.44057
7771.0675	78143.33071
7771.88986	76242.10563
7772.71234	82071.17211
7773.53496	85925.76476
7774.35771	84908.81812
7775.18059	81383.20832
7776.00359	74694.59883
7776.82673	73010.07561
7777.65	74310.90457
7778.47341	77419.39775
7779.29694	80002.9817
7780.1206	81695.58985
7780.94439	85501.01822
7781.76832	87745.55759
7782.59237	84648.46605
7783.41656	81889.54582
7784.24088	84291.36547
7785.06532	85682.53329
7785.8899	85511.66093
7786.71461	88220.73891
7787.53945	88860.69733
7788.36443	86542.67193
7789.18953	86739.09901
7790.01476	86491.82858
7790.84013	85944.40906
7791.66563	86193.28613
7792.49125	89271.1095
7793.31701	92990.11343
7794.1429	89331.73356
7794.96893	85269.02672
7795.79508	84256.78753
7796.62136	86338.13057
7797.44778	86224.85128
7798.27433	82477.26124
7799.101	77974.44836
7799.92781	76092.23609
7800.75476	77251.74503
7801.58183	81850.19898
7802.40903	84775.28679
7803.23637	83319.36477
7804.06384	79549.29944
7804.89144	75063.38716
7805.71917	73460.97756
7806.54703	76869.72835
7807.37502	82575.99428
7808.20315	83799.61188
7809.03141	84119.0031
7809.8598	80312.63477
7810.68832	77268.65887
7811.51697	75772.77321
7812.34576	73546.1037
7813.17468	72273.10507
7814.00373	73582.69483
7814.83291	79627.28293
7815.66222	87733.62025
7816.49166	93024.7229
7817.32124	89229.02761
7818.15095	83074.52138
7818.98079	77523.58665
7819.81077	75390.55227
7820.64087	75793.82545
7821.47111	74454.40059
7822.30148	72751.26288
7823.13198	76538.89248
7823.96262	85117.48541
7824.79338	89238.32875
7825.62428	91523.88843
7826.45531	88970.44249
7827.28648	80957.31422
7828.11777	73147.08391
7828.9492	72481.23359
7829.78076	70807.26251
7830.61246	72004.21189
7831.44428	72023.34361
7832.27624	72426.41686
7833.10833	75633.57481
7833.94056	76185.23568
7834.77291	76934.57398
7835.6054	78910.21288
7836.43802	80812.114
7837.27078	84643.45314
7838.10367	87273.23003
7838.93669	92001.70395
7839.76984	90388.87315
7840.60312	87338.9635
7841.43654	82852.53853
7842.27009	82365.24423
7843.10378	86255.25097
7843.9376	89061.55752
7844.77155	84446.82714
7845.60563	78485.32245
7846.43985	71172.77469
7847.2742	64223.7056
7848.10868	63785.42271
7848.94329	63464.62862
7849.77804	64827.98081
7850.61293	69225.28282
7851.44794	80017.04936
7852.28309	88091.5059
7853.11837	88588.98938
7853.95379	87427.59038
7854.78933	82332.7186
7855.62502	75796.28633
7856.46083	72847.2088
7857.29678	75145.73634
7858.13286	83132.21437
7858.96908	89264.10097
7859.80542	86058.76039
7860.64191	81930.36693
7861.47852	79405.84148
7862.31527	74065.97727
7863.15215	73001.06639
7863.98917	73983.42978
7864.82632	78672.105
7865.66361	81642.52689
7866.50102	86482.44015
7867.33857	87030.69021
7868.17626	85699.66307
7869.01408	83413.79452
7869.85203	83829.0326
7870.69012	90393.30387
7871.52834	94597.32524
7872.36669	94110.69467
7873.20518	85640.6907
7874.0438	78329.75277
7874.88256	70244.18926
7875.72145	66528.34147
7876.56047	67887.33993
7877.39963	72962.25823
7878.23893	78795.74363
7879.07835	81958.23566
7879.91791	79466.81598
7880.75761	78013.51232
7881.59744	77766.25131
7882.4374	79530.48486
7883.2775	80049.52688
7884.11773	79063.58551
7884.9581	77687.97164
7885.7986	76996.18917
7886.63923	78617.85657
7887.48	84215.91279
7888.32091	91819.44525
7889.16195	93745.98862
7890.00312	90376.18949
7890.84443	81874.18588
7891.68587	76355.10106
7892.52745	70349.5546
7893.36916	68533.3858
7894.211	69845.70585
7895.05299	76388.18764
7895.8951	85310.12377
7896.73735	91909.49606
7897.57974	91271.1427
7898.42226	85629.54577
7899.26491	77830.42206
7900.1077	71580.07392
7900.95063	71900.1124
7901.79368	75468.58099
7902.63688	77541.13167
7903.48021	74250.14708
7904.32367	73424.85335
7905.16727	75356.46847
7906.01101	78455.28391
7906.85488	76920.11484
7907.69888	76951.58694
7908.54302	81137.02557
7909.38729	87007.19473
7910.2317	91818.554
7911.07625	93368.87209
7911.92093	93771.74665
7912.76575	91935.24031
7913.6107	86319.86197
7914.45578	80915.55949
7915.30101	76720.94739
7916.14636	72904.11341
7916.99186	71825.67124
7917.83748	75412.59776
7918.68325	78436.39857
7919.52915	75048.89258
7920.37518	67934.11954
7921.22135	60731.28589
7922.06766	58648.81081
7922.9141	63880.14821
7923.76068	82389.54353
7924.60739	106820.32422
7925.45424	123733.23636
7926.30122	123577.44501
7927.14834	109656.11311
7927.9956	97655.61944
7928.84299	92317.61632
7929.69052	90037.6976
7930.53818	84404.96569
7931.38598	75260.94924
7932.23392	72033.76395
7933.08199	74132.45626
7933.9302	78708.17286
7934.77854	83202.65967
7935.62702	85992.5889
7936.47564	83252.46311
7937.32439	77392.73573
7938.17328	78245.45657
7939.0223	82119.24691
7939.87146	87277.98816
7940.72076	84991.69758
7941.57019	81457.01278
7942.41976	78556.57758
7943.26946	80576.51243
7944.11931	87765.95604
7944.96929	95115.83319
7945.8194	96938.43234
7946.66965	96646.90132
7947.52004	93495.62114
7948.37056	90160.45103
7949.22122	85607.05278
7950.07202	82315.91314
7950.92296	81651.01953
7951.77403	82065.69696
7952.62523	80970.36804
7953.47658	78989.95219
7954.32806	75475.90939
7955.17967	68640.21302
7956.03143	63703.67016
7956.88332	69099.74458
7957.73535	78782.65094
7958.58751	85086.76995
7959.43981	85568.97682
7960.29225	85007.68825
7961.14483	85624.55639
7961.99754	83775.12103
7962.85039	87184.3851
7963.70338	89824.57824
7964.5565	91176.94004
7965.40976	86021.43187
7966.26316	77221.56481
7967.11669	67942.01126
7967.97036	59967.05209
7968.82417	63561.70319
7969.67812	75114.88296
7970.5322	84631.18564
7971.38642	93244.25666
7972.24078	101185.79267
7973.09528	107806.00246
7973.94991	111289.26792
7974.80468	112374.47675
7975.65959	110607.50915
7976.51464	103922.15565
7977.36982	90231.4287
7978.22514	77417.95665
7979.0806	70323.12952
7979.93619	68153.92884
7980.79193	69807.4775
7981.6478	73208.02949
7982.50381	74843.39955
7983.35995	75001.27794
7984.21624	74769.79314
7985.07266	69338.80255
7985.92922	62031.8776
7986.78592	64760.19556
7987.64275	74657.06144
7988.49972	88843.89177
7989.35684	99729.05457
7990.21408	102888.70261
7991.07147	101198.22289
7991.929	96989.8569
7992.78666	93289.00556
7993.64446	88847.18821
7994.5024	83083.22139
7995.36048	75124.33836
7996.21869	68093.49299
7997.07705	62641.1275
7997.93554	62036.17519
7998.79417	64390.98377
7999.65294	67518.15219
8000.51184	77092.93704
8001.37089	84697.45948
8002.23007	90831.38737
8003.0894	86424.6738
8003.94886	76870.17197
8004.80845	75430.30419
8005.66819	77472.34163
8006.52807	78647.34882
8007.38808	76428.94856
8008.24823	73809.40788
8009.10853	75380.88443
8009.96896	77818.30943
8010.82953	84264.17347
8011.69023	92660.05886
8012.55108	94190.87634
8013.41206	90440.33523
8014.27319	83183.34988
8015.13445	81528.47226
8015.99585	86207.36013
8016.85739	90078.70718
8017.71907	90216.30763
8018.58089	87899.54129
8019.44285	86078.1936
8020.30494	88801.48529
8021.16718	93138.13213
8022.02955	100470.52856
8022.89207	104133.7046
8023.75472	107374.74594
8024.61751	100273.75163
8025.48044	96617.8879
8026.34351	91440.50954
8027.20672	90635.99527
8028.07007	87415.09728
8028.93356	81711.80823
8029.79718	73170.51472
8030.66095	69057.95629
8031.52485	68267.88673
8032.3889	71157.22757
8033.25308	76737.17827
8034.11741	79424.55495
8034.98187	76743.31688
8035.84647	72006.87712
8036.71122	67324.12873
8037.5761	70845.98416
8038.44112	78548.96803
8039.30628	87314.9005
8040.17158	91609.28229
8041.03702	88641.04573
8041.90261	87905.26752
8042.76833	89177.61167
8043.63419	90198.72678
8044.50019	92800.02559
8045.36633	88633.14955
8046.23261	84038.89659
8047.09903	77775.65898
8047.96559	71731.71625
8048.83228	66971.67016
8049.69912	71349.86751
8050.5661	82830.74197
8051.43322	87101.49763
8052.30048	87461.51678
8053.16788	85060.82977
8054.03542	77903.55249
8054.9031	70908.56485
8055.77092	69775.09471
8056.63889	73331.70123
8057.50699	78348.19558
8058.37523	83580.9744
8059.24361	87656.23064
8060.11213	89597.22067
8060.98079	89207.1734
8061.8496	80308.47424
8062.71854	73894.34936
8063.58762	69165.91695
8064.45685	72431.81247
8065.32621	76741.29534
8066.19572	81912.1526
8067.06537	86416.34639
8067.93515	91479.42386
8068.80508	97398.88456
8069.67515	100365.04973
8070.54536	101989.66654
8071.41571	105920.58579
8072.2862	106803.619
8073.15683	101782.74453
8074.0276	97003.38833
8074.89852	93746.35648
8075.76957	90366.60258
8076.64076	83210.18703
8077.5121	77130.62722
8078.38358	77232.1222
8079.2552	85944.75649
8080.12695	92926.00406
8080.99885	101464.7749
8081.8709	102932.76922
8082.74308	94173.47824
8083.6154	81798.66391
8084.48787	74323.4428
8085.36047	74591.11845
8086.23322	80322.96186
8087.10611	87891.86151
8087.97914	90342.32962
8088.85231	90023.48022
8089.72562	89870.13468
8090.59908	90395.16062
8091.47267	89735.30581
8092.34641	87797.89782
8093.22029	83308.97079
8094.09431	80568.06268
8094.96847	81096.91478
8095.84278	83888.3073
8096.71722	87000.78012
8097.59181	85662.00168
8098.46654	81796.02752
8099.34141	80016.40826
8100.21642	79075.01281
8101.09157	78648.52031
8101.96687	78823.48987
8102.84231	82838.48433
8103.71789	89339.67574
8104.59361	92629.20972
8105.46947	91767.49592
8106.34548	87092.43991
8107.22163	79622.21639
8108.09792	75768.63614
8108.97435	76766.82142
8109.85092	81534.95417
8110.72764	85151.64298
8111.60449	89404.66019
8112.4815	94214.12922
8113.35864	91954.48061
8114.23592	91585.63208
8115.11335	91031.53689
8115.99092	89445.59474
8116.86863	90928.74189
8117.74648	90292.31825
8118.62448	90968.30925
8119.50262	95019.92389
8120.3809	92496.5881
8121.25933	93217.28348
8122.13789	90037.4606
8123.0166	92278.58817
8123.89545	95016.81793
8124.77445	96338.57295
8125.65359	93289.26795
8126.53286	86079.84324
8127.41229	77782.27701
8128.29185	77470.48579
8129.17156	78200.59772
8130.05141	86214.47781
8130.93141	93596.77245
8131.81154	101994.46548
8132.69182	105852.30579
8133.57224	102251.5743
8134.45281	96901.49398
8135.33352	90550.66656
8136.21437	94223.35648
8137.09536	103462.6781
8137.9765	107209.70407
8138.85778	100871.13657
8139.73921	90717.41334
8140.62077	81316.37199
8141.50248	76721.35286
8142.38434	77627.52757
8143.26633	82188.46714
8144.14847	84499.05266
8145.03076	80968.68575
8145.91318	75708.46699
8146.79575	77341.16868
8147.67847	83848.42249
8148.56133	91871.38544
8149.44433	93498.94288
8150.32747	89840.75113
8151.21076	84066.52296
8152.09419	76170.73728
8152.97776	71723.28449
8153.86148	72655.12448
8154.74535	78371.34476
8155.62935	84116.94772
8156.5135	94212.3929
8157.3978	99120.76558
8158.28223	97717.19685
8159.16681	92681.53169
8160.05154	88504.95587
8160.93641	84128.10464
8161.82142	80085.27594
8162.70658	79437.52965
8163.59188	83181.6839
8164.47733	90996.33645
8165.36291	93414.69918
8166.24865	92740.51621
8167.13452	90653.99561
8168.02055	87366.83317
8168.90671	86717.4856
8169.79302	84761.01995
8170.67948	80740.90554
8171.56607	77623.78933
8172.45282	77463.33645
8173.3397	80137.57983
8174.22674	83719.16393
8175.11391	86132.11077
8176.00123	88078.41862
8176.8887	86939.23667
8177.77631	81733.65677
8178.66406	77576.15881
8179.55196	74971.01464
8180.44	75142.17252
8181.32819	75643.88058
8182.21652	77839.58279
8183.105	83819.24019
8183.99362	96157.71977
8184.88239	102045.93168
8185.7713	101797.03597
8186.66035	95196.84675
8187.54956	87301.66055
8188.4389	76474.07505
8189.32839	73354.56458
8190.21803	80424.62248
8191.10781	87051.23663
8191.99773	94083.13054
8192.8878	96770.38914
8193.77802	94584.79223
8194.66838	89004.4012
8195.55889	83349.861
8196.44954	75863.02532
8197.34033	69651.66473
8198.23128	70118.76415
8199.12236	74641.83342
8200.01359	84756.2294
8200.90497	92772.49541
8201.79649	91908.50852
8202.68816	87455.17978
8203.57998	81747.80992
8204.47194	77005.15779
8205.36404	77396.67677
8206.25629	78327.56863
8207.14869	75032.23977
8208.04123	70223.71706
8208.93391	71392.38711
8209.82675	80872.10152
8210.71972	89215.00903
8211.61285	91222.02536
8212.50612	87724.61087
8213.39953	84133.20257
8214.29309	83589.14138
8215.1868	92878.88818
8216.08065	99925.14918
8216.97465	100172.03598
8217.8688	92322.50445
8218.76309	85704.82001
8219.65752	82341.86365
8220.55211	83249.59249
8221.44683	84627.46949
8222.34171	82430.29383
8223.23673	77740.75556
8224.1319	72733.47291
8225.02721	71589.38268
8225.92267	75875.77491
8226.81827	84986.49
8227.71403	94995.02961
8228.60992	98316.59204
8229.50597	93384.84729
8230.40216	85782.94147
8231.2985	83976.75787
8232.19498	82055.1774
8233.09161	80019.73198
8233.98839	80444.2976
8234.88531	78015.63984
8235.78238	78395.24662
8236.6796	79463.10073
8237.57696	80289.26232
8238.47447	79862.32423
8239.37212	81581.16398
8240.26993	83991.53129
8241.16788	87652.34092
8242.06597	90270.99586
8242.96422	89945.11003
8243.86261	85090.58863
8244.76114	84272.24796
8245.65983	83753.51137
8246.55866	80021.24197
8247.45764	73579.91395
8248.35676	70599.58357
8249.25603	72990.1373
8250.15545	72425.45793
8251.05502	67558.24613
8251.95473	63905.28183
8252.85459	66489.37842
8253.7546	74918.02239
8254.65476	87125.52935
8255.55506	96843.43147
8256.45551	106839.78817
8257.3561	106780.08125
8258.25685	102069.46248
8259.15774	95919.43562
8260.05878	92462.78792
8260.95996	90903.21965
8261.8613	89858.25998
8262.76278	83623.53772
8263.66441	74734.52334
8264.56618	73551.25246
8265.46811	75109.37313
8266.37018	82057.10277
8267.2724	88191.44081
8268.17477	91637.679
8269.07728	88858.8314
8269.97994	81328.15802
8270.88276	79174.67852
8271.78571	78068.09444
8272.68882	77776.89086
8273.59207	80405.46815
8274.49548	82759.17107
8275.39903	89834.75499
8276.30272	91206.76487
8277.20657	92216.06851
8278.11056	89346.19352
8279.01471	85319.99367
8279.919	88762.66189
8280.82344	87596.95704
8281.72802	86366.56531
8282.63276	86484.62371
8283.53764	85434.0366
8284.44267	84419.29381
8285.34785	87212.3514
8286.25318	87801.42713
8287.15866	86482.04309
8288.06428	81343.86487
8288.97006	78824.61068
8289.87598	81251.88218
8290.78205	88965.23281
8291.68827	94848.62234
8292.59464	95742.47589
8293.50115	94943.42474
8294.40782	92248.33632
8295.31463	87099.21978
8296.22159	83772.92892
8297.1287	85920.39899
8298.03596	88700.34877
8298.94337	88703.92919
8299.85093	85579.99412
8300.75864	81368.163
8301.66649	80422.45839
8302.5745	83992.255
8303.48265	86788.92883
8304.39095	87383.99433
8305.2994	83720.44444
8306.208	79110.69456
8307.11675	77827.06468
8308.02565	82136.14594
8308.9347	87329.83026
8309.8439	88482.30329
8310.75324	92835.85526
8311.66274	97867.26262
8312.57238	99588.48187
8313.48218	95102.01778
8314.39212	90842.78736
8315.30221	89299.21648
8316.21246	84095.41041
8317.12285	76871.449
8318.03339	75891.97225
8318.94408	77252.98929
8319.85492	80472.27386
8320.76591	83314.98223
8321.67705	85415.91767
8322.58834	85878.28883
8323.49978	85027.11047
8324.41137	87238.52847
8325.32311	91088.59151
8326.235	86785.539
8327.14703	78624.58051
8328.05922	72100.47233
8328.97156	73714.47557
8329.88405	82496.01591
8330.79669	91738.74717
8331.70947	86140.19673
8332.62241	77452.28925
8333.5355	72437.84681
8334.44874	73885.73751
8335.36212	80815.31123
8336.27566	83917.91541
8337.18935	79720.02373
8338.10319	76641.93588
8339.01718	78633.72404
8339.93132	83165.56413
8340.84561	87045.09659
8341.76005	87028.53741
8342.67464	87859.09248
8343.58938	85812.38638
8344.50427	85913.48856
8345.41931	83168.64951
8346.3345	79145.56502
8347.24985	71164.37136
8348.16534	64671.88703
8349.08098	67045.14017
8349.99678	78780.7984
8350.91272	88726.85653
8351.82882	90102.17945
8352.74507	87147.30834
8353.66146	82835.85917
8354.57801	79712.9892
8355.49471	78900.98086
8356.41156	81668.10121
8357.32856	88722.17124
8358.24572	90863.30969
8359.16302	87533.42498
8360.08047	79609.34774
8360.99808	74470.95644
8361.91583	72132.38761
8362.83374	76260.3007
8363.7518	83340.61003
8364.67001	89498.15107
8365.58837	92344.397
8366.50688	91224.5464
8367.42555	89578.96252
8368.34436	86931.1641
8369.26333	83844.55876
8370.18244	85759.16873
8371.10171	87734.85783
8372.02113	89963.23786
8372.9407	94275.26531
8373.86043	99493.75331
8374.7803	98463.6458
8375.70033	92820.37427
8376.62051	89199.11956
8377.54084	88864.5462
8378.46132	87431.68411
8379.38195	82761.80086
8380.30274	77273.04287
8381.22367	73610.96833
8382.14476	73218.5585
8383.066	70051.88218
8383.98739	71999.8677
8384.90894	74391.04201
8385.83063	83095.98789
8386.75248	91587.14415
8387.67448	93684.92681
8388.59663	91424.47325
8389.51894	81640.87452
8390.44139	77101.01852
8391.364	76511.54738
8392.28676	80646.19152
8393.20967	80572.80617
8394.13274	78819.30596
8395.05596	78729.95366
8395.97933	83172.57594
8396.90285	87305.56652
8397.82652	91116.13413
8398.75035	91504.47489
8399.67433	87132.26892
8400.59846	81137.98665
8401.52274	77409.07175
8402.44718	77852.19381
8403.37177	78851.27546
8404.29651	76913.68865
8405.22141	76395.22338
8406.14645	78995.54685
8407.07165	78056.95745
8407.99701	78767.41895
8408.92251	78172.70716
8409.84817	77242.71555
8410.77398	78037.27182
8411.69995	76506.03096
8412.62606	77605.87847
8413.55233	82000.14352
8414.47876	79083.29077
8415.40533	75008.44732
8416.33206	71542.01893
8417.25894	70667.07897
8418.18598	74030.99385
8419.11317	75486.42286
8420.04051	76166.05385
8420.968	73650.56289
8421.89565	75631.19678
8422.82345	75770.593
8423.75141	79272.28764
8424.67952	82446.05558
8425.60778	84817.2309
8426.53619	80433.16737
8427.46476	76116.47362
8428.39348	77740.34968
8429.32236	76698.67177
8430.25139	78194.46441
8431.18057	80803.25095
8432.10991	78619.15698
8433.0394	76350.45396
8433.96904	75316.40836
8434.89884	79669.64397
8435.82879	81855.99107
8436.75889	80916.39184
8437.68915	78416.16648
8438.61956	75261.92496
8439.55013	70143.69594
8440.48085	66800.1351
8441.41172	70787.40823
8442.34275	74906.76963
8443.27394	75072.96129
8444.20527	74415.87978
8445.13676	71957.45495
8446.06841	72759.99067
8447.00021	73674.59751
8447.93216	73983.77918
8448.86427	73630.68793
8449.79653	75548.72981
8450.72894	82190.22409
8451.66151	92028.63197
8452.59424	103431.05922
8453.52712	109698.29047
8454.46015	109514.24721
8455.39334	102223.79402
8456.32668	89592.26471
8457.26018	77189.58031
8458.19383	68477.77401
8459.12764	65430.60105
8460.0616	71939.71926
8460.99571	79815.46924
8461.92998	85006.34891
8462.86441	86201.42194
8463.79899	81800.62433
8464.73372	76155.69866
8465.66861	77474.71379
8466.60366	81584.52746
8467.53886	79774.36403
8468.47421	76515.68722
8469.40972	73274.8689
8470.34538	72958.6981
8471.2812	74977.1646
8472.21718	76060.63783
8473.15331	79230.44615
8474.08959	82757.4052
8475.02603	90313.2521
8475.96263	94754.41844
8476.89938	95491.11683
8477.83628	92395.92817
8478.77334	86460.043
8479.71056	73743.1496
8480.64793	64824.93896
8481.58546	58712.08649
8482.52314	62250.0916
8483.46098	72886.1527
8484.39897	86183.25213
8485.33712	91782.91787
8486.27543	89799.78725
8487.21389	82854.06415
8488.15251	76152.6516
8489.09128	76628.45392
8490.03021	80942.3207
8490.96929	80548.592
8491.90853	75343.08751
8492.84792	69381.93197
8493.78748	72190.0395
8494.72718	77173.51663
8495.66705	81176.44789
8496.60706	76459.42065
8497.54724	68728.40306
8498.48757	60843.05161
8499.42806	62704.24356
8500.3687	71304.10111
8501.3095	75907.80839
8502.25046	77383.31082
8503.19157	75861.71034
8504.13284	79360.70918
8505.07426	83437.75717
8506.01584	84434.12078
8506.95758	82911.75989
8507.89947	80320.55728
8508.84152	81197.36705
8509.78373	82871.08375
8510.72609	80281.9142
8511.66861	71903.71455
8512.61129	64147.47691
8513.55412	62123.99295
8514.49711	67662.01246
8515.44025	75003.78748
8516.38356	80758.3955
8517.32702	78138.40881
8518.27063	69736.23095
8519.21441	63851.72341
8520.15834	67530.23557
8521.10242	74536.84752
8522.04667	80628.35837
8522.99107	83464.23458
8523.93563	87108.26938
8524.88034	86105.42918
8525.82521	83724.12284
8526.77024	80748.11734
8527.71543	80123.2588
8528.66077	78778.29069
8529.60627	73213.92097
8530.55193	64093.6693
8531.49774	61155.25934
8532.44372	62589.80168
8533.38984	70019.68013
8534.33613	76349.28047
8535.28258	83901.83694
8536.22918	87333.35623
8537.17594	88486.87164
8538.12285	84852.85686
8539.06993	79622.59286
8540.01716	74785.20915
8540.96455	71273.85811
8541.9121	73001.4994
8542.8598	79639.88988
8543.80766	85443.90651
8544.75568	91114.90094
8545.70386	90782.82904
8546.6522	82461.74324
8547.60069	72576.13091
8548.54934	64896.63986
8549.49815	68038.03386
8550.44712	74216.69787
8551.39625	78082.75587
8552.34553	81215.39607
8553.29497	91054.15812
8554.24457	99037.47821
8555.19433	102865.82375
8556.14425	100025.20232
8557.09432	92320.6391
8558.04456	86442.56879
8558.99495	83610.06933
8559.9455	81493.44413
8560.8962	76068.58359
8561.84707	72678.26633
8562.79809	69775.44403
8563.74928	70424.16455
8564.70062	76272.54492
8565.65212	76927.66226
8566.60378	77007.79642
8567.55559	79289.90177
8568.50757	81661.44383
8569.45971	77216.20792
8570.412	71676.80367
8571.36445	68913.62788
8572.31706	72916.43086
8573.26983	76158.76447
8574.22276	76892.96483
8575.17585	76646.62056
8576.12909	77909.90981
8577.0825	77534.73112
8578.03606	78076.11784
8578.98979	80099.9921
8579.94367	75944.46852
8580.89771	76444.97218
8581.85191	74671.6245
8582.80627	70836.38546
8583.76079	70110.42305
8584.71547	69159.88295
8585.6703	69191.18248
8586.6253	68285.4272
8587.58046	68714.05764
8588.53577	68264.39387
8589.49125	65540.05422
8590.44688	69756.46449
8591.40268	77577.25993
8592.35863	84999.02553
8593.31474	85226.37932
8594.27101	82617.46808
8595.22745	80084.74633
8596.18404	76711.88759
8597.14079	73652.77276
8598.0977	74914.41359
8599.05477	81720.255
8600.012	84448.79279
8600.96939	79663.02096
8601.92694	69551.51488
8602.88465	63439.76361
8603.84252	67417.36514
8604.80056	72204.51876
8605.75875	75694.80119
8606.7171	76728.54998
8607.67561	76496.43456
8608.63428	73646.70015
8609.59311	77676.83969
8610.5521	88530.81324
8611.51125	97588.70055
8612.47056	96939.35929
8613.43003	84455.0404
8614.38967	72152.61839
8615.34946	64916.38353
8616.30941	67341.61501
8617.26953	72886.05302
8618.2298	75140.87633
8619.19023	74133.47409
8620.15083	76036.76271
8621.11158	82644.57639
8622.0725	89762.61707
8623.03358	98085.39405
8623.99482	105962.02647
8624.95621	111331.62557
8625.91777	111274.86057
8626.87949	104923.59541
8627.84137	97749.79678
8628.80342	93714.67228
8629.76562	90284.37786
8630.72798	86004.93285
8631.69051	85702.4317
8632.65319	81855.27912
8633.61604	77244.13009
8634.57905	77422.47275
8635.54222	81498.55436
8636.50555	86903.20539
8637.46904	89871.38632
8638.43269	89076.75518
8639.3965	86043.52945
8640.36048	82085.05974
8641.32461	75334.56865
8642.28891	71918.9011
8643.25337	69344.93973
8644.21799	69136.18783
8645.18277	69101.61008
8646.14772	70207.38607
8647.11282	71136.52638
8648.07809	73781.01963
8649.04352	75574.52419
8650.00911	75153.25177
8650.97486	75649.78173
8651.94077	77380.31159
8652.90685	83655.44934
8653.87309	85380.32202
8654.83949	81837.87074
8655.80605	77151.74108
8656.77277	76977.00735
8657.73965	79619.86352
8658.7067	82623.20158
8659.67391	81130.83436
8660.64128	73481.07839
8661.60881	70802.10005
8662.57651	76212.78029
8663.54437	82255.84441
8664.51239	85082.22618
8665.48057	81095.07809
8666.44891	74952.7085
8667.41742	71643.91844
8668.38609	71460.61585
8669.35492	74400.98378
8670.32391	79705.22454
8671.29307	81092.5558
8672.26239	84172.69451
8673.23187	84343.18574
8674.20151	80349.97269
8675.17132	73493.3632
8676.14129	71467.68515
8677.11142	71996.36188
8678.08171	77084.67541
8679.05217	82906.80637
8680.02279	86397.70042
8680.99357	86683.78004
8681.96452	82500.74982
8682.93563	76016.44191
8683.9069	71502.76188
8684.87833	71492.84052
8685.84993	71921.78859
8686.82169	73131.96128
8687.79362	75105.10121
8688.7657	77963.35046
8689.73795	78971.39962
8690.71037	79520.2988
8691.68294	83878.97297
8692.65568	84114.53174
8693.62858	84371.18441
8694.60165	80063.30303
8695.57488	75777.73228
8696.54827	72467.53966
8697.52183	70841.37873
8698.49555	71754.22516
8699.46943	70755.7938
8700.44348	71794.77922
8701.41769	74556.48809
8702.39207	77693.50784
8703.3666	77482.86181
8704.34131	76701.79947
8705.31617	79797.78402
8706.2912	88688.15757
8707.26639	92894.88232
8708.24175	89072.76833
8709.21727	78157.84771
8710.19296	68256.42696
8711.1688	65316.45612
8712.14482	68771.771
8713.12099	77165.87029
8714.09733	84022.53232
8715.07384	86869.93473
8716.05051	89074.39649
8717.02734	89316.58204
8718.00434	87118.66353
8718.9815	82089.64767
8719.95883	76813.59531
8720.93632	71548.62725
8721.91397	68002.39176
8722.89179	66433.73031
8723.86978	70693.45288
8724.84792	80398.28085
8725.82624	87662.01167
8726.80471	87315.86285
8727.78336	81258.00931
8728.76216	77327.01127
8729.74113	72444.69097
8730.72027	69576.6435
8731.69957	69806.6844
8732.67903	72049.1069
8733.65866	74783.18944
8734.63846	78562.58377
8735.61842	82942.65482
8736.59854	83478.55978
8737.57883	77731.50225
8738.55929	69091.28931
8739.53991	63958.18433
8740.52069	61604.85472
8741.50164	66802.85861
8742.48276	75181.79717
8743.46404	78852.827
8744.44548	79733.90456
8745.42709	79746.43151
8746.40887	80779.05334
8747.39081	80659.08646
8748.37292	78824.44271
8749.35519	77036.46122
8750.33763	77249.6186
8751.32023	74988.93378
8752.303	76322.48782
8753.28593	78699.66975
8754.26903	82658.66342
8755.2523	83252.09872
8756.23573	77613.71573
8757.21933	67500.10485
8758.20309	59971.00954
8759.18702	62775.19806
8760.17111	71538.40646
8761.15537	82630.90027
8762.1398	86773.11433
8763.12439	83940.72606
8764.10915	80957.34629
8765.09407	80816.071
8766.07916	83880.90677
8767.06442	86428.44364
8768.04984	83881.86349
8769.03543	77176.47425
8770.02118	72958.66381
8771.0071	72350.26095
8771.99319	74442.7855
8772.97944	79956.96243
8773.96586	79472.78213
8774.95245	78666.09644
8775.9392	78397.20301
8776.92612	80658.72776
8777.9132	79752.22713
8778.90046	72316.90277
8779.88787	66510.44603
8780.87546	63314.61508
8781.86321	66974.23443
8782.85113	75965.07067
8783.83921	78330.19478
8784.82747	77376.40012
8785.81588	74434.69232
8786.80447	71687.78471
8787.79322	68678.32747
8788.78214	70204.84606
8789.77123	74263.41908
8790.76048	73888.95069
8791.7499	70462.41644
8792.73949	68863.0057
8793.72924	68989.34619
8794.71916	72105.13367
8795.70925	80560.87114
8796.69951	84837.99406
8797.68993	79139.73533
8798.68052	71596.92334
8799.67128	66980.98862
8800.6622	64954.40296
8801.65329	64790.38165
8802.64455	67975.30078
8803.63598	71892.39668
8804.62757	75887.14831
8805.61934	75630.45766
8806.61127	75177.76144
8807.60336	79673.93073
8808.59563	83177.30263
8809.58806	81289.13276
8810.58066	77245.60029
8811.57343	72677.41233
8812.56637	68796.44981
8813.55947	68246.01012
8814.55274	68067.9526
8815.54618	67946.23045
8816.53979	70304.83569
8817.53356	72077.87921
8818.52751	72154.86602
8819.52162	71697.23469
8820.5159	73046.36147
8821.51035	74746.63681
8822.50496	76958.67322
8823.49975	75817.13417
8824.4947	74574.53065
8825.48982	72849.49144
8826.48511	69679.22554
8827.48057	64919.29945
8828.47619	61101.817
8829.47199	63765.33611
8830.46795	69881.05282
8831.46408	74084.41291
8832.46038	78849.68884
8833.45685	80078.48885
8834.45349	79078.50425
8835.45029	79998.69775
8836.44727	82198.06387
8837.44441	83498.29131
8838.44172	78269.49405
8839.43921	72887.3606
8840.43686	70338.99432
8841.43467	74552.39532
8842.43266	81438.684
8843.43082	86835.58802
8844.42914	91966.1967
8845.42764	91515.60781
8846.4263	84031.14467
8847.42514	75711.26147
8848.42414	73160.74292
8849.42331	75636.03519
8850.42265	80290.57047
8851.42216	78704.55663
8852.42184	72739.2369
8853.42169	65855.1392
8854.42171	61749.49738
8855.42189	60746.96207
8856.42225	61910.84446
8857.42278	65971.02768
8858.42347	71768.92967
8859.42434	75179.5227
8860.42537	76125.02035
8861.42658	77931.93654
8862.42795	80379.84961
8863.4295	83843.70845
8864.43121	87166.02111
8865.4331	85780.96469
8866.43515	82076.35418
8867.43737	77803.85648
8868.43977	74941.04223
8869.44233	73689.71828
8870.44507	77011.24652
8871.44797	77314.77295
8872.45104	74207.50619
8873.45429	69882.57552
8874.4577	68720.06993
8875.46129	74814.27209
8876.46504	72088.42093
8877.46897	66402.68862
8878.47306	72045.00784
8879.47733	81767.44424
8880.48176	87024.61253
8881.48637	84049.23507
8882.49115	77792.24064
8883.49609	71404.96256
8884.50121	68469.09547
8885.5065	68638.78578
8886.51196	72774.54719
8887.51759	78063.88338
8888.52339	82239.59831
8889.52936	82498.91591
8890.5355	81908.51478
8891.54182	81001.60018
8892.5483	78386.58998
8893.55496	74839.12612
8894.56178	75736.54083
8895.56878	75834.21021
8896.57595	73963.38566
8897.58328	70390.38986
8898.59079	70866.78173
8899.59848	71277.42851
8900.60633	73357.458
8901.61435	74233.44404
8902.62255	74168.87557
8903.63091	70132.87869
8904.63945	66096.43056
8905.64816	66046.42418
8906.65704	64956.50053
8907.66609	68154.90326
8908.67531	73220.12105
8909.68471	78824.74982
8910.69427	84485.8432
8911.70401	87011.68237
8912.71392	88309.22064
8913.724	84206.21405
8914.73425	80050.27907
8915.74468	75801.40035
8916.75527	71398.72247
8917.76604	70040.23081
8918.77698	70014.68571
8919.78809	73744.51217
8920.79938	75162.63211
8921.81083	75013.34672
8922.82246	77750.67087
8923.83426	81466.92787
8924.84623	81322.11944
8925.85838	81232.33445
8926.87069	76612.1128
8927.88318	69935.57648
8928.89584	63481.62368
8929.90868	62953.7973
8930.92168	67954.70058
8931.93486	71756.02854
8932.94821	75583.03678
8933.96173	79915.31096
8934.97543	84655.63765
8935.9893	83484.36856
8937.00334	78997.26026
8938.01755	74536.60988
8939.03194	74568.13799
8940.04649	75079.02833
8941.06122	71348.63176
8942.07613	69987.74933
8943.09121	74871.39664
8944.10645	81893.11793
8945.12188	86204.57502
8946.13747	81177.00809
8947.15324	75061.28281
8948.16918	69571.23369
8949.1853	69374.42636
8950.20158	70643.4623
8951.21804	72764.51274
8952.23468	72212.99246
8953.25149	67648.41669
8954.26847	66481.14273
8955.28562	68622.45072
8956.30295	70292.18874
8957.32045	70976.09871
8958.33812	72134.92223
8959.35597	70385.69522
8960.37399	67361.1968
8961.39218	63337.1975
8962.41055	61224.56808
8963.42909	59545.98724
8964.44781	61169.91407
8965.46669	68397.48841
8966.48576	78275.68463
8967.50499	80471.6783
8968.5244	78830.941
8969.54399	77076.39191
8970.56374	72641.36586
8971.58367	71846.90389
8972.60378	73034.75
8973.62406	70004.76515
8974.64451	68566.09282
8975.66514	67658.9395
8976.68594	68231.24228
8977.70692	73833.08335
8978.72807	77537.20366
8979.74939	77687.34578
8980.77089	72914.47865
8981.79256	66696.74635
8982.81441	64872.45779
8983.83643	62925.97571
8984.85863	60209.59384
8985.881	58346.62639
8986.90354	62345.1084
8987.92626	68396.77007
8988.94916	72430.77283
8989.97222	69977.14218
8990.99547	70329.70204
8992.01889	76945.93956
8993.04248	81150.61088
8994.06625	81870.53319
8995.09019	79759.85147
8996.11431	78047.5377
8997.1386	73380.66577
8998.16307	69254.14877
8999.18771	63041.48648
9000.21252	58220.85893
9001.23752	55009.96954
9002.26268	59459.8042
9003.28803	68532.29218
9004.31354	78535.54187
9005.33924	82774.9837
9006.36511	77100.36299
9007.39115	67900.85868
9008.41737	63174.52102
9009.44376	60060.00938
9010.47033	64672.08549
9011.49708	69079.42768
9012.524	73382.25668
9013.55109	75912.52633
9014.57837	75653.47007
9015.60581	72531.42404
9016.63344	70209.77903
9017.66123	68248.10161
9018.68921	68037.69445
9019.71736	70478.34474
9020.74569	76473.16882
9021.77419	80477.62564
9022.80287	80200.08091
9023.83172	74963.7643
9024.86075	64746.50845
9025.88995	59783.58579
9026.91934	57831.36085
9027.94889	60434.60166
9028.97863	68157.34105
9030.00854	77328.5149
9031.03863	76392.29895
9032.06889	69900.78113
9033.09933	63342.43101
9034.12994	59321.16247
9035.16074	60675.51183
9036.1917	65543.5287
9037.22285	68558.05804
9038.25417	68032.97997
9039.28567	67441.36791
9040.31734	68291.32304
9041.34919	73842.94551
9042.38122	80016.70556
9043.41343	83454.47248
9044.44581	80172.25163
9045.47836	74310.30992
9046.5111	69765.77966
9047.54401	68687.14264
9048.5771	67065.82854
9049.61037	66578.97568
9050.64381	65048.70632
9051.67743	65879.49365
9052.71122	67542.12254
9053.7452	68157.76744
9054.77935	68268.67343
9055.81368	73272.21605
9056.84818	79377.29524
9057.88286	81183.69042
9058.91772	76758.46684
9059.95276	69005.3045
9060.98798	65605.42639
9062.02337	63004.60929
9063.05894	59043.23909
9064.09469	60562.25368
9065.13061	65478.38344
9066.16671	69779.58863
9067.20299	74016.68498
9068.23945	75462.66048
9069.27609	72145.0788
9070.3129	70543.29126
9071.34989	71039.24591
9072.38706	74588.65614
9073.42441	72825.98933
9074.46193	66366.32672
9075.49963	57877.16656
9076.53751	56752.69834
9077.57557	62752.13559
9078.61381	73803.40216
9079.65222	82671.76537
9080.69082	82041.70022
9081.72959	76073.16846
9082.76854	68753.53892
9083.80767	65054.99229
9084.84697	67004.86334
9085.88646	71359.13794
9086.92612	76533.87643
9087.96596	76485.1141
9089.00598	72733.29359
9090.04618	67476.60453
9091.08656	65524.10733
9092.12711	64778.07812
9093.16785	62508.53272
9094.20876	64051.674
9095.24985	64797.98298
9096.29112	61183.93797
9097.33257	59141.01765
9098.3742	58637.37644
9099.41601	58687.7952
9100.45799	57905.85376
9101.50016	57351.2471
9102.5425	56337.46571
9103.58502	62229.66041
9104.62773	68450.54098
9105.67061	75489.77056
9106.71367	80295.3044
9107.75691	75266.50173
9108.80033	72227.13193
9109.84393	69977.65839
9110.8877	70956.72404
9111.93166	72617.67615
9112.9758	72245.95354
9114.02011	71921.24498
9115.06461	70057.55584
9116.10928	67484.17566
9117.15414	67521.2088
9118.19917	68845.10731
9119.24439	66225.92326
9120.28978	64160.96536
9121.33535	65847.94506
9122.38111	65357.9751
9123.42704	63638.94057
9124.47315	67746.8377
9125.51945	70451.54606
9126.56592	73922.6483
9127.61257	73888.61334
9128.65941	70242.41382
9129.70642	72347.58779
9130.75361	75456.58956
9131.80099	72536.87767
9132.84854	65254.36308
9133.89628	59606.17562
9134.94419	58807.66136
9135.99228	58653.54479
9137.04056	59173.8354
9138.08902	61821.03991
9139.13765	67469.67302
9140.18647	73246.34045
9141.23547	75510.80105
9142.28464	75791.66484
9143.334	72645.10856
9144.38354	66808.588
9145.43326	61440.78048
9146.48316	61308.86592
9147.53324	62519.47353
9148.5835	65193.28574
9149.63395	64214.11346
9150.68457	62385.41166
9151.73538	61677.36218
9152.78636	63531.99941
9153.83753	66071.0654
9154.88888	67046.45862
9155.94041	64503.66734
9156.99212	63432.52005
9158.04401	66961.54724
9159.09608	67811.85704
9160.14834	65947.54011
9161.20077	65399.39759
9162.25339	66554.99249
9163.30619	68452.17663
9164.35917	72297.71824
9165.41233	76973.07666
9166.46567	77442.51777
9167.51919	70802.9864
9168.5729	64493.77625
9169.62679	61455.59578
9170.68086	68223.737
9171.73511	77004.82082
9172.78954	83367.74278
9173.84416	81491.3464
9174.89895	75794.32951
9175.95393	69449.77535
9177.00909	64737.87234
9178.06444	63276.24164
9179.11996	65988.30368
9180.17567	72736.12237
9181.23156	76666.54945
9182.28763	77353.30409
9183.34388	76308.19088
9184.40032	75963.74964
9185.45694	72617.37101
9186.51374	69788.95881
9187.57072	68680.4623
9188.62788	69686.35458
9189.68523	68616.7106
9190.74276	63370.63146
9191.80047	58615.83373
9192.85837	62176.46726
9193.91645	68110.75623
9194.97471	75171.38491
9196.03315	81717.05208
9197.09178	80420.41019
9198.15059	76131.93286
9199.20958	75037.64296
9200.26875	73223.45928
9201.32811	67785.4687
9202.38765	64118.79359
9203.44738	65261.19799
9204.50728	66383.74393
9205.56737	65695.67099
9206.62764	64991.29331
9207.6881	66511.46702
9208.74874	67221.02013
9209.80956	67471.31837
9210.87057	66291.59974
9211.93176	67272.68953
9212.99313	67951.41494
9214.05469	69300.09164
9215.11643	68974.14291
9216.17835	71180.62025
9217.24046	71357.10025
9218.30275	66651.36789
9219.36522	63725.46111
9220.42788	62710.4194
9221.49072	64769.16159
9222.55375	69998.30694
9223.61695	73345.33905
9224.68035	74277.83309
9225.74392	68677.02031
9226.80768	61523.62772
9227.87163	59412.00435
9228.93576	64570.47043
9230.00007	69298.28333
9231.06457	69814.84673
9232.12925	67934.73746
9233.19411	62454.53528
9234.25916	64177.86428
9235.3244	68039.4936
9236.38982	71789.48316
9237.45542	73586.96992
9238.52121	72402.49992
9239.58718	69402.83001
9240.65333	67215.11084
9241.71967	64862.97936
9242.7862	67164.5286
9243.85291	69228.03739
9244.9198	71397.58909
9245.98688	69606.9956
9247.05415	63579.26051
9248.1216	59909.20997
9249.18923	54945.78215
9250.25705	53719.24885
9251.32505	53303.97115
9252.39324	58262.67756
9253.46161	67416.04141
9254.53017	73630.67489
9255.59891	74946.44545
9256.66784	67154.84891
9257.73696	56070.09585
9258.80626	48541.55111
9259.87574	55482.79516
9260.94541	63893.52119
9262.01527	67581.75073
9263.08531	65702.9319
9264.15553	60935.42909
9265.22594	55928.10725
9266.29654	55555.72814
9267.36732	55324.04942
9268.43829	58313.35805
9269.50944	58612.60766
9270.58078	58452.79891
9271.65231	60440.97859
9272.72402	66773.40986
9273.79592	74778.32103
9274.868	77176.40768
9275.94027	74737.78285
9277.01272	70930.50416
9278.08536	69491.01657
9279.15819	72715.931
9280.2312	75816.85111
9281.3044	72350.49491
9282.37779	60879.40974
9283.45136	55149.99381
9284.52511	57516.91906
9285.59906	66309.0098
9286.67319	71943.79314
9287.74751	74429.02597
9288.82201	70877.86265
9289.8967	64088.45475
9290.97157	56249.00248
9292.04664	56437.04705
9293.12188	57954.5517
9294.19732	62686.52809
9295.27294	67278.29195
9296.34875	73087.64302
9297.42475	73449.63944
9298.50093	68965.44126
9299.5773	65427.61551
9300.65386	67894.12497
9301.7306	72493.45099
9302.80753	71535.34713
9303.88465	68067.89162
9304.96195	62873.04218
9306.03944	62984.08888
9307.11712	65538.95697
9308.19499	68005.51838
9309.27304	65657.20769
9310.35128	63899.62238
9311.42971	64649.33578
9312.50833	70419.73495
9313.58713	73875.34692
9314.66612	69082.91109
9315.7453	60417.76369
9316.82466	56509.92583
9317.90422	56328.6998
9318.98396	60001.30468
9320.06389	60299.0581
9321.144	59813.35696
9322.2243	58337.18827
9323.3048	58731.75842
9324.38548	58826.79477
9325.46634	61826.16671
9326.5474	68789.08008
9327.62864	72375.60444
9328.71007	69140.48213
9329.79169	63284.25467
9330.8735	59626.14171
9331.9555	59631.40551
9333.03768	65789.79075
9334.12005	70035.44005
9335.20261	75066.03008
9336.28536	77879.77963
9337.3683	75751.55459
9338.45142	67796.00835
9339.53474	63523.0683
9340.61824	63646.24491
9341.70193	67878.71829
9342.78581	68694.33341
9343.86988	66585.70454
9344.95414	64080.02841
9346.03858	63045.37429
9347.12322	60651.24071
9348.20804	57253.48345
9349.29305	56361.0648
9350.37826	55555.74064
9351.46365	55274.61483
9352.54922	59204.72319
9353.63499	63134.15615
9354.72095	66688.99364
9355.8071	65630.42014
9356.89343	63301.56814
9357.97996	62812.21147
9359.06667	64812.5443
9360.15357	67460.32529
9361.24067	67396.9336
9362.32795	68127.34478
9363.41542	67735.62985
9364.50308	66699.56557
9365.59093	63928.68822
9366.67897	61686.21676
9367.7672	60814.89905
9368.85562	63511.19081
9369.94423	68031.05432
9371.03303	74617.79869
9372.12202	77052.31643
9373.2112	76331.10307
9374.30057	72471.01894
9375.39012	67314.60141
9376.47987	65276.67204
9377.56981	64610.19432
9378.65994	64383.7613
9379.75026	65073.15406
9380.84077	68829.06089
9381.93147	72926.04758
9383.02235	73954.71223
9384.11343	75112.46868
9385.2047	75195.48935
9386.29616	71387.01518
9387.38781	66217.52371
9388.47965	64648.41751
9389.57169	62510.07919
9390.66391	60205.89242
9391.75632	57813.60461
9392.84892	58095.14527
9393.94172	58610.72258
9395.0347	60958.01615
9396.12788	62907.14426
9397.22124	60195.91456
9398.3148	57960.70331
9399.40855	57934.70683
9400.50249	61585.95442
9401.59662	62690.65789
9402.69094	65758.94048
9403.78545	66894.54655
9404.88015	64257.3289
9405.97505	58697.72462
9407.07013	56203.28783
9408.16541	58724.29114
9409.26088	66594.15299
9410.35653	72633.36565
9411.45239	70768.81139
9412.54843	62387.71326
9413.64466	57746.2664
9414.74109	55950.47309
9415.8377	58109.39624
9416.93451	61620.98305
9418.03151	62508.10582
9419.1287	62034.22439
9420.22609	63544.04522
9421.32366	67437.23083
9422.42143	70763.09624
9423.51939	67960.4262
9424.61754	61050.54641
9425.71588	55292.12066
9426.81442	52861.86933
9427.91314	56403.55206
9429.01206	60549.55816
9430.11117	61722.54979
9431.21047	63943.58563
9432.30997	68656.13471
9433.40966	72883.6378
9434.50954	73463.81385
9435.60961	69503.24188
9436.70988	60870.46129
9437.81033	57835.48816
9438.91098	61075.76627
9440.01183	68666.54533
9441.11286	76789.43702
9442.21409	78091.60024
9443.31551	68294.55465
9444.41712	59429.2836
9445.51893	52683.54002
9446.62093	54583.25542
9447.72312	57900.58708
9448.8255	60064.17678
9449.92808	61590.95067
9451.03085	62052.45087
9452.13381	63545.06088
9453.23697	67566.90039
9454.34032	70787.22709
9455.44386	72346.57313
9456.5476	67320.96464
9457.65153	62234.11602
9458.75565	58926.60536
9459.85997	58257.40772
9460.96447	60673.71367
9462.06918	61115.0513
9463.17407	59221.28333
9464.27916	60227.91369
9465.38445	62243.08947
9466.48992	63814.08174
9467.59559	67971.03058
9468.70146	68270.70134
9469.80752	64413.37651
9470.91377	59236.963
9472.02022	55654.86845
9473.12686	55174.52277
9474.23369	57595.60852
9475.34072	62311.76379
9476.44794	68483.76401
9477.55535	73041.51329
9478.66296	72550.80474
9479.77077	65552.64778
9480.87877	57426.54784
9481.98696	53723.94563
9483.09535	52363.118
9484.20393	53710.17212
9485.3127	57234.05769
9486.42167	61127.10098
9487.53084	67067.14828
9488.6402	71811.31393
9489.74975	71613.29787
9490.8595	71090.42725
9491.96944	69004.50019
9493.07958	65666.52211
9494.18991	63493.06736
9495.30044	63123.49002
9496.41116	65492.22168
9497.52208	69741.5038
9498.63319	71105.60644
9499.7445	70120.02065
9500.856	66788.27992
9501.9677	63857.85993
9503.07959	64538.53443
9504.19168	64762.96055
9505.30396	63428.61935
9506.41644	66234.42163
9507.52911	69812.26911
9508.64198	71697.04783
9509.75505	73607.46304
9510.86831	72421.77356
9511.98176	71742.97575
9513.09541	71315.12356
9514.20926	69953.73788
9515.3233	69227.78545
9516.43754	68518.08934
9517.55197	65461.26637
9518.6666	63070.58045
9519.78142	61696.35899
9520.89644	64138.48451
9522.01166	66745.89208
9523.12707	65436.44708
9524.24268	63732.34796
9525.35849	62809.39133
9526.47449	61273.34206
9527.59068	61090.51858
9528.70708	65923.5819
9529.82367	70579.6258
9530.94045	71810.59666
9532.05743	71333.14897
9533.17461	67268.10604
9534.29199	61712.4539
9535.40956	61621.84407
9536.52733	64376.01447
9537.64529	68405.68739
9538.76345	69667.96847
9539.88181	68933.92788
9541.00036	67787.81576
9542.11911	67426.38551
9543.23806	69972.20952
9544.35721	69172.96966
9545.47655	63822.55205
9546.59608	59296.87023
9547.71582	57127.0999
9548.83575	57376.48028
9549.95588	60313.66144
9551.07621	65529.82468
9552.19673	66717.8622
9553.31745	63399.56023
9554.43837	63002.10934
9555.55949	65866.55586
9556.6808	67429.8835
9557.80231	64402.73968
9558.92402	62724.59526
9560.04592	64299.87173
9561.16802	67616.24029
9562.29032	68155.26148
9563.41282	68648.21095
9564.53552	67466.57579
9565.65841	62894.58659
9566.7815	57112.1659
9567.90479	53168.78411
9569.02827	49868.867
9570.15196	52498.47297
9571.27584	56115.40135
9572.39992	58299.82367
9573.5242	58653.87816
9574.64868	58831.18645
9575.77335	57082.02053
9576.89822	58907.87492
9578.02329	62134.77752
9579.14856	64179.95149
9580.27403	66007.5253
9581.3997	63813.63475
9582.52556	61205.18036
9583.65162	58548.14036
9584.77788	55661.44327
9585.90434	51995.4293
9587.031	52360.22251
9588.15786	53739.34585
9589.28491	57231.10631
9590.41217	59081.30628
9591.53962	59363.96149
9592.66727	58971.67969
9593.79513	62198.03983
9594.92318	65936.65632
9596.05142	71883.6787
9597.17987	73360.03583
9598.30852	71227.0238
9599.43736	67317.13395
9600.56641	67866.13626
9601.69565	65857.45102
9602.8251	63014.4394
9603.95474	59616.48809
9605.08458	56540.29814
9606.21462	55835.92546
9607.34486	57365.53103
9608.47531	60988.64749
9609.60595	64229.91994
9610.73678	63620.91201
9611.86782	58366.65218
9612.99906	53982.25838
9614.1305	52831.51536
9615.26214	51418.54838
9616.39398	54571.76956
9617.52602	58034.55757
9618.65825	57919.31776
9619.79069	57354.4
9620.92333	54615.95462
9622.05617	53606.32138
9623.18921	50688.9117
9624.32244	51986.64141
9625.45588	58187.05749
9626.58952	63476.16882
9627.72336	65957.42047
9628.8574	66558.76004
9629.99164	65933.55323
9631.12608	63469.20984
9632.26072	61457.52924
9633.39556	60419.90193
9634.5306	56997.26882
9635.66584	52685.03094
9636.80129	50937.89055
9637.93693	54368.69708
9639.07278	58312.29464
9640.20882	59759.46565
9641.34507	57912.55534
9642.48151	51603.00623
9643.61816	50510.3789
9644.75501	52734.47423
9645.89206	58966.00195
9647.02931	71781.95581
9648.16676	81224.0375
9649.30442	81667.15674
9650.44227	75547.2721
9651.58033	65437.4937
9652.71858	58583.02239
9653.85704	57987.39521
9654.9957	57042.76409
9656.13456	57807.5199
9657.27363	59191.93647
9658.41289	59253.12547
9659.55236	60272.79615
9660.69202	62538.32002
9661.83189	65259.57386
9662.97196	61664.98331
9664.11224	56293.318
9665.25271	53556.84552
9666.39339	55154.36054
9667.53427	58259.83286
9668.67535	63235.46593
9669.81663	65843.97138
9670.95812	65705.14311
9672.0998	63532.07115
9673.24169	62720.43968
9674.38378	63359.3517
9675.52608	63142.50224
9676.66857	61248.78641
9677.81127	60269.76629
9678.95417	60530.18188
9680.09727	60161.77756
9681.24058	56855.37586
9682.38409	52684.38508
9683.5278	50587.30679
9684.67171	49748.86193
9685.81583	54720.03527
9686.96015	62612.91679
9688.10467	70736.92624
9689.24939	73178.41507
9690.39432	71297.37696
9691.53945	63628.81737
9692.68479	55971.30681
9693.83032	50817.15593
9694.97606	46685.84464
9696.122	50235.72169
9697.26815	57274.28436
9698.4145	62189.74499
9699.56105	66660.1891
9700.70781	67498.82082
9701.85477	63365.68207
9703.00193	58142.0017
9704.1493	54829.52681
9705.29686	58109.14577
9706.44464	63526.78037
9707.59261	59406.91455
9708.7408	50648.31264
9709.88918	48606.48916
9711.03777	52764.46736
9712.18656	59680.60631
9713.33555	66104.0352
9714.48475	71202.55112
9715.63416	70311.60614
9716.78377	67275.68417
9717.93358	61033.80443
9719.08359	55765.93383
9720.23381	52634.4235
9721.38424	52474.73515
9722.53486	57927.40188
9723.6857	65112.69498
9724.83673	66426.86927
9725.98797	64480.00713
9727.13942	60362.72243
9728.29107	57434.46053
9729.44293	58318.70694
9730.59498	60763.99398
9731.74725	61051.2375
9732.89972	63790.45536
9734.05239	63337.67854
9735.20527	57946.80586
9736.35835	55413.08477
9737.51164	58680.65578
9738.66513	59697.81668
9739.81883	61805.82409
9740.97273	57021.4608
9742.12684	52509.91201
9743.28115	48615.83314
9744.43567	47650.12058
9745.59039	49495.7722
9746.74532	54363.92399
9747.90046	57146.87488
9749.0558	57692.35623
9750.21134	57134.3489
9751.36709	56526.8967
9752.52305	55442.35227
9753.67921	57968.8144
9754.83558	59261.89768
9755.99215	64817.0446
9757.14893	66767.93619
9758.30591	65570.96683
9759.4631	64093.76092
9760.62049	58719.55349
9761.7781	55197.37937
9762.9359	53940.0951
9764.09392	53904.63855
9765.25214	53628.77238
9766.41056	54080.38044
9767.56919	56876.99332
9768.72803	59502.04933
9769.88708	61645.85741
9771.04633	59914.43942
9772.20578	59263.3292
9773.36545	58848.29712
9774.52532	58291.51053
9775.68539	60565.38328
9776.84567	63427.8731
9778.00616	62328.00918
9779.16686	61063.64245
9780.32776	57209.50368
9781.48887	54519.36011
9782.65019	51137.83584
9783.81171	50878.00445
9784.97344	57648.44655
9786.13538	61447.61383
9787.29752	61849.31782
9788.45987	59985.13948
9789.62243	60011.80688
9790.78519	62258.0696
9791.94817	63504.33336
9793.11134	65036.65016
9794.27473	62909.41787
9795.43833	57244.95419
9796.60213	51610.65752
9797.76614	49282.82823
9798.93035	50073.78238
9800.09477	50914.42378
9801.25941	51026.04565
9802.42424	54459.09114
9803.58929	58802.34005
9804.75455	65290.98151
9805.92001	69494.77804
9807.08568	70804.04404
9808.25156	65085.02611
9809.41764	56174.95638
9810.58393	44458.81872
9811.75044	37846.15985
9812.91715	40883.60341
9814.08406	48672.69401
9815.25119	57175.22263
9816.41852	64988.07646
9817.58607	69753.81911
9818.75382	67703.77447
9819.92177	57892.89584
9821.08994	47178.89489
9822.25832	39590.55373
9823.4269	41535.14049
9824.5957	49044.48216
9825.7647	57240.48556
9826.93391	64185.10773
9828.10333	67273.36385
9829.27295	65947.63397
9830.44279	57913.08953
9831.61284	50098.24475
9832.78309	49150.02697
9833.95355	52002.60963
9835.12423	53811.79979
9836.29511	54766.90873
9837.4662	55757.23836
9838.6375	59487.24043
9839.80901	62091.67367
9840.98072	65385.01742
9842.15265	64933.31724
9843.32479	63689.97212
9844.49713	62494.2334
9845.66969	59707.50486
9846.84245	55581.72959
9848.01543	54750.07761
9849.18861	52506.26869
9850.36201	51183.05252
9851.53561	54436.73959
9852.70942	61959.4484
9853.88345	64684.88581
9855.05768	62011.07656
9856.23212	54512.37841
9857.40677	49022.74889
9858.58164	49925.22414
9859.75671	51893.2201
9860.93199	55331.77472
9862.10749	60536.28912
9863.28319	62109.05241
9864.4591	61507.4242
9865.63523	62403.26898
9866.81156	58566.86841
9867.9881	54627.23737
9869.16486	49868.43296
9870.34183	50846.15923
9871.519	52798.44577
9872.69639	53126.16766
9873.87399	52488.63773
9875.05179	52402.85146
9876.22981	52256.44275
9877.40804	51050.63412
9878.58648	52370.97741
9879.76513	55755.24734
9880.944	60752.87934
9882.12307	64130.74315
9883.30235	68074.00516
9884.48185	70068.53864
9885.66156	67556.76155
9886.84147	61881.72308
9888.0216	58951.4911
9889.20194	55065.09731
9890.3825	51852.29393
9891.56326	52326.30943
9892.74423	55682.76433
9893.92542	56735.87315
9895.10682	56605.63987
9896.28843	58512.55386
9897.47025	55985.98932
9898.65228	53251.14951
9899.83452	51277.30343
9901.01698	53452.38077
9902.19965	58230.75602
9903.38253	62780.50416
9904.56562	62389.28545
9905.74893	57651.96561
9906.93244	51551.04457
9908.11617	50156.58583
9909.30011	51136.73945
9910.48426	51712.44474
9911.66863	50380.35252
9912.85321	50066.42944
9914.03799	50304.43329
9915.223	53578.65769
9916.40821	55379.68186
9917.59364	61182.95161
9918.77928	64634.74924
9919.96513	66454.8507
9921.1512	63683.92933
9922.33747	58408.14371
9923.52396	52946.9517
9924.71067	49968.08427
9925.89758	50994.90346
9927.08471	52336.13134
9928.27205	53048.70577
9929.45961	51020.53233
9930.64738	51761.41575
9931.83536	53982.42956
9933.02355	57860.50251
9934.21196	58047.83788
9935.40058	58614.30992
9936.58942	58806.09797
9937.77846	57986.21473
9938.96772	57829.05353
9940.1572	58552.58153
9941.34689	59542.77514
9942.53679	61927.6195
9943.7269	60435.34991
9944.91723	55912.9901
9946.10778	51385.98104
9947.29853	50178.86319
9948.4895	54172.52091
9949.68069	60632.95847
9950.87209	66317.16507
9952.0637	64102.20435
9953.25553	60284.52689
9954.44757	56013.31788
9955.63982	55731.36567
9956.83229	54496.72983
9958.02497	52211.67196
9959.21787	47729.14791
9960.41098	45395.81638
9961.60431	46698.49345
9962.79785	50919.32062
9963.9916	54174.74129
9965.18557	52221.51593
9966.37976	47411.56586
9967.57416	42325.63331
9968.76877	42230.40153
9969.9636	46686.00209
9971.15864	53296.73204
9972.3539	57179.29887
9973.54938	54946.2229
9974.74506	53410.15705
9975.94097	50317.65987
9977.13709	52063.09625
9978.33342	52914.41441
9979.52997	52861.60304
9980.72673	51988.33563
9981.92371	51664.30365
9983.12091	54853.6309
9984.31832	60331.69256
9985.51594	62812.29024
9986.71378	63140.97186
9987.91184	61174.36745
9989.11011	60117.56694
9990.3086	57628.03873
9991.5073	58780.82558
9992.70622	60355.75258
9993.90535	59797.1157
9995.10471	58822.21778
9996.30427	57520.82859
9997.50406	56393.06554
9998.70405	54009.63063
9999.90427	54475.38005
10001.1047	56468.59369
10002.30535	57283.54917
10003.50621	55925.14107
10004.70729	54990.92223
10005.90859	56129.61109
10007.1101	57055.06235
10008.31183	55212.27076
10009.51377	52442.20292
10010.71593	52009.84266
10011.91831	50831.25758
10013.12091	51395.45072
10014.32372	53035.88561
10015.52675	51661.21459
10016.72999	50740.9499
10017.93345	50926.56309
10019.13713	55024.06066
10020.34103	53056.72386
10021.54514	50858.75382
10022.74947	52161.69285
10023.95402	55679.97652
10025.15878	57756.21704
10026.36376	56277.27958
10027.56896	53008.76067
10028.77438	47667.43339
10029.98001	44203.75374
10031.18586	46232.77115
10032.39193	50383.39128
10033.59822	52280.54374
10034.80472	49493.65881
10036.01144	43253.01185
10037.21838	39573.89535
10038.42553	41967.99128
10039.63291	51826.2356
10040.8405	60271.05406
10042.04831	61336.782
10043.25634	54554.78491
10044.46458	47325.04415
10045.67305	45467.17267
10046.88173	44555.3146
10048.09063	46923.73462
10049.29975	50200.88443
10050.50909	52946.33481
10051.71864	52414.0213
10052.92841	54009.70447
10054.1384	57525.93685
10055.34862	61287.53986
10056.55904	61477.64059
10057.76969	59027.41813
10058.98056	54310.50137
10060.19164	51430.92438
10061.40294	50146.14705
10062.61447	51717.20269
10063.82621	54878.66912
10065.03817	53916.6648
10066.25035	51682.09476
10067.46274	50955.57052
10068.67536	51605.30976
10069.8882	52286.34561
10071.10125	54115.68274
10072.31453	60554.38326
10073.52802	65852.09056
10074.74173	66382.13231
10075.95566	61698.29664
10077.16982	53579.54966
10078.38419	48641.65877
10079.59878	46922.75696
10080.81359	46816.05349
10082.02862	50883.06581
10083.24387	54877.24666
10084.45934	57246.37253
10085.67502	55044.96895
10086.89093	50049.9647
10088.10706	44866.90723
10089.32341	42970.18185
10090.53998	44414.72806
10091.75677	49523.12339
10092.97378	52028.7024
10094.19101	54485.61311
10095.40846	55518.12486
10096.62612	54521.16899
10097.84401	52325.63038
10099.06212	49950.95546
10100.28046	49233.64473
10101.49901	48753.82893
10102.71778	50444.06892
10103.93677	54783.94478
10105.15598	54572.30564
10106.37542	51364.28987
10107.59507	48442.49238
10108.81495	49195.49154
10110.03504	50703.42477
10111.25536	55510.9945
10112.4759	60382.54155
10113.69666	61188.87615
10114.91764	56124.33294
10116.13884	50045.06406
10117.36026	45514.43126
10118.5819	42074.64187
10119.80377	41773.44154
10121.02585	45254.37028
10122.24816	51700.15737
10123.47069	57726.06731
10124.69344	59388.48019
10125.91641	56072.83561
10127.1396	54501.86254
10128.36302	55419.53952
10129.58666	53607.2424
10130.81051	49784.84297
10132.03459	44072.9169
10133.2589	44394.40568
10134.48342	49366.64963
10135.70817	53210.38006
10136.93314	53517.80471
10138.15833	53855.22372
10139.38374	51590.04796
10140.60937	51232.64516
10141.83523	52885.96276
10143.06131	55678.49063
10144.28761	56850.43686
10145.51413	58534.26176
10146.74088	55661.01886
10147.96785	51894.06876
10149.19504	46384.2013
10150.42245	48821.96999
10151.65009	52643.26318
10152.87795	52742.0235
10154.10603	49624.51063
10155.33434	46913.57909
10156.56287	47866.70186
10157.79162	47975.22408
10159.02059	47376.4822
10160.24979	46442.20336
10161.47921	46790.7117
10162.70885	48857.37393
10163.93872	54721.45532
10165.16881	58729.74565
10166.39912	59736.17687
10167.62966	56732.57145
10168.86042	57696.29849
10170.0914	58810.60641
10171.32261	59931.95198
10172.55404	58539.72126
10173.78569	52988.04222
10175.01757	49581.47433
10176.24967	48009.89537
10177.48199	48801.05753
10178.71454	50846.48463
10179.94732	49353.84924
10181.18031	49693.44943
10182.41353	50895.39725
10183.64698	51860.00982
10184.88065	53581.66403
10186.11454	56681.15284
10187.34866	59970.36464
10188.583	63989.40379
10189.81757	60663.75619
10191.05236	56209.45233
10192.28737	51402.68825
10193.52261	47020.25829
10194.75808	44468.15749
10195.99377	46407.39189
10197.22968	50802.39209
10198.46582	52186.64264
10199.70218	51484.62845
10200.93877	51401.87805
10202.17558	51996.76223
10203.41262	53839.35972
10204.64988	55199.6373
10205.88737	57787.76347
10207.12508	57657.29569
10208.36302	57638.51498
10209.60119	57159.09356
10210.83957	57685.98083
10212.07819	54353.81289
10213.31703	51903.97659
10214.55609	49972.74276
10215.79538	51994.2879
10217.0349	55338.54378
10218.27464	58137.35681
10219.51461	53913.8533
10220.7548	47454.9308
10221.99522	44485.57496
10223.23586	48064.46266
10224.47673	54285.81615
10225.71783	58788.3578
10226.95915	58446.77717
10228.2007	55821.38064
10229.44247	54139.556
10230.68447	51875.99091
10231.9267	50275.01608
10233.16915	53208.7745
10234.41183	54091.87927
10235.65474	55949.12437
10236.89787	57699.6853
10238.14123	57800.83064
10239.38482	54320.14922
10240.62863	52384.39369
10241.87267	54334.16164
10243.11693	56602.42629
10244.36142	56964.63267
10245.60614	54681.60733
10246.85109	53259.51852
10248.09626	49679.95014
10249.34166	47825.32166
10250.58728	48531.05363
10251.83314	50399.83197
10253.07922	53218.7101
10254.32553	56201.28192
10255.57206	55639.96454
10256.81882	53699.9901
10258.06581	50018.5938
10259.31303	46772.73381
10260.56048	43912.97575
10261.80815	44446.33044
10263.05605	50795.92235
10264.30418	55659.84963
10265.55253	57716.24982
10266.80111	55043.519
10268.04992	51727.72695
10269.29896	48892.12429
10270.54823	48596.42595
10271.79772	51483.22297
10273.04745	54382.12732
10274.2974	54583.44925
10275.54758	53087.66239
10276.79798	49126.44521
10278.04862	44202.18204
10279.29948	42886.68756
10280.55057	42807.35442
10281.80189	49459.75767
10283.05344	56502.6856
10284.30522	62230.87213
10285.55723	58501.62344
10286.80946	51196.51857
10288.06192	45793.86931
10289.31462	45788.40429
10290.56754	47025.8843
10291.82069	48304.84539
10293.07406	47791.54911
10294.32767	47289.06746
10295.58151	47946.46105
10296.83557	46403.47454
10298.08987	46328.2389
10299.34439	47830.38473
10300.59915	52240.76661
10301.85413	52206.3376
10303.10934	52898.10061
10304.36478	54858.78916
10305.62045	56277.12314
10306.87635	55118.65864
10308.13248	53417.07614
10309.38884	54575.03832
10310.64543	55543.93817
10311.90225	55132.1454
10313.1593	52239.08002
10314.41658	47992.13421
10315.67409	43456.78399
10316.93183	42040.80031
10318.1898	44288.49413
10319.44799	48030.10312
10320.70642	50031.93667
10321.96508	51522.69997
10323.22397	52977.57107
10324.48309	51066.69477
10325.74244	49466.82664
10327.00202	48147.97857
10328.26183	48669.95966
10329.52187	51349.14027
10330.78215	53041.33765
10332.04265	52692.31812
10333.30338	50871.19851
10334.56435	47448.81274
10335.82554	47836.40935
10337.08697	47258.90924
10338.34863	48494.98138
10339.61051	50672.81225
10340.87263	53788.70763
10342.13498	57953.86409
10343.39756	56679.8365
10344.66038	54117.99878
10345.92342	49723.88798
10347.1867	49435.54848
10348.4502	49275.91689
10349.71394	47631.41617
10350.97791	45848.90263
10352.24211	44664.0637
10353.50654	44347.17916
10354.77121	44222.75389
10356.0361	44764.96975
10357.30123	45206.54095
10358.56659	47443.14963
10359.83218	49460.02283
10361.09801	50661.49504
10362.36406	51357.15889
10363.63035	49787.06732
10364.89687	49383.51311
10366.16362	50914.90725
10367.4306	50959.09413
10368.69782	46289.18031
10369.96527	38746.33601
10371.23295	36397.26919
10372.50086	37608.97048
10373.76901	42669.54319
10375.03739	46894.25852
10376.306	47002.48294
10377.57484	46433.21149
10378.84392	45327.07821
10380.11323	43068.1454
10381.38277	42571.67171
10382.65255	42708.87491
10383.92256	44316.43367
10385.1928	43464.86095
10386.46327	40708.75644
10387.73398	38642.08258
10389.00492	37233.78482
10390.2761	40561.72877
10391.5475	43421.85502
10392.81914	44875.69354
10394.09102	45345.91496
10395.36313	47715.23674
10396.63547	53318.07847
10397.90804	59920.95952
10399.18085	61709.40941
10400.45389	58505.70172
10401.72717	54038.81067
10403.00068	48337.29797
10404.27442	44790.71559
10405.5484	43070.4287
10406.82261	43760.91493
10408.09706	45676.48923
10409.37174	45993.36693
10410.64665	46052.56849
10411.9218	45660.60614
10413.19718	46620.60092
10414.4728	44356.10055
10415.74865	43682.92184
10417.02474	46121.5692
10418.30106	48537.26565
10419.57761	47439.28158
10420.8544	46800.6898
10422.13143	46792.90899
10423.40869	48265.56791
10424.68618	52576.64862
10425.96391	58103.08106
10427.24187	57258.99834
10428.52007	51057.96465
10429.79851	46446.0235
10431.07718	45731.24349
10432.35608	46309.88879
10433.63522	46075.44108
10434.91459	48235.24928
10436.1942	51829.83085
10437.47405	48044.25033
10438.75413	43014.34068
10440.03444	40247.89639
10441.315	44032.21588
10442.59578	49776.66579
10443.87681	49880.2787
10445.15807	47138.87334
10446.43956	45010.20529
10447.72129	45283.20677
10449.00326	49516.47608
10450.28546	51519.37417
10451.5679	54306.76593
10452.85057	58867.63258
10454.13348	60834.67824
10455.41663	60139.83312
10456.70001	57227.09882
10457.98363	54343.98963
10459.26749	55930.85513
10460.55158	57364.60225
10461.83591	54137.96083
10463.12047	48295.41775
10464.40527	42859.58939
10465.69031	40262.41924
10466.97559	40828.46768
10468.2611	40886.03108
10469.54685	45640.68004
10470.83283	54403.55446
10472.11906	60132.87227
10473.40552	56333.58269
10474.69221	45898.74318
10475.97915	37416.09324
10477.26632	37278.63273
10478.55373	43766.65916
10479.84137	51079.19219
10481.12925	54880.42893
10482.41737	55981.72951
10483.70573	54398.61075
10484.99433	52873.58727
10486.28316	52538.91105
10487.57223	49706.92463
10488.86154	44508.06297
10490.15108	43563.78957
10491.44087	44585.59116
10492.73089	45902.01151
10494.02115	43480.58572
10495.31165	40825.15602
10496.60238	38061.90791
10497.89336	42582.20807
10499.18457	46519.87665
10500.47602	49669.48769
10501.76771	51579.24325
10503.05964	52948.10159
10504.3518	53751.92196
10505.6442	55232.94471
10506.93685	56592.93724
10508.22973	55585.7305
10509.52285	52040.75481
10510.81621	46965.9236
10512.1098	44643.54611
10513.40364	43061.86985
10514.69771	44654.87826
10515.99203	49810.26214
10517.28658	51228.52065
10518.58137	50236.58658
10519.8764	50332.88406
10521.17167	51719.36875
10522.46718	53567.0195
10523.76293	54508.64621
10525.05892	52581.93769
10526.35515	49879.13726
10527.65161	46771.96876
10528.94832	46458.01197
10530.24526	47404.32704
10531.54245	47424.96652
10532.83988	47527.19693
10534.13754	46813.01373
10535.43545	44752.67583
10536.73359	40285.62075
10538.03198	37473.4275
10539.3306	39862.76546
10540.62947	45988.55334
10541.92857	53566.15145
10543.22792	57408.60019
10544.5275	57079.44206
10545.82733	51454.07772
10547.12739	44479.22989
10548.4277	40507.84377
10549.72825	38740.67527
10551.02903	38785.51292
10552.33006	39495.10147
10553.63133	38860.08143
10554.93284	39104.80649
10556.23459	43338.98498
10557.53658	46536.2653
10558.83881	45885.54129
10560.14129	44634.83939
10561.444	43898.91242
10562.74695	46386.64056
10564.05015	46524.71379
10565.35359	43916.3886
10566.65727	42593.86342
10567.96119	43415.55359
10569.26535	44071.41464
10570.56975	44706.02615
10571.87439	43556.03545
10573.17928	44131.49094
10574.48441	44657.13293
10575.78978	47614.41273
10577.09539	50583.85907
10578.40124	52969.47849
10579.70733	51354.18332
10581.01367	44849.87112
10582.32025	38390.89549
10583.62707	40074.40559
10584.93413	44344.11306
10586.24143	47824.15738
10587.54898	47656.19074
10588.85677	45279.65413
10590.1648	44280.5148
10591.47307	44228.72552
10592.78159	43886.34595
10594.09035	42353.04618
10595.39935	40254.27651
10596.70859	40107.54698
10598.01808	40872.01785
10599.32781	46494.60598
10600.63778	51688.24729
10601.948	53748.40777
10603.25845	51842.08168
10604.56916	43796.20662
10605.8801	41185.16832
10607.19129	41655.66129
10608.50272	43341.80741
10609.81439	42045.13273
10611.12631	41209.53832
10612.43847	41598.03045
10613.75087	46076.99403
10615.06352	50483.11634
10616.37641	51963.24871
10617.68954	48782.16835
10619.00292	43448.79613
10620.31654	38558.27606
10621.6304	37296.26397
10622.94451	41707.72987
10624.25887	46926.57327
10625.57346	51457.29667
10626.8883	53285.22442
10628.20339	53176.03486
10629.51872	52619.85814
10630.83429	50131.48022
10632.15011	48408.67248
10633.46617	47900.26909
10634.78247	45914.46012
10636.09903	47331.14875
10637.41582	45357.45881
10638.73286	43727.46683
10640.05014	42886.18481
10641.36767	43328.34696
10642.68545	44198.3411
10644.00346	43993.1597
10645.32173	42232.50269
10646.64024	37743.80412
10647.95899	34552.38025
10649.27799	33870.87413
10650.59723	38244.11148
10651.91672	43246.35315
10653.23645	45608.98934
10654.55643	44313.67069
10655.87665	45112.40958
10657.19712	44445.54958
10658.51784	45620.66166
10659.8388	44764.25748
10661.16001	41461.04131
10662.48146	42185.74942
10663.80316	45642.21272
10665.1251	48310.79062
10666.44729	51944.75031
10667.76972	52200.97457
10669.0924	53345.74953
10670.41533	52041.47347
10671.7385	48582.5636
10673.06192	47899.15785
10674.38559	48365.66627
10675.7095	48414.1498
10677.03366	46637.24264
10678.35806	44614.71421
10679.68271	42513.48779
10681.00761	40373.27883
10682.33275	39226.73783
10683.65814	40803.1447
10684.98378	41700.82921
10686.30967	40530.9289
10687.6358	40462.99013
10688.96217	41011.81402
10690.2888	43349.19586
10691.61567	44711.31237
10692.94279	42163.03545
10694.27015	41880.47201
10695.59777	42463.1523
10696.92563	44893.51428
10698.25373	45855.19698
10699.58209	46487.60162
10700.91069	46112.37468
10702.23954	45767.44769
10703.56864	43854.56323
10704.89798	41674.03768
10706.22757	41207.08754
10707.55741	41413.30219
10708.8875	42706.10803
10710.21784	42463.28193
10711.54842	43498.40959
10712.87925	43063.13722
10714.21033	45191.84345
10715.54166	44538.352
10716.87324	43702.04358
10718.20506	45216.15941
10719.53713	48094.55856
10720.86945	46946.66883
10722.20202	41501.37435
10723.53484	39864.31741
10724.86791	41939.19619
10726.20122	46615.11368
10727.53478	50910.33501
10728.8686	50135.24312
10730.20266	48773.13155
10731.53697	47635.481
10732.87153	47837.07269
10734.20633	47582.05589
10735.54139	45100.7521
10736.8767	42964.48905
10738.21225	42415.59926
10739.54806	43103.42949
10740.88411	44084.36851
10742.22041	45019.48871
10743.55696	45875.56537
10744.89376	45742.07527
10746.23082	47484.77094
10747.56812	49086.14871
10748.90567	50331.10744
10750.24347	49000.26208
10751.58152	48837.48951
10752.91982	50697.96703
10754.25837	54301.4687
10755.59716	53666.68575
10756.93621	49495.57551
10758.27551	43479.7113
10759.61506	39552.40118
10760.95486	37247.21301
10762.29491	37329.92686
10763.63521	39613.18536
10764.97576	42496.73831
10766.31657	46148.04657
10767.65762	47307.52877
10768.99892	47762.90382
10770.34047	47837.8546
10771.68228	49271.11381
10773.02433	48670.25004
10774.36664	42936.59361
10775.70919	38602.56254
10777.052	37121.60284
10778.39506	40737.74078
10779.73837	44850.13254
10781.08193	48692.71028
10782.42574	48009.58821
10783.7698	44852.02519
10785.11412	41878.70505
10786.45868	40437.59543
10787.8035	39699.50568
10789.14857	41421.4786
10790.49389	45600.28264
10791.83946	50328.80249
10793.18528	54330.70943
10794.53136	52549.02944
10795.87768	47677.66371
10797.22426	41691.23738
10798.57109	38903.1367
10799.91818	39171.88593
10801.26551	40696.46115
10802.6131	43429.58647
10803.96094	45022.78181
10805.30903	44823.42921
10806.65737	44784.56864
10808.00597	43028.33346
10809.35482	43006.68021
10810.70392	45699.54837
10812.05327	44366.8753
10813.40288	43296.45165
10814.75274	45774.64261
10816.10285	48668.82541
10817.45322	50215.54789
10818.80384	48185.9805
10820.15471	47211.86222
10821.50583	47339.25018
10822.85721	48521.53003
10824.20884	46918.10068
10825.56072	44541.40572
10826.91286	40421.55866
10828.26525	36686.9913
10829.61789	35456.04473
10830.97079	37631.37461
10832.32394	44429.32189
10833.67734	47489.74714
10835.031	49424.3857
10836.38491	47499.90788
10837.73907	48304.13945
10839.09349	50676.38201
10840.44817	49607.7786
10841.80309	47430.03055
10843.15827	43120.85019
10844.51371	39697.5379
10845.8694	40516.28843
10847.22534	42833.74471
10848.58154	45373.08455
10849.93799	48220.8023
10851.2947	51389.31241
10852.65166	52657.05568
10854.00887	52371.19423
10855.36634	51096.40068
10856.72407	45981.91795
10858.08205	43556.26085
10859.44028	43311.02487
10860.79877	45243.08606
10862.15751	47986.12488
10863.51651	50540.93365
10864.87577	50743.9903
10866.23528	49062.35578
10867.59504	48919.03914
10868.95506	48255.95499
10870.31534	45975.91654
10871.67587	42571.2008
10873.03665	39757.97901
10874.39769	40213.4312
10875.75899	41649.75984
10877.12054	44795.60773
10878.48235	48229.86274
10879.84441	49100.84024
10881.20673	48324.48247
10882.56931	48291.88713
10883.93214	48578.79691
10885.29523	48037.14869
10886.65857	47601.24025
10888.02217	44051.31321
10889.38603	38048.49755
10890.75014	34220.62942
10892.11451	34363.6987
10893.47914	37231.48272
10894.84402	41332.79509
10896.20916	46038.16958
10897.57455	49576.43444
10898.9402	51241.56381
10900.30611	50097.22092
10901.67227	47507.11288
10903.0387	44888.55777
10904.40537	41476.74125
10905.77231	37746.6353
10907.1395	38507.80443
10908.50695	40878.93221
10909.87466	45601.82037
10911.24262	45030.47722
10912.61085	44580.76445
10913.97932	41235.75683
10915.34806	37204.84448
10916.71705	36205.75535
10918.08631	35667.38213
10919.45582	35674.36925
10920.82558	35400.52933
10922.19561	38552.41238
10923.56589	42830.19808
10924.93643	46479.23728
10926.30723	47782.02532
10927.67828	46490.01953
10929.0496	44075.89113
10930.42117	44106.91249
10931.793	43869.34218
10933.16509	43636.24214
10934.53744	40387.12971
10935.91004	39504.69031
10937.28291	40486.96318
10938.65603	40809.4991
10940.02941	39996.33866
10941.40305	41106.04132
10942.77695	41948.11759
10944.15111	45163.87596
10945.52552	47268.00655
10946.9002	49277.78834
10948.27513	52168.09971
10949.65032	49703.32807
10951.02578	45254.15151
10952.40149	41634.48272
10953.77746	40296.39174
10955.15369	39856.70593
10956.53018	42709.38352
10957.90693	46041.45785
10959.28394	46653.70347
10960.6612	45075.24255
10962.03873	45436.57303
10963.41652	47587.27117
10964.79457	48444.32819
10966.17287	45553.0052
10967.55144	43905.88057
10968.93027	42153.50517
10970.30935	43082.3771
10971.6887	43090.1114
10973.06831	44190.64117
10974.44817	47062.5517
10975.8283	45394.63538
10977.20869	44405.69076
10978.58934	41430.31326
10979.97025	42242.48271
10981.35142	43501.85389
10982.73285	42697.86341
10984.11454	41774.0811
10985.49649	41612.19792
10986.8787	40228.28604
10988.26117	40828.22874
10989.64391	44004.03111
10991.0269	45291.97379
10992.41016	44408.67591
10993.79368	43127.65226
10995.17746	43790.1074
10996.5615	45539.34076
10997.9458	47360.15204
10999.33036	47294.4906
11000.71518	46351.55867
11002.10027	48258.449
11003.48562	46606.49989
11004.87123	42363.85367
11006.2571	40772.58794
11007.64323	39179.7573
11009.02962	42262.1711
11010.41628	45672.89411
11011.8032	46763.45002
11013.19038	46712.61982
11014.57782	43303.15508
11015.96553	37715.97881
11017.35349	33517.67072
11018.74172	32904.74276
11020.13021	34512.30915
11021.51897	35809.12892
11022.90799	38551.75547
11024.29726	40362.72685
11025.68681	38927.69617
11027.07661	40062.41251
11028.46668	42905.85344
11029.85701	43168.51278
11031.2476	43640.05513
11032.63846	42738.09926
11034.02958	41340.72874
11035.42096	38200.07621
11036.81261	35814.67976
11038.20452	36281.51532
11039.59669	37606.00758
11040.98912	39208.80957
11042.38182	42647.99617
11043.77479	46268.71777
11045.16801	46718.67151
11046.5615	45601.1296
11047.95526	43442.9189
11049.34927	40137.1631
11050.74355	38739.65155
11052.1381	41513.55517
11053.53291	48763.85304
11054.92798	50793.14986
11056.32332	51107.85172
11057.71892	48732.46385
11059.11479	44328.28729
11060.51092	43377.66333
11061.90731	45926.78575
11063.30397	49607.87029
11064.70089	51231.22573
11066.09808	47520.86913
11067.49553	40971.32257
11068.89325	38149.87139
11070.29123	41829.26808
11071.68948	45277.02188
11073.08799	47065.44169
11074.48677	46026.89822
11075.88581	44286.71875
11077.28512	43885.27221
11078.68469	44800.89947
11080.08453	45911.03096
11081.48463	48587.24737
11082.885	46808.07213
11084.28564	43323.25919
11085.68654	42243.32777
11087.0877	41799.10862
11088.48913	41886.65971
11089.89083	40003.17702
11091.29279	38516.33986
11092.69502	39803.86091
11094.09751	40678.34335
11095.50027	41451.03876
11096.9033	40849.50183
11098.30659	40965.96382
11099.71015	40394.99317
11101.11397	37827.42977
11102.51807	36456.24446
11103.92242	37260.56068
11105.32705	39692.62744
11106.73194	44284.68195
11108.13709	49361.57021
11109.54252	50860.78235
11110.94821	47317.31885
11112.35417	42034.57305
11113.76039	36608.61629
11115.16688	35653.25129
11116.57364	37348.23665
11117.98067	40028.98858
11119.38796	42253.60397
11120.79552	41437.7573
11122.20334	41889.50021
11123.61144	41276.67296
11125.0198	40218.20393
11126.42843	38634.54144
11127.83733	41342.82988
11129.24649	44171.76298
11130.65592	46860.90152
11132.06562	47526.43109
11133.47559	47356.57786
11134.88583	44766.25279
11136.29633	43004.62244
11137.7071	40950.63172
11139.11814	41304.04758
11140.52945	41508.67271
11141.94102	41319.59131
11143.35287	40707.97067
11144.76498	39118.34034
11146.17736	38912.19857
11147.59001	40220.47141
11149.00293	41670.13513
11150.41612	42406.98067
11151.82957	40110.78336
11153.2433	39862.59853
11154.65729	41115.55774
11156.07155	41250.25479
11157.48608	39296.4049
11158.90088	37042.40813
11160.31595	31890.03655
11161.73129	30260.37087
11163.1469	33058.46926
11164.56277	37374.97224
11165.97892	42136.29921
11167.39534	45411.39792
11168.81202	47100.05057
11170.22898	47154.43884
11171.6462	46133.91835
11173.0637	42066.22498
11174.48146	40883.6282
11175.89949	39103.40455
11177.3178	35006.19673
11178.73637	33047.21478
11180.15522	34342.60288
11181.57433	37657.37617
11182.99371	39653.12702
11184.41337	42719.31722
11185.83329	44439.56321
11187.25349	46021.40965
11188.67396	50590.39269
11190.09469	52019.75541
11191.5157	47843.43102
11192.93698	42177.84865
11194.35853	38038.43807
11195.78034	38422.48867
11197.20243	40626.36909
11198.6248	41740.33681
11200.04743	39304.30952
11201.47033	37019.71548
11202.89351	35877.94943
11204.31695	34400.60445
11205.74067	36007.35493
11207.16466	37966.97274
11208.58892	40222.66357
11210.01345	41968.32921
11211.43825	41511.98076
11212.86333	42461.44779
11214.28867	42767.61046
11215.71429	42353.28594
11217.14018	42445.94714
11218.56634	42953.20578
11219.99278	40911.71528
11221.41948	38867.1836
11222.84646	38833.97409
11224.27371	39234.15402
11225.70124	39799.88506
11227.12903	38973.84047
11228.5571	37617.61097
11229.98544	40748.42483
11231.41405	43299.21815
11232.84294	42227.9807
11234.27209	42000.76224
11235.70152	43086.6292
11237.13123	42547.24044
11238.5612	39245.61024
11239.99145	33619.45841
11241.42198	30164.75185
11242.85277	31339.76546
11244.28384	32968.29794
11245.71518	34868.85454
11247.1468	36925.62288
11248.57869	39363.02525
11250.01085	43771.81472
11251.44328	44547.77521
11252.87599	42985.36301
11254.30898	38617.70171
11255.74223	34689.09537
11257.17576	31243.99899
11258.60957	31937.9642
11260.04365	35272.2433
11261.478	39480.39454
11262.91262	42724.2317
11264.34753	43722.84197
11265.7827	41024.3696
11267.21815	39448.01706
11268.65387	39111.26632
11270.08987	42496.2652
11271.52614	44669.54679
11272.96269	47054.87248
11274.39951	46780.49219
11275.83661	45558.58874
11277.27398	42318.34299
11278.71163	37623.76976
11280.14955	34422.30239
11281.58774	35552.8475
11283.02621	37645.589
11284.46496	41659.34225
11285.90398	43032.84597
11287.34328	42655.60285
11288.78285	40388.38521
11290.2227	38856.83675
11291.66282	38204.90878
11293.10322	37889.26714
11294.54389	39718.76744
11295.98484	41198.66432
11297.42607	40812.07171
11298.86757	41593.51226
11300.30935	40785.99841
11301.7514	38407.4769
11303.19373	33998.67003
11304.63633	29308.46029
11306.07922	28656.64627
11307.52237	31506.99303
11308.96581	35037.3161
11310.40952	38771.72475
11311.85351	43674.92886
11313.29777	47605.50829
11314.74231	48793.82858
11316.18713	49820.79046
11317.63222	48922.57546
11319.07759	46312.50157
11320.52324	41066.64221
11321.96916	38145.40806
11323.41536	36962.25712
11324.86184	38723.54275
11326.3086	36717.85515
11327.75563	31944.20847
11329.20294	30897.12637
11330.65053	32497.50673
11332.09839	35813.09615
11333.54654	44076.47283
11334.99496	49467.24606
11336.44366	47694.92219
11337.89263	42865.41595
11339.34188	34410.39738
11340.79142	30692.30674
11342.24123	31473.16253
11343.69131	35775.12514
11345.14168	39285.8857
11346.59232	39917.00506
11348.04324	37611.29762
11349.49444	36460.36906
11350.94592	39950.99943
11352.39768	44101.16128
11353.84972	47035.58644
11355.30203	43412.45093
11356.75462	40201.06694
11358.2075	40317.64506
11359.66065	43006.81168
11361.11408	44361.41712
11362.56778	42764.9291
11364.02177	37431.53768
11365.47604	35323.32782
11366.93058	35300.31113
11368.38541	35256.61774
11369.84051	37099.14906
11371.2959	39661.98036
11372.75156	41828.01152
11374.2075	42969.28477
11375.66372	43225.80519
11377.12023	43078.32594
11378.57701	43603.20507
11380.03407	43309.3079
11381.49141	42968.64358
11382.94903	41895.85926
11384.40693	40984.32314
11385.86511	40851.65186
11387.32358	41938.81242
11388.78232	46002.13376
11390.24134	49384.48099
11391.70064	52936.91372
11393.16023	51579.85342
11394.62009	44308.63012
11396.08023	37908.69979
11397.54066	36793.19642
11399.00136	39416.79176
11400.46235	40325.16304
11401.92362	43051.23797
11403.38517	45062.02075
11404.847	44500.06691
11406.30911	39363.65461
11407.7715	35548.07479
11409.23417	36096.742
11410.69712	40678.36718
11412.16036	45288.92189
11413.62388	44800.73961
11415.08768	41948.0207
11416.55176	39110.83812
11418.01612	38516.0962
11419.48076	38656.61717
11420.94569	38130.92186
11422.4109	38857.55012
11423.87638	40807.26653
11425.34216	41424.92352
11426.80821	40070.6977
11428.27455	41042.68143
11429.74116	41998.00497
11431.20806	42984.01805
11432.67525	43596.72565
11434.14271	42044.79675
11435.61046	39084.91535
11437.07849	36947.24675
11438.5468	39719.3619
11440.0154	41995.61862
11441.48428	41949.45841
11442.95344	40261.25231
11444.42288	41960.77692
11445.89261	40522.79858
11447.36262	39941.13805
11448.83292	37947.12401
11450.3035	36727.77892
11451.77436	35343.3171
11453.2455	36689.72045
11454.71693	37434.11633
11456.18864	37803.96526
11457.66063	37012.81249
11459.13291	36022.718
11460.60548	36930.50032
11462.07832	39773.89909
11463.55145	41070.60583
11465.02487	39536.5407
11466.49856	36659.96561
11467.97255	34539.73246
11469.44681	35758.0667
11470.92136	38052.28635
11472.3962	40544.61866
11473.87132	42358.06636
11475.34672	43064.02995
11476.82241	43462.17607
11478.29839	43189.48835
11479.77465	43565.48367
11481.25119	41293.157
11482.72802	40617.88461
11484.20513	36847.05553
11485.68253	35242.65248
11487.16021	33441.76103
11488.63818	33530.96152
11490.11643	36760.22121
11491.59497	38914.00091
11493.0738	37687.10994
11494.55291	36118.99973
11496.0323	36004.96219
11497.51198	38075.96145
11498.99195	40534.45207
11500.4722	42537.71312
11501.95274	42422.09119
11503.43357	41035.38024
11504.91468	38270.45753
11506.39607	39826.89933
11507.87775	40083.71177
11509.35972	39658.90492
11510.84198	37375.74577
11512.32452	34982.47735
11513.80735	36414.27714
11515.29046	41499.33773
11516.77386	47231.09589
11518.25755	48060.49334
11519.74152	44053.37252
11521.22579	41382.0549
11522.71033	39476.75594
11524.19517	39051.83948
11525.68029	40318.06071
11527.1657	43003.65086
11528.6514	45245.72518
11530.13738	43927.31623
11531.62365	42633.47068
11533.11021	41668.77299
11534.59705	40813.32606
11536.08419	40705.55157
11537.57161	41088.85048
11539.05932	41355.51909
11540.54731	38975.7421
11542.0356	37075.99836
11543.52417	36010.318
11545.01303	38900.04381
11546.50218	40364.6237
11547.99161	39826.10981
11549.48134	37373.13756
11550.97135	36313.04072
11552.46165	37136.20274
11553.95224	38272.81926
11555.44312	37377.14726
11556.93428	39059.87967
11558.42574	40621.09067
11559.91748	41040.60305
11561.40952	41669.00337
11562.90184	42512.57247
11564.39445	44639.03637
11565.88735	46793.06953
11567.38054	47074.03715
11568.87402	45170.6367
11570.36778	41167.74935
11571.86184	37376.369
11573.35619	33643.63993
11574.85082	32593.63725
11576.34575	36038.04138
11577.84096	42203.72
11579.33646	45428.45109
11580.83226	44600.22117
11582.32834	40887.1333
11583.82472	37667.07251
11585.32138	34801.48877
11586.81833	35515.75434
11588.31558	35256.60954
11589.81311	34834.814
11591.31094	30672.50126
11592.80905	29747.78443
11594.30746	32965.18094
11595.80615	36705.05955
11597.30514	41494.99736
11598.80442	41237.74843
11600.30399	39491.85295
11601.80384	36941.34355
11603.30399	36009.30515
11604.80443	36968.65562
11606.30517	38517.76584
11607.80619	37845.18246
11609.3075	37653.0579
11610.80911	36097.24104
11612.31101	36298.32751
11613.81319	37255.05526
11615.31567	39317.70027
11616.81845	42061.62708
11618.32151	41505.49994
11619.82486	40713.12548
11621.32851	39084.48012
11622.83245	37651.07493
11624.33668	39053.50048
11625.8412	38604.51427
11627.34601	39250.90095
11628.85112	40030.02379
11630.35652	40170.46289
11631.86221	43342.74144
11633.3682	45913.04345
11634.87447	47054.19703
11636.38104	44607.44703
11637.8879	38340.40993
11639.39506	32475.50523
11640.9025	32706.45766
11642.41024	36971.71509
11643.91828	41141.14452
11645.4266	44794.1337
11646.93522	46164.70216
11648.44413	44236.66284
11649.95334	39729.08281
11651.46284	38256.09104
11652.97263	39454.49232
11654.48271	40798.62608
11655.99309	40455.78123
11657.50376	37349.47686
11659.01473	35169.03474
11660.52599	37625.97865
11662.03755	40291.16153
11663.54939	43271.84516
11665.06153	44853.74731
11666.57397	44755.98738
11668.0867	41370.2594
11669.59973	38677.55944
11671.11304	36869.76444
11672.62666	36705.54828
11674.14056	40305.09313
11675.65477	40426.7664
11677.16926	38739.77255
11678.68406	34165.03621
11680.19914	32109.46366
11681.71452	32429.26393
11683.2302	35570.41784
11684.74617	38376.40996
11686.26244	40799.99715
11687.779	41348.10783
11689.29585	40804.75153
11690.813	35761.34994
11692.33045	31159.62292
11693.84819	30614.10877
11695.36623	33380.48184
11696.88457	37764.77025
11698.4032	39099.24207
11699.92212	38037.88889
11701.44134	37796.08189
11702.96086	39654.55431
11704.48067	40468.81222
11706.00078	39526.90193
11707.52119	37541.18615
11709.04189	35212.61436
11710.56289	32141.93668
11712.08418	35017.14412
11713.60577	41809.8288
11715.12766	47638.58695
11716.64984	44097.17085
11718.17232	37581.93965
11719.6951	32207.56776
11721.21817	33575.71624
11722.74154	38017.9108
11724.26521	40801.68726
11725.78918	39522.62357
11727.31344	36650.64491
11728.838	34287.69667
11730.36286	36693.09438
11731.88801	40852.86183
11733.41346	41299.21455
11734.93921	37617.58497
11736.46526	33751.48582
11737.9916	31187.23468
11739.51824	33043.80589
11741.04518	36913.96986
11742.57242	43606.25645
11744.09996	47991.85663
11745.62779	45802.50772
11747.15592	38643.95214
11748.68435	33134.22535
11750.21308	30204.9888
11751.74211	30741.07748
11753.27144	35230.45024
11754.80106	40256.36222
11756.33098	44383.74238
11757.86121	45271.86518
11759.39173	43728.79386
11760.92254	39930.3097
11762.45366	38805.50454
11763.98508	40730.36299
11765.5168	41970.68423
11767.04881	38846.99996
11768.58113	35155.21728
11770.11374	33077.27791
11771.64665	34154.36708
11773.17987	36907.65139
11774.71338	39467.77657
11776.24719	41901.31057
11777.7813	44919.27262
11779.31571	45116.69881
11780.85043	44810.6921
11782.38544	44605.57517
11783.92075	41497.98182
11785.45636	38724.25549
11786.99227	32777.69738
11788.52848	28055.62016
11790.065	27261.85941
11791.60181	30604.38373
11793.13892	34046.76871
11794.67634	35671.42774
11796.21405	32984.9732
11797.75207	30713.41456
11799.29038	34236.28943
11800.829	40601.09111
11802.36792	44966.69156
11803.90714	43627.06134
11805.44666	38766.36825
11806.98648	36729.66091
11808.5266	36673.59079
11810.06703	35264.31978
11811.60775	32728.69055
11813.14878	31485.99658
11814.69011	32700.70471
11816.23174	34669.43266
11817.77367	37546.94466
11819.3159	38203.4689
11820.85844	35061.42594
11822.40128	30884.22142
11823.94442	31804.12201
11825.48786	35153.31655
11827.0316	38104.60814
11828.57565	38117.80881
11830.12	36948.16064
11831.66465	37217.26788
11833.2096	37798.17313
11834.75486	39925.64212
11836.30042	43459.82082
11837.84628	47944.02468
11839.39244	48035.77701
11840.93891	43283.30828
11842.48568	38134.69652
11844.03276	33487.26858
11845.58013	31639.542
11847.12781	32464.15097
11848.6758	34497.19278
11850.22409	37380.85422
11851.77268	39635.59232
11853.32157	41002.13658
11854.87077	40665.61348
11856.42027	40375.51925
11857.97008	41973.89175
11859.52018	41579.6278
11861.0706	38366.06484
11862.62132	35776.70479
11864.17234	33365.97828
11865.72366	35653.57274
11867.27529	38516.47695
11868.82723	39949.85112
11870.37947	39413.92216
11871.93201	38643.59119
11873.48486	41072.15576
11875.03801	42586.57375
11876.59147	40392.90762
11878.14523	38080.18429
11879.6993	38066.1235
11881.25367	41096.09757
11882.80835	40596.52279
11884.36333	43561.7149
11885.91862	45255.79438
11887.47421	46619.84129
11889.03011	45698.07567
11890.58631	42241.89354
11892.14282	39065.15371
11893.69963	37206.28185
11895.25676	35936.16134
11896.81418	36232.08293
11898.37191	36293.43194
11899.92995	36135.53772
11901.4883	35828.03866
11903.04695	34601.91206
11904.60591	34356.38068
11906.16517	35161.89507
11907.72474	39735.50221
11909.28461	44971.29633
11910.8448	45251.02507
11912.40529	44884.04784
11913.96608	43564.40788
11915.52718	40936.37844
11917.08859	40349.84468
11918.65031	40654.74835
11920.21233	42200.66438
11921.77466	42044.52152
11923.3373	38688.6939
11924.90025	35650.86063
11926.4635	34756.45527
11928.02706	34285.83924
11929.59092	34575.65802
11931.1551	38902.87552
11932.71958	39310.65864
11934.28437	39574.34465
11935.84947	41968.26883
11937.41488	41860.93103
11938.98059	41331.18789
11940.54661	39390.81765
11942.11294	37809.10588
11943.67958	37219.42095
11945.24653	37568.89769
11946.81378	41118.47945
11948.38134	44631.42856
11949.94922	43971.55951
11951.5174	39601.9158
11953.08588	34971.21081
11954.65468	33040.77456
11956.22379	35411.91778
11957.79321	36110.99192
11959.36293	38476.55182
11960.93296	39635.55027
11962.50331	39069.83615
11964.07396	38921.39971
11965.64492	40434.34281
11967.21619	42545.2279
11968.78777	40513.90765
11970.35966	37196.69525
11971.93186	33853.27207
11973.50437	34598.21562
11975.07719	38220.14799
11976.65032	39805.61096
11978.22376	40177.96573
11979.79751	40457.94168
11981.37157	40162.65492
11982.94594	39045.71636
11984.52062	36706.72083
11986.09561	35066.30531
11987.67091	33933.26708
11989.24653	33310.23159
11990.82245	34198.36449
11992.39868	39234.68738
11993.97523	43325.33628
11995.55208	43297.09754
11997.12925	42470.72509
11998.70672	40625.89046
12000.28451	39009.07045
12001.86261	6287.52866
12003.44102	1149.22073
12005.01974	255.00468
12006.59878	0
12008.17812	0
12009.75778	0
12011.33775	0
12124.31741	0
12125.92004	0
12127.52298	0
12129.12625	0