1979.88785	0
1979.9936	0
1980.09937	0
1980.20514	0
1999.91941	0
2000.02678	0
2000.13415	0
2000.24153	0
2000.34892	0.11587
2000.45631	1E-6
2000.56372	6.06468
2000.67113	20.0233
2000.77856	37.34748
2000.88599	47.777
2000.99343	42.82023
2001.10088	25.84246
2001.20833	8.44913
2001.3158	0
2001.42327	0
2001.53076	2E-6
2001.63825	0.64432
2001.74575	14.84646
2001.85326	30.23514
2001.96078	34.98727
2002.06831	25.41294
2002.17584	9.29626
2002.28339	0.0715
2002.39094	0
2002.4985	0
2002.60607	2E-5
2002.71365	3.59051
2002.82124	21.88348
2002.92883	38.9582
2003.03644	41.34698
2003.14405	28.30573
2003.25167	11.74237
2003.3593	1.15987
2003.46694	2.5E-5
2003.57459	2.7806
2003.68225	21.531
2003.78991	50.14447
2003.89759	69.87068
2004.00527	64.87287
2004.11296	40.93933
2004.22066	17.21779
2004.32837	4.41474
2004.43609	0.40465
2004.54381	1.41245
2004.65155	12.62649
2004.75929	35.84507
2004.86705	58.19919
2004.97481	61.91337
2005.08258	43.78657
2005.19035	18.11822
2005.29814	0.58333
2005.40594	0
2005.51374	1.9E-5
2005.62156	1.13266
2005.72938	15.00452
2005.83721	34.15934
2005.94505	46.7369
2006.05289	42.4787
2006.16075	25.39736
2006.26862	8.7974
2006.37649	0.33666
2006.48437	1.1E-4
2006.59227	5.48345
2006.70017	22.08605
2006.80807	43.03966
2006.91599	50.82374
2007.02392	35.38629
2007.13185	9.55479
2007.2398	0
2007.34775	0
2007.45571	0
2007.56368	2.05E-4
2007.67166	8.72674
2007.77965	28.37662
2007.88764	41.98003
2007.99565	35.81473
2008.10366	16.26601
2008.21168	5.18657
2008.31971	13.26966
2008.42775	25.43793
2008.5358	19.16446
2008.64386	0
2008.75192	5.93E-4
2008.86	15.64739
2008.96808	37.59022
2009.07617	35.19998
2009.18427	13.40951
2009.29238	3E-4
2009.4005	7.90773
2009.50863	21.79634
2009.61676	19.39417
2009.72491	2.19054
2009.83306	1.38E-4
2009.94122	3.62509
2010.04939	14.60852
2010.15757	11.3975
2010.26576	0.98669
2010.37395	0
2010.48216	0
2010.59037	0
2010.6986	2.6E-5
2010.80683	0.66778
2010.91507	6.56564
2011.02332	8.97161
2011.13158	4.64341
2011.23984	0
2011.34812	0
2011.4564	2.52E-4
2011.56469	6.60696
2011.673	18.70113
2011.78131	30.86692
2011.88962	38.52919
2011.99795	35.49561
2012.10629	21.25952
2012.21463	4.78731
2012.32299	0
2012.43135	0
2012.53972	2.31E-4
2012.6481	5.07653
2012.75649	18.85659
2012.86489	32.02018
2012.9733	32.12684
2013.08171	17.34775
2013.19014	0.50065
2013.29857	0
2013.40701	0
2013.51546	1E-6
2013.62392	0.02563
2013.73239	17.2625
2013.84086	38.61673
2013.94935	47.35571
2014.05784	37.64757
2014.16635	20.22282
2014.27486	7.57986
2014.38338	1.699
2014.49191	8.7E-5
2014.60044	1.7716
2014.70899	16.13629
2014.81755	38.16311
2014.92611	53.26718
2015.03468	50.74635
2015.14327	34.5157
2015.25186	16.79084
2015.36046	5.00665
2015.46906	0.04978
2015.57768	3.52667
2015.68631	22.15887
2015.79494	51.10908
2015.90358	69.14535
2016.01224	58.18056
2016.1209	26.93027
2016.22957	2.45666
2016.33825	0
2016.44693	0
2016.55563	0
2016.66433	0
2016.77305	2.29E-4
2016.88177	3.6847
2016.9905	6.26399
2017.09924	0.30956
2017.20799	0
2017.31675	0
2017.42551	0
2017.53429	0
2017.64307	3.36E-4
2017.75187	5.38739
2017.86067	21.46235
2017.96948	28.25495
2018.0783	20.37312
2018.18712	5.43904
2018.29596	0
2018.40481	0
2018.51366	0
2018.62252	4.17E-4
2018.7314	6.55067
2018.84028	24.96126
2018.94917	35.45154
2019.05806	27.82488
2019.16697	9.91018
2019.27589	0
2019.38481	0
2019.49375	1.91E-4
2019.60269	2.84845
2019.71164	22.51024
2019.8206	52.47775
2019.92957	72.75828
2020.03855	64.42798
2020.14753	34.22398
2020.25653	7.19505
2020.36553	0
2020.47455	0
2020.58357	4.71E-4
2020.6926	6.65347
2020.80164	27.04343
2020.91069	49.40166
2021.01974	56.3886
2021.12881	41.52669
2021.23788	17.98021
2021.34697	4.59117
2021.45606	6.73021
2021.56516	15.07887
2021.67427	20.96896
2021.78339	25.54418
2021.89252	31.12181
2022.00165	32.19078
2022.1108	22.92093
2022.21995	8.14751
2022.32912	0
2022.43829	0
2022.54747	2.03E-4
2022.65666	2.61027
2022.76586	15.43834
2022.87507	31.85619
2022.98428	38.46725
2023.09351	27.34403
2023.20274	7.79552
2023.31198	0
2023.42124	0
2023.5305	2.98E-4
2023.63977	3.65365
2023.74904	19.24305
2023.85833	36.27575
2023.96763	43.04642
2024.07693	34.94027
2024.18624	19.47185
2024.29557	6.33549
2024.4049	0
2024.51424	7.43E-4
2024.62359	8.74369
2024.73294	30.71046
2024.84231	53.31932
2024.95169	59.65099
2025.06107	44.16525
2025.17046	19.64291
2025.27987	3.81214
2025.38928	1.97378
2025.4987	7.09196
2025.60813	14.21228
2025.71756	25.23755
2025.82701	37.98977
2025.93647	41.65707
2026.04593	29.0976
2026.1554	8.42323
2026.26489	0
2026.37438	0
2026.48388	0
2026.59338	2.43E-4
2026.7029	2.58083
2026.81243	22.50574
2026.92196	38.78329
2027.03151	33.71379
2027.14106	12.48346
2027.25062	0
2027.36019	0
2027.46977	1E-6
2027.57936	0.00804
2027.68896	2.16043
2027.79856	11.48401
2027.90818	18.42336
2028.0178	14.0697
2028.12744	1.30744
2028.23708	0
2028.34673	0
2028.45639	0
2028.56606	0
2028.67573	0
2028.78542	0.00154
2028.89512	13.53969
2029.00482	26.6352
2029.11453	24.38711
2029.22426	11.08002
2029.33399	0.10756
2029.44373	0
2029.55347	1.17E-4
2029.66323	1.02773
2029.773	14.07633
2029.88277	26.78582
2029.99256	25.94028
2030.10235	9.79947
2030.21215	0
2030.32196	0
2030.43178	0
2030.54161	0
2030.65145	3.3E-5
2030.7613	0.28796
2030.87115	13.94413
2030.98102	18.76342
2031.09089	9.50094
2031.20077	0
2031.31066	0
2031.42056	0
2031.53047	0
2031.64039	0
2031.75032	6.35E-4
2031.86025	5.58847
2031.9702	11.69309
2032.08015	5.63387
2032.19011	0
2032.30009	0
2032.41007	0
2032.52005	0
2032.63005	2.35E-4
2032.74006	2.07593
2032.85008	27.32733
2032.9601	53.21868
2033.07014	52.90888
2033.18018	26.47182
2033.29023	3.72914
2033.40029	5.17261
2033.51036	16.83592
2033.62044	14.04771
2033.73053	0.43768
2033.84062	0.72075
2033.95073	20.04604
2034.06084	34.07169
2034.17097	29.07063
2034.2811	12.91434
2034.39124	2.52434
2034.50139	6.48648
2034.61155	21.72206
2034.72172	39.40243
2034.83189	49.4865
2034.94208	45.19958
2035.05228	28.6006
2035.16248	9.72377
2035.27269	0
2035.38291	0
2035.49314	3.54E-4
2035.60338	2.84511
2035.71363	16.79101
2035.82389	31.83707
2035.93416	38.70179
2036.04443	32.6781
2036.15472	18.68304
2036.26501	5.58574
2036.37531	0
2036.48562	3.71E-4
2036.59594	2.68119
2036.70627	17.31236
2036.81661	32.4566
2036.92696	33.59592
2037.03732	16.64933
2037.14768	0
2037.25805	0
2037.36844	0
2037.47883	0
2037.58923	0
2037.69964	0.0026
2037.81006	18.75585
2037.92049	31.87612
2038.03092	22.02534
2038.14137	2.03401
2038.25183	0
2038.36229	0
2038.47276	0
2038.58324	0
2038.69373	4.58E-4
2038.80423	3.29894
2038.91474	18.5657
2039.02526	19.7834
2039.13579	8.32628
2039.24632	0.4824
2039.35687	3.25785
2039.46742	10.745
2039.57798	14.46989
2039.68856	18.77508
2039.79914	30.07707
2039.90973	42.49172
2040.02033	43.77792
2040.13093	30.3127
2040.24155	11.81659
2040.35218	0.48163
2040.46281	6.62E-4
2040.57345	4.67408
2040.68411	20.88359
2040.79477	42.6771
2040.90544	55.24486
2041.01612	44.95128
2041.12681	18.41897
2041.2375	0
2041.34821	0
2041.45893	0
2041.56965	0
2041.68039	0
2041.79113	0.00147
2041.90188	9.44016
2042.01264	16.71002
2042.12341	15.35294
2042.23419	12.91372
2042.34498	12.39613
2042.45577	7.66411
2042.56658	0
2042.67739	6.56E-4
2042.78822	4.20632
2042.89905	16.97296
2043.00989	19.96111
2043.12074	10.60506
2043.2316	0.01148
2043.34247	0
2043.45335	0
2043.56424	1.16E-4
2043.67513	0.74446
2043.78604	9.8812
2043.89695	19.90251
2044.00788	21.95388
2044.11881	15.23049
2044.22975	6.85986
2044.3407	2.79042
2044.45166	1.49876
2044.56263	1.12064
2044.6736	9.80318
2044.78459	32.97904
2044.89559	57.03525
2045.00659	59.36705
2045.1176	36.07354
2045.22863	7.10078
2045.33966	0
2045.4507	0
2045.56175	0
2045.67281	0
2045.78387	1.81E-4
2045.89495	1.10397
2046.00604	4.41072
2046.11713	0
2046.22823	0
2046.33935	0
2046.45047	0
2046.5616	0
2046.67274	0.00283
2046.78389	17.30041
2046.89505	38.9874
2047.00622	49.96991
2047.11739	43.1189
2047.22858	24.78748
2047.33977	7.82471
2047.45098	0.93442
2047.56219	4.32333
2047.67341	15.34267
2047.78464	30.33492
2047.89588	45.10115
2048.00713	54.2156
2048.11839	53.85996
2048.22965	44.5677
2048.34093	29.90681
2048.45221	14.20552
2048.56351	3.04047
2048.67481	1.98449
2048.78612	10.14373
2048.89745	17.81659
2049.00878	16.37212
2049.12012	8.39943
2049.23146	2.50999
2049.34282	0.60995
2049.45419	1.3E-5
2049.56556	0.08004
2049.67695	15.78038
2049.78834	43.96356
2049.89975	61.71702
2050.01116	52.39341
2050.12258	25.93277
2050.23401	4.28297
2050.34545	0
2050.4569	0
2050.56835	0.0012
2050.67982	6.76454
2050.7913	25.9705
2050.90278	42.30607
2051.01428	39.5463
2051.12578	19.8237
2051.23729	0.28459
2051.34881	0
2051.46034	0
2051.57188	0
2051.68343	0.0029
2051.79499	16.01875
2051.90655	41.63565
2052.01813	53.48887
2052.12972	42.7422
2052.24131	20.8338
2052.35291	4.23705
2052.46452	0
2052.57615	4.9E-4
2052.68778	2.66386
2052.79942	19.41894
2052.91106	40.42209
2053.02272	43.80333
2053.13439	23.42727
2053.24606	4.26672
2053.35775	12.95379
2053.46944	42.44273
2053.58115	57.34669
2053.69286	37.33776
2053.80458	2.73081
2053.91631	0.00167
2054.02805	8.12821
2054.1398	20.01131
2054.25156	15.69285
2054.36333	2.12394
2054.4751	0
2054.58689	8.15E-4
2054.69868	3.95389
2054.81049	2.02435
2054.9223	3.56E-4
2055.03412	1.72795
2055.14595	10.75017
2055.25779	12.27315
2055.36964	5.05046
2055.4815	0
2055.59337	1.56E-4
2055.70524	0.75547
2055.81713	1.35529
2055.92902	0
2056.04093	0
2056.15284	1.57E-4
2056.26476	0.76274
2056.37669	0.61145
2056.48863	0
2056.60058	0
2056.71254	0
2056.82451	1.63E-4
2056.93649	0.78884
2057.04847	3.41089
2057.16047	1.90388
2057.27247	0
2057.38449	0
2057.49651	0
2057.60854	3.19E-4
2057.72058	1.5462
2057.83263	12.17413
2057.94469	22.0666
2058.05676	22.40526
2058.16884	12.52197
2058.28093	1.29121
2058.39302	0.00454
2058.50513	22.11062
2058.61724	0
2058.72937	0.00916
2058.8415	44.46517
2058.95364	255.70544
2059.06579	484.94489
2059.17795	676.81779
2059.29012	565.4197
2059.4023	335.00027
2059.51449	150.32124
2059.62669	94.34773
2059.73889	82.95341
2059.85111	117.47564
2059.96333	316.19229
2060.07556	592.41606
2060.18781	846.23886
2060.30006	712.26037
2060.41232	406.30505
2060.52459	143.17395
2060.63687	21.21469
2060.74916	0
2060.86146	0.01374
2060.97376	64.51721
2061.08608	176.31653
2061.19841	228.45382
2061.31074	153.02731
2061.42308	46.51729
2061.53544	0
2061.6478	0
2061.76017	27.76421
2061.87255	165.16073
2061.98494	344.14759
2062.09734	420.68366
2062.20975	296.33978
2062.32216	166.99777
2062.43459	117.33854
2062.54703	44.25894
2062.65947	69.55658
2062.77192	106.18696
2062.88439	77.33437
2062.99686	65.04
2063.10934	137.70952
2063.22183	182.79912
2063.33433	95.58223
2063.44684	0
2063.55936	0
2063.67189	6.3E-5
2063.78442	0.34443
2063.89697	280.32656
2064.00953	636.03138
2064.12209	1000.76525
2064.23466	884.62534
2064.34725	516.50464
2064.45984	222.23433
2064.57244	154.85238
2064.68505	148.5094
2064.79767	169.94074
2064.9103	444.6739
2065.02294	900.51345
2065.13558	1362.17029
2065.24824	1195.35246
2065.36091	696.72469
2065.47358	264.95913
2065.58627	121.2739
2065.69896	126.28529
2065.81166	129.12458
2065.92437	215.63353
2066.0371	460.17419
2066.14983	705.30466
2066.26257	684.13474
2066.37531	424.90778
2066.48807	150.37082
2066.60084	18.36604
2066.71362	6.44229
2066.8264	26.52928
2066.9392	76.29442
2067.052	199.6936
2067.16481	303.09137
2067.27764	261.00885
2067.39047	131.67118
2067.50331	5.48426
2067.61616	0
2067.72902	8.77E-4
2067.84189	3.69391
2067.95477	27.21206
2068.06765	67.29036
2068.18055	88.95697
2068.29346	67.28751
2068.40637	28.43563
2068.5193	10.4076
2068.63223	4.34744
2068.74517	3.62678
2068.85812	0
2068.97108	5E-6
2069.08406	0.02066
2069.19704	5.30853
2069.31002	8.02759
2069.42302	2.64806
2069.53603	0
2069.64905	0
2069.76207	0
2069.87511	0
2069.98815	2.24E-4
2070.10121	0.86732
2070.21427	4.78591
2070.32734	3.47282
2070.44042	0
2070.55351	0
2070.66662	0
2070.77972	0
2070.89284	0
2071.00597	0
2071.11911	7.4E-4
2071.23226	2.88295
2071.34541	13.31236
2071.45858	12.78172
2071.57175	1.87905
2071.68493	0
2071.79813	6.93E-4
2071.91133	2.69918
2072.02454	7.21226
2072.13776	5.48156
2072.25099	0.68997
2072.36423	0
2072.47748	2.45E-4
2072.59074	0.9579
2072.704	9.18687
2072.81728	14.38204
2072.93057	15.54642
2073.04386	19.56425
2073.15717	27.90276
2073.27048	30.78231
2073.3838	20.11617
2073.49713	2.74681
2073.61048	0.00293
2073.72383	11.39101
2073.83719	36.61021
2073.95056	50.99594
2074.06393	44.27795
2074.17732	25.05412
2074.29072	8.99524
2074.40413	3.81537
2074.51754	5.97157
2074.63097	9.1261
2074.7444	9.82E-4
2074.85785	3.77545
2074.9713	63.63756
2075.08476	76.37849
2075.19823	34.38534
2075.31171	0.00559
2075.4252	21.39442
2075.5387	67.15258
2075.65221	44.32693
2075.76573	7.88919
2075.87926	7.0719
2075.99279	83.19528
2076.10634	129.33453
2076.2199	131.03356
2076.33346	74.7722
2076.44703	10.19903
2076.56062	0
2076.67421	0.00133
2076.78781	4.90982
2076.90142	0
2077.01505	4.7E-5
2077.12868	0.17681
2077.24231	6.92389
2077.35596	1.24602
2077.46962	0.00267
2077.58329	9.85455
2077.69697	30.65053
2077.81065	35.98288
2077.92435	22.28117
2078.03805	5.71194
2078.15177	0.34747
2078.26549	0.45146
2078.37922	0
2078.49296	0.00106
2078.60671	3.79682
2078.72048	11.284
2078.83425	15.2173
2078.94802	13.99473
2079.06181	10.26978
2079.17561	6.13117
2079.28942	2.2273
2079.40324	0.17623
2079.51706	4.68E-4
2079.6309	1.68442
2079.74474	11.06667
2079.8586	29.70587
2079.97246	74.32334
2080.08633	110.69176
2080.20021	104.018
2080.31411	62.17147
2080.42801	25.63994
2080.54192	0
2080.65584	8.14E-4
2080.76977	2.89786
2080.8837	39.03628
2080.99765	71.22275
2081.11161	59.87493
2081.22557	44.12065
2081.33955	23.50034
2081.45354	8.1351
2081.56753	0.98039
2081.68153	0.11118
2081.79555	7.77516
2081.90957	25.58803
2082.0236	49.83837
2082.13764	69.1407
2082.25169	70.41466
2082.36575	50.9263
2082.47982	23.68076
2082.5939	7.24512
2082.70799	9.04532
2082.82209	20.98362
2082.93619	30.77826
2083.05031	32.74669
2083.16444	27.07384
2083.27857	15.52107
2083.39272	1.62764
2083.50687	0
2083.62103	5.76E-4
2083.73521	1.9276
2083.84939	7.85725
2083.96358	10.82026
2084.07778	10.16913
2084.19199	6.11439
2084.30621	0.72464
2084.42044	0
2084.53468	0
2084.64892	1.51E-4
2084.76318	0.51449
2084.87745	8.21465
2084.99172	14.38556
2085.10601	15.76893
2085.2203	18.42972
2085.33461	29.97304
2085.44892	0
2085.56324	0
2085.67758	6.09E-4
2085.79192	2.07086
2085.90627	115.98094
2086.02063	228.41386
2086.135	289.92724
2086.24938	207.43668
2086.36377	111.39151
2086.47816	49.94036
2086.59257	39.19488
2086.70699	37.8798
2086.82142	63.07843
2086.93585	148.00559
2087.0503	257.74997
2087.16475	317.794
2087.27921	239.36856
2087.39369	136.36883
2087.50817	53.95562
2087.62266	34.67778
2087.73716	41.6521
2087.85168	61.36739
2087.9662	104.49313
2088.08073	160.6037
2088.19527	181.96377
2088.30981	140.30788
2088.42437	70.83574
2088.53894	20.15471
2088.65352	2.62115
2088.7681	10.72672
2088.8827	14.12731
2088.9973	26.05662
2089.11192	46.92526
2089.22654	76.31956
2089.34118	54.14555
2089.45582	16.19074
2089.57047	0.00501
2089.68513	16.05545
2089.79981	29.71172
2089.91449	39.29559
2090.02918	37.29235
2090.14388	27.10961
2090.25859	14.22342
2090.3733	2.47824
2090.48803	0
2090.60277	0
2090.71752	0
2090.83227	0.00133
2090.94704	4.16441
2091.06181	6.49952
2091.1766	1.41592
2091.29139	0
2091.4062	0
2091.52101	0
2091.63583	7.5E-5
2091.75066	0.23854
2091.86551	13.23961
2091.98036	28.83614
2092.09522	37.61902
2092.21009	36.07225
2092.32497	27.69238
2092.43985	16.76503
2092.55475	6.87294
2092.66966	4.22934
2092.78458	13.14697
2092.8995	25.96616
2093.01444	26.63897
2093.12939	10.33007
2093.24434	0
2093.3593	0
2093.47428	0
2093.58926	0
2093.70426	0.00266
2093.81926	8.14544
2093.93427	39.58741
2094.04929	68.42969
2094.16432	67.69577
2094.27936	36.95892
2094.39441	4.12608
2094.50947	0
2094.62454	0
2094.73962	0.00165
2094.85471	5.00201
2094.9698	33.77813
2095.08491	103.87564
2095.20003	91.37976
2095.31515	44.99331
2095.43029	0.34448
2095.54543	0
2095.66058	0.01361
2095.77575	40.85302
2095.89092	52.82359
2096.0061	60.57973
2096.1213	63.13343
2096.2365	56.56773
2096.35171	41.75995
2096.46693	15.08478
2096.58216	0
2096.6974	0
2096.81265	0.01812
2096.92791	53.87789
2097.04317	53.27894
2097.15845	26.79657
2097.27374	1.60836
2097.38904	0.82671
2097.50434	14.77365
2097.61966	15.76461
2097.73498	0.00152
2097.85032	4.46396
2097.96566	37.14036
2098.08101	67.03904
2098.19638	66.56401
2098.31175	36.09627
2098.42713	4.89507
2098.54252	0.00295
2098.65793	8.39267
2098.77334	17.67676
2098.88876	11.70933
2099.00419	0.1874
2099.11963	0
2099.23507	0
2099.35053	0
2099.466	0.00205
2099.58148	5.84126
2099.69696	23.00617
2099.81246	31.23472
2099.92797	23.57611
2100.04348	8.32107
2100.15901	0
2100.27454	0
2100.39009	7.47E-4
2100.50564	2.13817
2100.6212	13.3412
2100.73678	24.84091
2100.85236	29.49196
2100.96795	24.28755
2101.08355	12.98948
2101.19916	1.97832
2101.31478	0
2101.43041	0
2101.54605	0
2101.6617	0.00295
2101.77736	8.33734
2101.89303	23.54007
2102.00871	39.15524
2102.12439	46.08626
2102.24009	39.72826
2102.3558	24.46461
2102.47151	9.47252
2102.58724	2.4289
2102.70297	6.25045
2102.81872	17.03902
2102.93447	24.7528
2103.05024	21.31863
2103.16601	9.73976
2103.28179	0.90027
2103.39758	0.45877
2103.51339	0.20228
2103.6292	0
2103.74502	0
2103.86085	0
2103.97669	0
2104.2084	0
2104.32427	0
2104.44015	0
2104.55603	0
2104.67193	0.00181
2104.78784	4.98854
2104.90375	28.39139
2105.01968	44.61714
2105.13562	37.97658
2105.25156	15.42796
2105.36752	0
2105.48348	0
2105.59946	0
2105.71544	0
2105.83143	0.00517
2105.94744	13.95841
2106.06345	30.31087
2106.17947	29.7649
2106.2955	14.35821
2106.41154	1.30413
2106.5276	1.6906
2106.64366	10.89157
2106.75973	19.85752
2106.87581	25.96738
2106.9919	31.06471
2107.10799	38.21016
2107.2241	52.12636
2107.34022	3.02384
2107.45635	0
2107.57249	0.00253
2107.68863	6.82105
2107.80479	123.76913
2107.92095	319.30798
2108.03713	544.27792
2108.15332	613.34966
2108.26951	425.20079
2108.38572	227.33922
2108.50193	78.98135
2108.61815	41.03509
2108.73439	79.27561
2108.85063	245.68996
2108.96688	463.59099
2109.08314	699.61971
2109.19942	642.70995
2109.3157	390.13325
2109.43199	177.99449
2109.54829	53.83363
2109.6646	35.06619
2109.78092	75.90594
2109.89725	190.57371
2110.01359	337.92187
2110.12994	428.37185
2110.24629	344.2336
2110.36266	195.42539
2110.47904	62.94668
2110.59543	4.6148
2110.71182	2.01761
2110.82823	47.66704
2110.94465	123.54513
2111.06107	205.51955
2111.17751	214.51884
2111.29395	134.17565
2111.41041	53.17742
2111.52687	0
2111.64335	0.00508
2111.75983	13.12626
2111.87632	51.0825
2111.99283	90.4371
2112.10934	111.01213
2112.22586	90.34667
2112.34239	51.57203
2112.45893	13.88842
2112.57548	0.00273
2112.69205	7.00465
2112.80862	51.3986
2112.9252	67.16088
2113.04179	62.28784
2113.15838	42.78359
2113.27499	19.64905
2113.39161	1.18658
2113.50824	0
2113.62488	0
2113.74153	0
2113.85818	0
2113.97485	0
2114.09153	0
2114.20821	0
2114.32491	1.6E-5
2114.44161	0.04059
2114.55833	0
2114.67505	0
2114.79179	2.74E-4
2114.90853	0.68385
2115.02529	5.93945
2115.14205	6.99293
2115.25882	3.89354
2115.37561	0.18798
2115.4924	3.96E-4
2115.6092	0.99412
2115.72601	13.6504
2115.84283	35.70665
2115.95967	78.31721
2116.07651	94.71691
2116.19336	46.33278
2116.31022	27.06405
2116.42709	13.88014
2116.54397	10.86263
2116.66086	10.16554
2116.77775	0.00649
2116.89466	15.73954
2117.01158	69.33584
2117.12851	57.95987
2117.24545	21.60445
2117.3624	0
2117.47935	0.00257
2117.59632	6.19332
2117.7133	1.07178
2117.83028	1.11E-4
2117.94728	0.28295
2118.06428	23.9322
2118.1813	40.6301
2118.29832	36.49692
2118.41536	19.49459
2118.5324	4.97025
2118.64946	1.17846
2118.76652	8.08177
2118.88359	21.09178
2119.00068	31.46806
2119.11777	29.67017
2119.23487	14.75897
2119.35198	0
2119.46911	0
2119.58624	0
2119.70338	0
2119.82053	0
2119.93769	0.00357
2120.05486	8.54532
2120.17204	17.61948
2120.28923	14.12606
2120.40643	2.80188
2120.52364	0
2120.64086	0
2120.75809	0
2120.87533	0.00605
2120.99258	14.49053
2121.10983	41.776
2121.2271	61.10775
2121.34438	49.21413
2121.46167	0
2121.57896	0
2121.69627	0.00703
2121.81359	16.7139
2121.93091	80.38408
2122.04825	154.9263
2122.16559	186.30996
2122.28295	124.5978
2122.40031	63.19821
2122.51769	12.81763
2122.63507	4.61024
2122.75247	26.30411
2122.86987	74.29728
2122.98729	131.42247
2123.10471	156.03773
2123.22214	112.46148
2123.33959	56.04779
2123.45704	17.29104
2123.5745	8.76125
2123.69197	22.91607
2123.80945	75.67867
2123.92695	155.31265
2124.04445	248.0095
2124.16196	257.68526
2124.27948	172.5554
2124.39701	88.31791
2124.51455	24.77727
2124.6321	2.02676
2124.74966	22.15379
2124.86723	85.33934
2124.98481	159.94869
2125.1024	197.04124
2125.22	135.38218
2125.33761	65.1374
2125.45523	6.01024
2125.57285	7.15E-4
2125.69049	1.66365
2125.80814	36.53399
2125.9258	77.29269
2126.04347	102.37585
2126.16114	81.51155
2126.27883	34.13894
2126.39653	14.64135
2126.51423	6.44084
2126.63195	9.23608
2126.74967	23.88408
2126.86741	41.45656
2126.98516	52.24401
2127.10291	52.26702
2127.22068	44.51212
2127.33845	33.20873
2127.45624	20.29373
2127.57403	10.4434
2127.69183	13.38249
2127.80965	32.03813
2127.92747	51.0801
2128.04531	48.90585
2128.16315	23.49767
2128.281	0
2128.39887	1.29E-4
2128.51674	0.28731
2128.63462	2.52764
2128.75251	0
2128.87042	0
2128.98833	0.00714
2129.10625	15.97137
2129.22418	39.42486
2129.34212	5.13422
2129.46007	5.33E-4
2129.57803	1.21795
2129.696	59.17913
2129.81398	233.56577
2129.93198	485.31113
2130.04998	776.95126
2130.16799	809.86618
2130.286	528.75526
2130.40403	268.69576
2130.52207	81.28226
2130.64012	52.02779
2130.75818	144.10632
2130.87625	405.54759
2130.99433	698.29273
2131.11242	917.0799
2131.23052	706.99562
2131.34862	410.23611
2131.46674	143.9995
2131.58487	43.85825
2131.70301	60.31978
2131.82115	206.06408
2131.93931	417.59282
2132.05748	632.34321
2132.17566	610.72419
2132.29384	380.17226
2132.41204	178.03677
2132.53024	39.84888
2132.64846	5.25807
2132.76669	35.89251
2132.88492	131.33556
2133.00317	244.39388
2133.12142	302.50442
2133.23969	228.86519
2133.35796	123.57979
2133.47625	35.30503
2133.59454	8.63469
2133.71285	19.39302
2133.83116	65.98314
2133.94949	119.35185
2134.06782	155.64611
2134.18617	126.95773
2134.30452	67.63087
2134.42288	20.16799
2134.54126	0
2134.65964	0.00691
2134.77803	14.90204
2134.89644	50.09056
2135.01485	86.22029
2135.13327	96.01652
2135.2517	51.83074
2135.37015	25.86314
2135.4886	8.11203
2135.60706	5.20012
2135.72553	16.72297
2135.84402	35.04735
2135.96251	46.86876
2136.08101	44.41624
2136.19952	29.63922
2136.31804	12.37286
2136.43657	1.51429
2136.55511	3.99E-4
2136.67366	0.85181
2136.79223	9.8664
2136.9108	27.13075
2137.02938	46.52409
2137.14797	54.06335
2137.26657	42.03833
2137.38518	19.01263
2137.5038	1.06276
2137.62243	0.03166
2137.74107	10.10237
2137.85972	30.31908
2137.97838	53.06668
2138.09705	90.23131
2138.21573	61.68208
2138.33441	17.27263
2138.45311	0
2138.57182	0
2138.69054	0
2138.80927	0.0247
2138.92801	51.63053
2139.04676	48.70011
2139.16552	24.72565
2139.28428	1.36655
2139.40306	6.58678
2139.52185	15.65329
2139.64065	5.84253
2139.75946	0.00512
2139.87827	10.6652
2139.9971	50.04571
2140.11594	72.78186
2140.23479	55.64368
2140.35364	19.6589
2140.47251	0
2140.59139	0
2140.71028	0
2140.82917	0.00199
2140.94808	4.0596
2141.067	22.25172
2141.18592	29.41174
2141.30486	18.36614
2141.42381	3.08511
2141.54276	1.92E-4
2141.66173	0.39246
2141.7807	2.44892
2141.89969	6.61863
2142.01869	15.8595
2142.13769	24.81521
2142.25671	24.42274
2142.37573	13.6404
2142.49477	2.68892
2142.61382	4.32815
2142.73287	22.15409
2142.85194	45.55657
2142.97101	56.86057
2143.0901	47.14661
2143.20919	25.06756
2143.3283	6.56443
2143.44741	0.26192
2143.56654	1.51725
2143.68567	8.34305
2143.80482	23.35601
2143.92397	45.6652
2144.04314	103.03447
2144.16231	99.48265
2144.2815	59.72473
2144.40069	21.37284
2144.5199	0
2144.63911	0.00641
2144.75834	12.90386
2144.87757	27.58395
2144.99681	41.45845
2145.11607	56.75362
2145.23533	84.8511
2145.35461	55.51014
2145.47389	16.70408
2145.59318	3.24163
2145.71249	61.92128
2145.8318	140.56042
2145.95113	209.63218
2146.07046	192.07213
2146.1898	123.5771
2146.30916	55.42205
2146.42852	22.6225
2146.5479	19.75048
2146.66728	25.95563
2146.78667	76.10651
2146.90608	147.89256
2147.02549	229.97259
2147.14491	222.5063
2147.26435	134.62227
2147.38379	61.11001
2147.50324	13.37844
2147.62271	5.2886
2147.74218	20.36421
2147.86166	69.54527
2147.98116	133.43654
2148.10066	184.99275
2148.22017	148.7032
2148.3397	82.29279
2148.45923	19.84735
2148.57877	0.00555
2148.69833	10.96031
2148.81789	50.07161
2148.93746	93.16905
2149.05705	131.2921
2149.17664	117.87553
2149.29624	67.65426
2149.41585	23.8637
2149.53548	0
2149.65511	0
2149.77475	0.01831
2149.89441	35.67291
2150.01407	74.24837
2150.13374	86.79472
2150.25342	46.47946
2150.37312	27.69813
2150.49282	11.81054
2150.61253	3.17191
2150.73226	4.50565
2150.85199	15.6617
2150.97173	33.13007
2151.09148	54.00634
2151.21125	72.23669
2151.33102	42.16265
2151.4508	15.47759
2151.5706	21.19843
2151.6904	95.55901
2151.81021	317.2416
2151.93004	603.71388
2152.04987	894.5681
2152.16971	835.05451
2152.28956	514.50129
2152.40943	236.33579
2152.5293	61.6053
2152.64918	54.53267
2152.76908	220.35277
2152.88898	513.52741
2153.00889	869.03152
2153.12882	978.11812
2153.24875	663.63029
2153.36869	362.88514
2153.48864	118.96528
2153.60861	56.42386
2153.72858	107.14171
2153.84856	291.40209
2153.96856	511.23434
2154.08856	661.85137
2154.20857	533.71424
2154.3286	306.32869
2154.44863	109.88006
2154.56867	26.31878
2154.68873	30.99525
2154.80879	114.40142
2154.92886	241.95556
2155.04895	362.91134
2155.16904	366.39723
2155.28914	247.17003
2155.40926	131.04775
2155.52938	42.97985
2155.64952	16.67635
2155.76966	40.8016
2155.88981	99.50877
2156.00998	156.98021
2156.13015	164.7266
2156.25033	99.51024
2156.37053	31.57327
2156.49073	0
2156.61095	0.00349
2156.73117	6.53328
2156.85141	54.71977
2156.97165	102.88917
2157.0919	122.96292
2157.21217	97.88146
2157.33244	41.36048
2157.45273	16.05561
2157.57302	6.48076
2157.69333	9.70274
2157.81364	25.99542
2157.93397	45.33536
2158.0543	55.87327
2158.17465	51.05867
2158.295	33.46403
2158.41537	13.08561
2158.53574	0.07195
2158.65613	2.27E-4
2158.77652	0.42038
2158.89693	8.98982
2159.01734	20.13045
2159.13777	27.28761
2159.2582	23.98548
2159.37865	12.2022
2159.4991	4.15186
2159.61957	11.11566
2159.74004	31.6354
2159.86053	52.66595
2159.98103	60.87547
2160.10153	51.9615
2160.22205	31.68837
2160.34258	10.63483
2160.46311	0
2160.58366	0.00213
2160.70421	3.86266
2160.82478	13.97531
2160.94536	21.91533
2161.06594	21.94389
2161.18654	13.93397
2161.30715	4.20615
2161.42777	0
2161.54839	0.00121
2161.66903	2.18914
2161.78968	12.12733
2161.91033	29.88937
2162.031	50.02864
2162.15168	82.78821
2162.27237	49.46718
2162.39307	14.75578
2162.51377	0
2162.63449	0
2162.75522	0.02508
2162.87596	44.86459
2162.99671	41.49363
2163.11746	14.33869
2163.23823	0.00114
2163.35901	2.05043
2163.4798	17.37662
2163.6006	19.37452
2163.72141	11.20108
2163.84223	24.74855
2163.96306	55.65153
2164.0839	91.51033
2164.20475	73.43549
2164.32561	27.20734
2164.44648	2.97789
2164.56736	4.23E-4
2164.68825	0.75416
2164.80915	8.47576
2164.93006	30.79542
2165.05098	61.13951
2165.17191	76.56678
2165.29285	38.45472
2165.4138	0
2165.53476	0.00376
2165.65573	6.65998
2165.77671	29.59188
2165.8977	46.39529
2166.01871	62.47712
2166.13972	71.4476
2166.26074	64.72466
2166.38177	41.68981
2166.50281	16.52075
2166.62387	8.69145
2166.74493	24.28834
2166.866	49.40701
2166.98708	64.62236
2167.10818	63.44507
2167.22928	52.77381
2167.35039	1.5181
2167.47152	0
2167.59265	5.49016
2167.71379	49.02905
2167.83495	112.39401
2167.95611	160.71538
2168.07728	144.90833
2168.19847	92.21243
2168.31966	38.25974
2168.44087	6.8534
2168.56208	0
2168.68331	0.02122
2168.80454	36.92277
2168.92579	92.206
2169.04704	145.45676
2169.16831	137.70308
2169.28958	85.27167
2169.41087	37.17431
2169.53217	10.62217
2169.65347	15.14259
2169.77479	45.22391
2169.89612	118.05416
2170.01745	217.86939
2170.1388	287.90584
2170.26016	253.24432
2170.38152	161.48041
2170.5029	75.241
2170.62429	28.81794
2170.74569	41.2124
2170.86709	118.88499
2170.98851	207.38871
2171.10994	271.13884
2171.23138	198.4528
2171.35283	106.37442
2171.47429	19.09249
2171.59576	0.01146
2171.71724	19.73746
2171.83873	93.77996
2171.96023	171.43812
2172.08174	233.09512
2172.20326	195.99222
2172.32479	120.17181
2172.44633	51.64535
2172.56788	21.94325
2172.68944	21.12823
2172.81101	29.16469
2172.93259	37.45733
2173.05418	46.13651
2173.17578	79.21847
2173.2974	53.32723
2173.41902	18.3748
2173.54065	0.00624
2173.66229	10.65152
2173.78395	105.7014
2173.90561	249.10238
2174.02728	403.20766
2174.14897	412.08667
2174.27066	265.76593
2174.39236	130.17926
2174.51408	37.85047
2174.6358	35.68986
2174.75754	125.97103
2174.87928	277.72636
2175.00104	463.0739
2175.1228	502.38022
2175.24458	328.83128
2175.36636	167.28356
2175.48816	51.72152
2175.60996	40.77196
2175.73178	98.24286
2175.85361	210.59511
2175.97544	340.69528
2176.09729	397.68297
2176.21915	293.84232
2176.34102	165.97845
2176.46289	55.32574
2176.58478	16.94366
2176.70668	33.16654
2176.82859	108.51555
2176.95051	188.62277
2177.07244	238.94615
2177.19438	181.39903
2177.31632	94.07288
2177.43828	22.74591
2177.56025	0.0415
2177.68223	1.52929
2177.80423	14.89402
2177.92623	50.89246
2178.04824	97.39467
2178.17026	123.83852
2178.29229	104.60953
2178.41433	58.17203
2178.53638	18.94338
2178.65845	5.20934
2178.78052	32.10244
2178.9026	62.64382
2179.02469	54.30907
2179.1468	48.95309
2179.26891	39.5161
2179.39103	25.72277
2179.51317	11.95792
2179.63531	10.69288
2179.75747	29.45752
2179.87963	61.95449
2180.00181	83.63991
2180.12399	77.53285
2180.24619	49.64352
2180.36839	20.72836
2180.49061	6.37443
2180.61284	6.68412
2180.73507	16.89351
2180.85732	31.73278
2180.97958	43.92529
2181.10185	44.71468
2181.22412	31.88099
2181.34641	13.52815
2181.46871	0.54023
2181.59102	0.00276
2181.71334	4.47222
2181.83567	17.21489
2181.95801	29.14996
2182.08036	32.37543
2182.20272	24.65972
2182.32509	11.7153
2182.44747	1.02109
2182.56986	0
2182.69226	0.00741
2182.81467	11.9657
2182.93709	29.71682
2183.05953	39.46347
2183.18197	33.49763
2183.30442	17.59869
2183.42689	2.6695
2183.54936	0.56798
2183.67184	8.17317
2183.79434	26.87439
2183.91684	66.43278
2184.03936	104.97407
2184.16188	81.90401
2184.28442	41.81351
2184.40696	2.18786
2184.52952	0.01146
2184.65208	18.2996
2184.77466	33.36163
2184.89725	49.82119
2185.01985	61.81775
2185.14245	65.23617
2185.26507	56.47081
2185.3877	37.00451
2185.51034	0
2185.63299	0.0105
2185.75565	16.69017
2185.87831	51.86768
2186.00099	88.955
2186.12368	68.83128
2186.24638	38.33284
2186.3691	19.23599
2186.49182	6.64896
2186.61455	5.02349
2186.73729	16.8334
2186.86004	40.98297
2186.9828	60.74314
2187.10558	59.53087
2187.22836	38.70133
2187.35115	15.45645
2187.47396	4.56777
2187.59677	9.4986
2187.7196	28.16879
2187.84243	55.08004
2187.96528	76.37411
2188.08813	61.05652
2188.211	5.45338
2188.33387	0
2188.45676	0.00955
2188.57966	14.9376
2188.70257	18.4282
2188.82548	23.53094
2188.94841	38.71864
2189.07135	89.09507
2189.1943	95.46278
2189.31726	62.66722
2189.44023	27.73047
2189.56321	78.69036
2189.6862	144.27028
2189.8092	207.67101
2189.93221	209.6202
2190.05523	168.8289
2190.17826	116.09587
2190.3013	64.71667
2190.42435	33.2163
2190.54742	34.69238
2190.67049	39.59418
2190.79357	73.01728
2190.91667	125.79849
2191.03977	147.97875
2191.16289	114.19546
2191.28601	56.78047
2191.40915	13.33718
2191.53229	0
2191.65545	7.86446
2191.77862	68.80711
2191.90179	163.70555
2192.02498	246.64159
2192.14818	222.42637
2192.27139	130.98324
2192.3946	56.92407
2192.51783	15.1073
2192.64107	19.72533
2192.76432	79.03215
2192.88758	165.77358
2193.01085	270.43507
2193.13413	283.9226
2193.25742	190.67076
2193.38072	106.35458
2193.50404	41.55928
2193.62736	24.60841
2193.75069	48.21978
2193.87404	108.07717
2193.99739	174.11071
2194.12075	194.8388
2194.24413	133.45187
2194.36751	65.73402
2194.49091	11.8072
2194.61431	8.6E-4
2194.73773	1.32308
2194.86115	28.06903
2194.98459	58.36797
2195.10804	77.20136
2195.2315	60.66206
2195.35496	26.74679
2195.47844	0.03072
2195.60193	0.40598
2195.72543	36.85898
2195.84894	112.77262
2195.97246	197.65636
2196.09599	235.50531
2196.21953	163.48922
2196.34308	88.22664
2196.46665	20.07908
2196.59022	5.67455
2196.7138	39.30418
2196.83739	112.62957
2196.961	197.31831
2197.08461	233.71512
2197.20824	162.85328
2197.33187	88.63708
2197.45552	29.2424
2197.57917	17.03448
2197.70284	35.11642
2197.82651	85.68201
2197.9502	151.60396
2198.0739	199.31565
2198.19761	167.97678
2198.32133	101.83136
2198.44505	38.19846
2198.56879	4.73411
2198.69254	0.43234
2198.8163	38.64359
2198.94007	84.57447
2199.06386	117.84848
2199.18765	91.30351
2199.31145	42.63121
2199.43526	5.1586
2199.55908	0
2199.68292	0.01454
2199.80676	21.58209
2199.93062	58.85693
2200.05448	98.67705
2200.17836	89.04464
2200.30224	48.25399
2200.42614	10.97964
2200.55004	2.54885
2200.67396	27.94511
2200.79789	65.36889
2200.92183	101.42386
2201.04577	109.22974
2201.16973	49.78037
2201.2937	32.63773
2201.41768	16.16379
2201.54167	4.055
2201.66567	0.028
2201.78969	3.27095
2201.91371	11.15986
2202.03774	18.36268
2202.16178	19.49588
2202.28584	13.07648
2202.4099	4.72788
2202.53397	2.01259
2202.65806	5.73647
2202.78215	10.12877
2202.90626	11.91841
2203.03037	13.06717
2203.1545	13.5623
2203.27864	10.29574
2203.40279	4.69556
2203.52694	5.86666
2203.65111	22.58588
2203.77529	59.14197
2203.89948	94.75074
2204.02368	75.23536
2204.14789	52.91392
2204.27211	45.14698
2204.39634	31.84349
2204.52059	14.79871
2204.64484	6.07588
2204.7691	16.01418
2204.89338	39.27501
2205.01766	70.06391
2205.14195	83.09625
2205.26626	48.92715
2205.39058	17.01106
2205.5149	4.42686
2205.63924	11.93528
2205.76359	39.6567
2205.88794	84.593
2206.01231	137.85888
2206.13669	145.55191
2206.26108	87.82688
2206.38548	32.02787
2206.50989	0
2206.63431	0.00659
2206.75874	9.48498
2206.88318	52.20009
2207.00764	94.65823
2207.1321	106.69363
2207.25657	74.96183
2207.38106	40.55618
2207.50555	10.08832
2207.63006	0
2207.75457	0.03245
2207.8791	46.3991
2208.00363	72.41045
2208.12818	80.56496
2208.25274	63.90878
2208.37731	12.29707
2208.50189	0.00817
2208.62647	11.64706
2208.75107	48.31565
2208.87569	91.0352
2209.00031	139.92091
2209.12494	139.14086
2209.24958	91.05882
2209.37423	43.12171
2209.4989	14.32894
2209.62357	18.41375
2209.74825	54.67471
2209.87295	104.12837
2209.99765	159.58518
2210.12237	161.33589
2210.2471	100.09954
2210.37183	46.44514
2210.49658	3.15232
2210.62134	0.01243
2210.74611	17.56433
2210.87089	66.79341
2210.99568	122.92655
2211.12048	136.01048
2211.24529	86.61362
2211.37011	36.64482
2211.49494	5.3187
2211.61978	33.04527
2211.74464	84.2944
2211.8695	143.4984
2211.99438	182.42401
2212.11926	155.93202
2212.24416	93.07513
2212.36906	40.67965
2212.49398	11.77233
2212.61891	2.44944
2212.74384	18.49409
2212.86879	57.43453
2212.99375	99.1384
2213.11872	103.2636
2213.2437	64.02041
2213.36869	19.16527
2213.49369	0.0072
2213.61871	10.08
2213.74373	40.98916
2213.86876	120.37445
2213.99381	217.78803
2214.11886	288.17578
2214.24392	254.43335
2214.369	155.01613
2214.49409	71.81648
2214.61918	27.9594
2214.74429	78.51146
2214.86941	173.63474
2214.99454	286.03866
2215.11968	314.35164
2215.24483	209.73228
2215.36999	110.30939
2215.49516	33.17334
2215.62034	27.8114
2215.74553	82.07623
2215.87073	163.6373
2215.99595	248.74781
2216.12117	251.92811
2216.24641	162.51362
2216.37165	81.226
2216.49691	19.52128
2216.62217	0.25746
2216.74745	25.23258
2216.87274	86.60117
2216.99804	153.55216
2217.12335	159.05027
2217.24867	90.57969
2217.374	29.67278
2217.49934	0.00808
2217.62469	11.13313
2217.75005	59.77568
2217.87542	116.03014
2218.00081	182.10318
2218.1262	179.87369
2218.2516	116.25751
2218.37702	58.94221
2218.50245	19.67425
2218.62788	16.83785
2218.75333	51.26756
2218.87879	102.66666
2219.00426	154.99888
2219.12974	147.62467
2219.25522	87.42858
2219.38073	36.60185
2219.50624	3.28056
2219.63176	3.20888
2219.75729	39.41738
2219.88283	90.35716
2220.00839	146.12823
2220.13395	137.0667
2220.25953	82.23773
2220.38511	34.55468
2220.51071	9.46432
2220.63632	15.05646
2220.76193	48.26862
2220.88756	84.92349
2221.0132	108.57549
2221.13885	80.0729
2221.26451	37.3439
2221.39018	0.1716
2221.51586	0
2221.64155	0.02602
2221.76726	35.04988
2221.89297	83.49088
2222.01869	135.44058
2222.14443	123.21149
2222.27018	72.40714
2222.39593	29.69967
2222.5217	8.31674
2222.64748	20.07098
2222.77326	55.29137
2222.89906	95.84297
2223.02487	128.08015
2223.15069	108.9874
2223.27652	62.91799
2223.40237	23.14245
2223.52822	4.34286
2223.65408	8.37943
2223.77995	40.10619
2223.90584	60.02593
2224.03173	69.5298
2224.15764	65.52592
2224.28356	48.48292
2224.40948	25.25073
2224.53542	9.72268
2224.66137	11.61786
2224.78733	25.83569
2224.9133	38.42246
2225.03928	41.21726
2225.16527	35.85911
2225.29127	26.34554
2225.41729	14.70216
2225.54331	4.81679
2225.66934	4.34225
2225.79539	19.4257
2225.92144	47.43469
2226.04751	74.87232
2226.17359	84.18144
2226.29968	68.734
2226.42577	31.05803
2226.55188	12.88356
2226.678	10.15395
2226.80413	22.26304
2226.93027	35.32219
2227.05643	41.50855
2227.18259	39.25208
2227.30876	28.02281
2227.43495	11.85703
2227.56114	3.5059
2227.68735	15.49712
2227.81356	43.80471
2227.93979	70.24512
2228.06603	82.14061
2228.19228	61.6451
2228.31854	17.58071
2228.44481	0
2228.57109	1.28E-4
2228.69738	0.19046
2228.82368	30.88198
2228.94999	68.10705
2229.07632	83.55489
2229.20265	61.49605
2229.329	34.13562
2229.45535	7.90367
2229.58172	4.77986
2229.7081	26.68267
2229.83449	61.94386
2229.96088	102.41029
2230.08729	101.40103
2230.21371	59.47463
2230.34015	20.31561
2230.46659	8.88625
2230.59304	11.03013
2230.7195	21.83408
2230.84598	28.52582
2230.97246	25.79083
2231.09896	19.03447
2231.22546	9.94027
2231.35198	5.17734
2231.47851	1.99412
2231.60505	7.82531
2231.7316	27.39841
2231.85816	73.54432
2231.98473	104.387
2232.11131	84.55633
2232.2379	42.66123
2232.36451	3.03987
2232.49112	0
2232.61775	0.01917
2232.74438	24.69175
2232.87103	65.83878
2232.99768	106.5628
2233.12435	97.49937
2233.25103	61.70762
2233.37772	29.63301
2233.50442	13.59283
2233.63113	19.09688
2233.75785	44.65654
2233.88459	89.17932
2234.01133	133.59579
2234.13808	136.04932
2234.26485	93.757
2234.39162	44.00457
2234.51841	10.22474
2234.64521	0.01367
2234.77202	17.47723
2234.89884	56.54045
2235.02567	80.12966
2235.15251	56.13225
2235.27936	32.57411
2235.40622	3.67694
2235.53309	0.00945
2235.65998	12.04236
2235.78687	54.26428
2235.91378	105.88319
2236.04069	153.47905
2236.16762	125.7228
2236.29456	72.24792
2236.42151	24.88691
2236.54846	4.60179
2236.67544	13.6704
2236.80242	56.33486
2236.92941	100.78037
2237.05641	125.57186
2237.18342	88.26271
2237.31045	45.04357
2237.43748	6.19312
2237.56453	0.01601
2237.69159	20.22819
2237.81865	53.91585
2237.94573	84.93858
2238.07282	59.77404
2238.19992	29.84608
2238.32703	11.51569
2238.45415	4.87104
2238.58129	5.46348
2238.70843	17.88956
2238.83558	41.57099
2238.96275	67.2218
2239.08992	78.19676
2239.21711	65.28649
2239.34431	36.31329
2239.47152	6.42886
2239.59874	5.26496
2239.72597	33.35519
2239.85321	67.41251
2239.98046	96.50561
2240.10772	69.57161
2240.23499	32.04984
2240.36228	0.12403
2240.48957	0.00218
2240.61688	2.73181
2240.7442	29.01613
2240.87152	60.75126
2240.99886	95.01797
2241.12621	85.13436
2241.25357	53.46929
2241.38094	24.78815
2241.50833	6.95044
2241.63572	9.79672
2241.76312	45.68473
2241.89054	91.2187
2242.01796	123.25887
2242.1454	83.55144
2242.27285	36.07213
2242.4003	0
2242.52777	0.01295
2242.65525	16.05151
2242.78274	50.68088
2242.91024	89.7467
2243.03776	110.94635
2243.16528	82.58825
2243.29281	44.04655
2243.42036	8.17785
2243.54791	1.14E-4
2243.67548	0.16506
2243.80306	29.91999
2243.93065	63.94013
2244.05825	95.92741
2244.18586	55.44004
2244.31348	41.20845
2244.44111	24.34843
2244.56875	10.12213
2244.69641	5.16511
2244.82407	11.06483
2244.95175	27.53391
2245.07943	40.39545
2245.20713	38.9357
2245.33484	25.19728
2245.46256	9.82235
2245.59029	2.89
2245.71803	10.33061
2245.84578	32.73285
2245.97354	61.58283
2246.10132	80.33734
2246.2291	76.37227
2246.3569	52.47553
2246.4847	23.84063
2246.61252	5.08855
2246.74035	1.85539
2246.86819	10.81122
2246.99604	23.08222
2247.1239	28.54389
2247.25177	21.75881
2247.37965	9.19868
2247.50755	4.22597
2247.63545	13.24024
2247.76337	30.30993
2247.89129	43.56486
2248.01923	44.14581
2248.14718	31.16232
2248.27514	11.92192
2248.40311	0
2248.53109	0
2248.65908	0.00338
2248.78708	4.07303
2248.9151	10.05157
2249.04312	14.75649
2249.17116	16.03623
2249.29921	12.52677
2249.42726	6.41855
2249.55533	3.77145
2249.68341	11.58753
2249.8115	35.35652
2249.9396	74.92842
2250.06771	107.40225
2250.19584	80.51513
2250.32397	39.45384
2250.45212	0
2250.58027	0.0058
2250.70844	6.99851
2250.83662	40.43689
2250.96481	74.70244
2251.09301	62.81049
2251.22122	42.52481
2251.34944	23.15082
2251.47767	9.13741
2251.60592	9.12983
2251.73417	27.97197
2251.86244	62.29864
2251.99071	98.51562
2252.119	91.20288
2252.2473	49.67862
2252.37561	13.35062
2252.50393	6.17E-4
2252.63226	0.76943
2252.7606	41.78678
2252.88895	71.87823
2253.01732	80.38321
2253.14569	70.41302
2253.27408	46.81352
2253.40248	17.75842
2253.53089	2.51915
2253.6593	19.42508
2253.78773	47.76425
2253.91618	67.03374
2254.04463	72.20018
2254.17309	62.04598
2254.30157	40.68731
2254.43005	17.30331
2254.55855	5.13475
2254.68705	12.5519
2254.81557	33.84072
2254.9441	52.58045
2255.07264	55.18245
2255.20119	40.70905
2255.32975	20.13226
2255.45833	8.50982
2255.58691	15.29632
2255.7155	37.88303
2255.84411	63.59898
2255.97273	78.79772
2256.10136	76.30742
2256.22999	57.78842
2256.35864	28.41343
2256.4873	2.55881
2256.61598	7.40272
2256.74466	44.56007
2256.87335	69.00414
2257.00206	73.88783
2257.13077	57.69558
2257.2595	33.41511
2257.38824	15.77216
2257.51699	6.51217
2257.64575	12.27666
2257.77452	42.41848
2257.9033	86.9412
2258.03209	125.53844
2258.1609	121.27995
2258.28971	82.74755
2258.41854	42.39009
2258.54738	15.90434
2258.67622	17.856
2258.80508	54.28399
2258.93395	96.4203
2259.06284	112.67701
2259.19173	68.10884
2259.32063	25.38374
2259.44955	0
2259.57847	0.00758
2259.70741	8.84027
2259.83635	44.75391
2259.96531	81.77004
2260.09428	52.77602
2260.22326	32.97273
2260.35225	13.52778
2260.48126	2.84372
2260.61027	0.17597
2260.7393	10.64661
2260.86833	31.64823
2260.99738	53.67899
2261.12644	63.39262
2261.25551	5.80844
2261.38458	0
2261.51368	5.7605
2261.64278	51.77352
2261.77189	121.47972
2261.90102	183.54506
2262.03015	179.40872
2262.1593	122.81455
2262.28845	61.83751
2262.41762	25.53065
2262.5468	20.52177
2262.67599	26.3495
2262.80519	87.47526
2262.93441	160.77753
2263.06363	218.73644
2263.19287	160.16612
2263.32211	85.10099
2263.45137	20.07783
2263.58064	6.41957
2263.70992	26.77958
2263.83921	85.84948
2263.96851	152.84598
2264.09782	197.64572
2264.22714	148.29786
2264.35648	84.34585
2264.48582	30.45083
2264.61518	12.12862
2264.74455	20.90281
2264.87393	60.40139
2265.00332	105.38127
2265.13272	117.35937
2265.26213	73.99526
2265.39155	28.99287
2265.52099	2.95896
2265.65043	11.44111
2265.77989	48.26772
2265.90936	84.80954
2266.03883	108.5907
2266.16832	75.59786
2266.29783	33.32797
2266.42734	0.01042
2266.55686	11.86952
2266.68639	17.06003
2266.81594	34.13299
2266.9455	55.61713
2267.07506	70.36736
2267.20464	67.71074
2267.33423	47.45934
2267.46383	22.06162
2267.59344	5.89662
2267.72307	4.81226
2267.8527	16.08439
2267.98235	32.31366
2268.112	42.68832
2268.24167	37.51151
2268.37135	18.23681
2268.50104	0.09146
2268.63074	0.00584
2268.76045	6.55562
2268.89018	16.04998
2269.01991	15.61692
2269.14966	6.53993
2269.27941	0
2269.40918	0.00741
2269.53896	8.32662
2269.66875	22.17129
2269.79855	30.00109
2269.92836	27.38174
2270.05818	17.91632
2270.18802	6.28369
2270.31786	0.90169
2270.44772	0
2270.57759	0
2270.70747	0.00271
2270.83736	3.02752
2270.96726	9.92431
2271.09717	15.77496
2271.2271	16.79737
2271.35703	11.51072
2271.48698	5.43805
2271.61693	8.93577
2271.7469	21.40605
2271.87688	55.60846
2272.00687	91.05937
2272.13687	79.58251
2272.26689	49.14925
2272.39691	17.98725
2272.52695	7.91238
2272.65699	16.94308
2272.78705	39.7874
2272.91712	61.37641
2273.0472	81.11689
2273.17729	65.5256
2273.30739	32.82815
2273.4375	0.41829
2273.56763	0.00612
2273.69776	6.81247
2273.82791	46.1219
2273.95807	90.26804
2274.08824	105.28727
2274.21842	65.11628
2274.34861	27.93663
2274.47881	2.84564
2274.60903	13.11044
2274.73925	28.34936
2274.86949	48.59492
2274.99973	58.8355
2275.12999	52.01953
2275.26026	32.69686
2275.39054	12.29593
2275.52084	1.16083
2275.65114	4.27513
2275.78145	20.12908
2275.91178	40.12532
2276.04212	51.60164
2276.17247	46.49712
2276.30282	28.90496
2276.4332	13.6239
2276.56358	2.08693
2276.69397	25.27655
2276.82437	63.17468
2276.95479	107.67517
2277.08522	106.69762
2277.21565	63.66078
2277.3461	27.98112
2277.47656	9.66385
2277.60703	12.49152
2277.73752	35.23773
2277.86801	67.44896
2277.99852	102.65094
2278.12903	89.30208
2278.25956	46.46047
2278.3901	6.69295
2278.52065	0
2278.65121	0.03286
2278.78178	35.86129
2278.91237	70.35579
2279.04296	68.18966
2279.17357	47.72314
2279.30418	22.1326
2279.43481	5.86618
2279.56545	6.13999
2279.6961	21.06454
2279.82676	43.44602
2279.95744	63.9071
2280.08812	71.87377
2280.21882	60.47773
2280.34953	35.15772
2280.48024	14.02311
2280.61097	14.02722
2280.74171	35.97613
2280.87247	64.40318
2281.00323	80.57349
2281.134	74.84838
2281.26479	50.95863
2281.39559	23.26029
2281.5264	8.54713
2281.65722	15.43724
2281.78805	38.83276
2281.91889	64.00899
2282.04974	75.94047
2282.18061	67.40175
2282.31148	40.28197
2282.44237	3.96405
2282.57327	5.07535
2282.70418	26.75406
2282.8351	49.90999
2282.96603	67.24096
2283.09697	68.95531
2283.22793	53.7872
2283.35889	29.72447
2283.48987	8.20348
2283.62086	2.15781
2283.75186	33.80757
2283.88287	67.54788
2284.01389	91.56924
2284.14493	47.92022
2284.27597	25.18397
2284.40703	7.99343
2284.5381	5.59345
2284.66917	18.13089
2284.80026	41.11339
2284.93137	62.03739
2285.06248	69.71885
2285.1936	60.08459
2285.32474	38.69903
2285.45588	0
2285.58704	0.01116
2285.71821	11.92954
2285.84939	48.53084
2285.98058	89.64256
2286.11178	87.70737
2286.243	52.40379
2286.37422	22.04882
2286.50546	3.94398
2286.63671	8.47358
2286.76797	38.70464
2286.89924	74.52393
2287.03052	92.24848
2287.16181	58.13387
2287.29312	21.27922
2287.42443	0.0086
2287.55576	9.1716
2287.6871	42.91553
2287.81845	79.19024
2287.94981	121.82382
2288.08118	114.40502
2288.21257	67.45959
2288.34396	24.77941
2288.47537	0.01288
2288.60679	13.65159
2288.73822	25.70894
2288.86966	44.40136
2289.00111	60.39664
2289.13257	65.16263
2289.26404	54.04122
2289.39553	31.29868
2289.52703	9.80848
2289.65854	3.52741
2289.79006	17.81371
2289.92159	43.59848
2290.05313	61.21905
2290.18468	55.56296
2290.31625	31.08127
2290.44782	8.87496
2290.57941	5.86315
2290.71101	18.75537
2290.84262	30.43903
2290.97424	28.56005
2291.10588	14.80199
2291.23752	0.04092
2291.36918	0
2291.50084	0
2291.63252	0
2291.76421	0
2291.89591	0.00111
2292.02762	1.18125
2292.15935	20.80845
2292.29108	39.2018
2292.42283	42.40095
2292.55459	28.30603
2292.68636	8.3865
2292.81814	0
2292.94993	0
2293.08173	0
2293.21355	0
2293.34537	0
2293.47721	5.56E-4
2293.60906	0.59621
2293.74092	19.49668
2293.87279	36.91451
2294.00467	40.53671
2294.13657	29.9147
2294.26847	14.48135
2294.40039	4.7021
2294.53232	9.20129
2294.66426	27.54354
2294.79621	53.02304
2294.92817	71.94371
2295.06015	81.22578
2295.19213	55.90487
2295.32413	22.56137
2295.45614	2.84182
2295.58816	3.50508
2295.72019	31.50116
2295.85223	68.19799
2295.98428	84.93822
2296.11635	62.79097
2296.24842	36.3546
2296.38051	12.86936
2296.51261	3.98176
2296.64472	9.80789
2296.77684	25.46647
2296.90898	40.85838
2297.04112	46.39165
2297.17328	38.66757
2297.30545	23.11629
2297.43763	8.76443
2297.56982	1.62441
2297.70202	4.17179
2297.83423	16.72441
2297.96646	34.58113
2298.09869	46.40173
2298.23094	41.84954
2298.3632	22.6392
2298.49547	3.39319
2298.62775	0.0366
2298.76004	16.3209
2298.89235	42.24176
2299.02466	59.60158
2299.15699	55.90267
2299.28933	34.44737
2299.42168	11.5334
2299.55404	2.28434
2299.68642	9.50463
2299.8188	24.85296
2299.9512	36.82353
2300.0836	37.27619
2300.21602	25.46186
2300.34845	8.82775
2300.4809	0
2300.61335	3.9E-5
2300.74581	0.04465
2300.87829	4.8691
2301.01078	13.97667
2301.14328	21.5336
2301.27579	20.5934
2301.40831	11.58707
2301.54084	7.02086
2301.67339	15.79546
2301.80594	40.43868
2301.93851	72.12585
2302.07109	63.92625
2302.20368	43.86897
2302.33628	17.74567
2302.4689	2.41687
2302.60152	5.83113
2302.73416	25.79252
2302.8668	44.72289
2302.99946	48.43422
2303.13214	35.87277
2303.26482	16.76968
2303.39751	3.59362
2303.53022	5.7587
2303.66293	24.94888
2303.79566	51.03178
2303.9284	66.32156
2304.06115	59.83221
2304.19391	37.07128
2304.32669	13.37641
2304.45947	0.26876
2304.59227	0.00567
2304.72508	5.69727
2304.8579	17.36281
2304.99073	26.48384
2305.12357	25.94495
2305.25643	16.0892
2305.38929	7.35933
2305.52217	12.21815
2305.65506	34.24387
2305.78796	63.35234
2305.92087	81.31368
2306.0538	75.24987
2306.18673	48.8919
2306.31968	20.38544
2306.45263	7.90834
2306.5856	17.21328
2306.71858	40.72832
2306.85158	64.15052
2306.98458	73.75071
2307.1176	63.36014
2307.25062	39.00832
2307.38366	15.63496
2307.51671	6.92141
2307.64977	17.48265
2307.78284	41.78485
2307.91593	66.18523
2308.04903	74.28334
2308.18213	58.6927
2308.31525	30.31268
2308.44838	10.00479
2308.58152	8.04859
2308.71468	16.5097
2308.84784	22.97969
2308.98102	23.83806
2309.11421	20.08066
2309.24741	9.88645
2309.38062	0
2309.51384	7.41E-4
2309.64707	0.75455
2309.78032	20.89035
2309.91358	34.88102
2310.04685	35.77966
2310.18013	26.24381
2310.31342	12.31674
2310.44672	0.39559
2310.58004	0.00794
2310.71336	7.86968
2310.8467	30.64136
2310.98005	51.31083
2311.11341	56.89898
2311.24678	44.92649
2311.38017	24.76187
2311.51356	11.86846
2311.64697	17.06413
2311.78039	36.99378
2311.91382	56.129
2312.04726	60.53797
2312.18071	48.83831
2312.31418	29.66033
2312.44766	12.2852
2312.58114	1.90001
2312.71464	0.35146
2312.84815	4.06047
2312.98168	9.7681
2313.11521	15.94837
2313.24876	23.48098
2313.38232	28.97543
2313.51588	26.36607
2313.64946	9.66846
2313.78306	0.01113
2313.91666	10.88774
2314.05028	22.14795
2314.1839	8.82521
2314.31754	2.85245
2314.45119	19.10836
2314.58485	41.15077
2314.71853	47.00326
2314.85221	23.92155
2314.98591	1.69108
2315.11962	22.97739
2315.25333	53.89677
2315.38707	100.80941
2315.52081	48.21518
2315.65456	20.27452
2315.78833	19.68089
2315.92211	44.42361
2316.05589	1.41597
2316.1897	0
2316.32351	0
2316.45733	0
2316.59117	0
2316.72501	0
2316.85887	29.8158
2316.99274	104.7794
2317.12662	152.17893
2317.26052	58.61038
2317.39442	19.47915
2317.52834	30.27939
2317.66227	45.73697
2317.79621	139.16405
2317.93016	146.96646
2318.06412	135.2725
2318.1981	160.535
2318.33208	181.61758
2318.46608	93.53696
2318.60009	0
2318.73411	0
2318.86815	0
2319.00219	0
2319.13625	0
2319.27031	0
2319.40439	0.09892
2319.53848	8.51699
2319.67259	109.76782
2319.8067	186.35227
2319.94083	228.35695
2320.07496	251.6834
2320.20911	271.85797
2320.34327	253.04019
2320.47745	184.71881
2320.61163	20.27498
2320.74583	0.82388
2320.88003	58.16532
2321.01425	125.29424
2321.14848	160.49034
2321.28272	131.42501
2321.41698	78.47298
2321.55124	33.27567
2321.68552	5.50804
2321.81981	0.01054
2321.95411	26.57376
2322.08842	58.70021
2322.22275	0.15703
2322.35708	0
2322.49143	12.8427
2322.62579	3.05678
2322.76016	0.00809
2322.89454	0
2323.02893	0
2323.16334	0
2323.29776	0
2323.43218	3.62692
2323.56662	19.21005
2323.70108	44.29395
2323.83554	66.57622
2323.97002	71.80629
2324.1045	56.95346
2324.239	31.84744
2324.37351	12.52534
2324.50803	10.73424
2324.64257	24.32558
2324.77711	39.11274
2324.91167	43.18192
2325.04624	36.60386
2325.18082	25.38531
2325.31541	12.7118
2325.45001	1.76066
2325.58463	0.36886
2325.71926	13.41488
2325.8539	32.75869
2325.98855	42.94629
2326.12321	37.04394
2326.25788	21.51308
2326.39257	6.90459
2326.52727	0.23445
2326.66198	3.20263
2326.7967	16.09824
2326.93143	31.36436
2327.06617	37.63428
2327.20093	29.08049
2327.3357	12.35413
2327.47048	2.26984
2327.60527	10.72776
2327.74007	36.96007
2327.87488	65.85903
2328.00971	78.05266
2328.14455	65.23058
2328.2794	36.85109
2328.41426	11.86746
2328.54913	4.28629
2328.68402	15.25894
2328.81891	35.04069
2328.95382	50.41307
2329.08874	52.68879
2329.22367	41.93723
2329.35862	25.05621
2329.49357	11.22447
2329.62854	8.91101
2329.76352	21.58919
2329.89851	40.97168
2330.03351	49.67941
2330.16852	39.46249
2330.30355	20.63246
2330.43859	6.5573
2330.57363	0.01723
2330.70869	24.41135
2330.84377	55.56718
2330.97885	49.26741
2331.11395	48.53292
2331.24905	35.52783
2331.38417	10.60106
2331.51931	0.0278
2331.65445	13.45256
2331.7896	46.0251
2331.92477	111.63817
2332.05995	75.03904
2332.19514	35.21856
2332.33034	11.72462
2332.46555	3.87388
2332.60078	3.89241
2332.73601	7.23359
2332.87126	8.539
2333.00652	8.2395
2333.1418	8.42881
2333.27708	8.71581
2333.41238	5.96055
2333.54768	0.80469
2333.683	0.00208
2333.81833	10.63671
2333.95368	32.25514
2334.08903	49.90794
2334.2244	49.28393
2334.35978	30.46858
2334.49517	10.41259
2334.63057	8.55111
2334.76598	27.32623
2334.90141	47.9261
2335.03684	48.86115
2335.17229	28.47433
2335.30775	4.67604
2335.44323	0.0121
2335.57871	0
2335.71421	0
2335.84971	0
2335.98523	0
2336.12076	16.54816
2336.25631	35.98402
2336.39186	43.92148
2336.52743	35.02273
2336.66301	17.27465
2336.7986	6.79748
2336.9342	14.71346
2337.06981	35.97309
2337.20544	52.15837
2337.34108	48.27657
2337.47673	27.02359
2337.61239	5.74366
2337.74806	0.77667
2337.88375	14.04409
2338.01944	33.80035
2338.15515	43.22963
2338.29087	34.67066
2338.4266	15.8296
2338.56235	2.38439
2338.6981	4.32909
2338.83387	20.36718
2338.96965	42.39626
2339.10544	60.02745
2339.24124	62.55248
2339.37706	45.57551
2339.51289	19.37221
2339.64872	4.30996
2339.78457	12.68141
2339.92044	37.42632
2340.05631	60.668
2340.1922	69.13301
2340.32809	59.63865
2340.464	37.73982
2340.59992	16.72227
2340.73586	10.10901
2340.8718	16.51573
2341.00776	17.39639
2341.14373	5.94418
2341.27971	1.986
2341.4157	4.17064
2341.55171	18.34064
2341.68772	38.90051
2341.82375	55.61284
2341.95979	64.70386
2342.09584	65.97515
2342.2319	57.15852
2342.36798	37.3182
2342.50407	12.12729
2342.64017	0.03129
2342.77628	0
2342.9124	11.92739
2343.04854	27.15969
2343.18468	28.8324
2343.32084	18.5779
2343.45701	4.36321
2343.59319	0.01122
2343.72939	0
2343.86559	0
2344.00181	2.54142
2344.13804	8.15421
2344.27428	4.95906
2344.41053	0.01282
2344.5468	0
2344.68308	4.79134
2344.81937	16.03975
2344.95567	25.67305
2345.09198	30.94876
2345.2283	30.25216
2345.36464	22.32406
2345.50099	10.4696
2345.63735	4.00262
2345.77372	10.97572
2345.91011	29.53255
2346.0465	47.91215
2346.18291	52.91703
2346.31933	39.98707
2346.45576	18.39055
2346.59221	6.29015
2346.72866	14.79278
2346.86513	35.88752
2347.00161	50.27806
2347.1381	47.35781
2347.2746	32.69317
2347.41112	17.00878
2347.54764	6.15909
2347.68418	3.80067
2347.82073	14.48303
2347.9573	36.47209
2348.09387	56.40642
2348.23046	59.23484
2348.36706	43.00876
2348.50367	20.52277
2348.64029	6.13395
2348.77692	11.37636
2348.91357	44.37597
2349.05023	79.32893
2349.1869	106.59677
2349.32358	62.87431
2349.46027	19.52003
2349.59698	2.94656
2349.7337	14.4106
2349.87043	43.03626
2350.00717	64.10454
2350.14392	77.1972
2350.28069	48.71573
2350.41746	19.07563
2350.55425	8.48315
2350.69106	17.64015
2350.82787	41.06408
2350.96469	62.8524
2351.10153	70.58462
2351.23838	61.6136
2351.37524	41.40098
2351.51211	20.40587
2351.649	9.39437
2351.7859	11.94982
2351.9228	21.3044
2352.05973	27.07141
2352.19666	24.1464
2352.3336	14.23667
2352.47056	2.8187
2352.60753	0.00714
2352.74451	1.48506
2352.8815	19.87965
2353.01851	41.32001
2353.15552	48.94635
2353.29255	35.25506
2353.42959	10.27358
2353.56664	0.02606
2353.70371	0
2353.84078	10.80629
2353.97787	22.4233
2354.11497	22.35738
2354.25208	13.25492
2354.38921	2.70439
2354.52635	0.00683
2354.66349	0
2354.80065	0
2354.93783	0.20187
2355.07501	8.53818
2355.21221	12.46087
2355.34941	7.2627
2355.48663	0.5025
2355.62387	0.00124
2355.76111	2.64987
2355.89837	10.01607
2356.03563	18.96546
2356.17291	26.37467
2356.31021	26.67876
2356.44751	17.4547
2356.58483	4.0098
2356.72216	0.01012
2356.8595	0
2356.99685	0.33848
2357.13421	3.11751
2357.27159	2.58951
2357.40898	0.00658
2357.54638	0
2357.68379	4.33871
2357.82121	26.04222
2357.95865	47.52666
2358.0961	54.33904
2358.23356	44.1553
2358.37103	25.88543
2358.50851	9.39005
2358.64601	0.66592
2358.78352	1.06164
2358.92104	10.87337
2359.05857	23.2394
2359.19612	28.89345
2359.33367	23.0317
2359.47124	10.251
2359.60882	3.56603
2359.74641	15.23722
2359.88402	43.50735
2360.02163	69.4196
2360.15926	72.35311
2360.2969	50.38286
2360.43456	21.36465
2360.57222	3.90184
2360.7099	2.87914
2360.84759	13.85731
2360.98529	31.32199
2361.123	46.89719
2361.26073	48.37232
2361.39846	31.38713
2361.53621	10.18974
2361.67397	5.55761
2361.81175	23.28448
2361.94953	49.45756
2362.08733	88.26437
2362.22514	74.13961
2362.36296	39.03423
2362.50079	14.86991
2362.63864	5.08525
2362.7765	8.89159
2362.91437	18.70405
2363.05225	21.95319
2363.19014	17.04532
2363.32805	9.0643
2363.46596	2.0816
2363.60389	0.0052
2363.74184	3.73021
2363.87979	21.25025
2364.01776	44.14091
2364.15574	57.80873
2364.29373	52.02508
2364.43173	29.79117
2364.56974	5.10758
2364.70777	0.01268
2364.84581	3.17725
2364.98386	24.14036
2365.12192	35.54131
2365.26	27.90011
2365.39808	10.70576
2365.53618	0.02677
2365.6743	1.21783
2365.81242	8.28287
2365.95055	11.5734
2366.0887	7.55594
2366.22686	0.47635
2366.36503	0.00115
2366.50322	0
2366.64141	0
2366.77962	0.5672
2366.91784	6.76831
2367.05607	13.25025
2367.19432	15.7899
2367.33257	10.69058
2367.47084	1.3892
2367.60912	0.00342
2367.74742	0.29603
2367.88572	11.09317
2368.02404	19.08595
2368.16237	17.56313
2368.30071	8.05907
2368.43906	0.02012
2368.57743	0
2368.71581	11.8949
2368.8542	34.917
2368.9926	50.07358
2369.13101	45.74194
2369.26944	26.7954
2369.40788	8.93191
2369.54633	3.98867
2369.68479	12.89037
2369.82327	28.38749
2369.96175	39.85143
2370.10025	38.46239
2370.23876	23.87413
2370.37729	6.25073
2370.51582	0.01548
2370.65437	3.4831
2370.79293	15.28071
2370.9315	23.28796
2371.07008	21.72059
2371.20868	12.05687
2371.34729	2.09385
2371.48591	1.30885
2371.62454	12.82241
2371.76319	30.60962
2371.90184	44.48394
2372.04051	47.25054
2372.17919	37.23167
2372.31789	19.07593
2372.45659	4.09157
2372.59531	4.71505
2372.73404	23.87095
2372.87278	50.52766
2373.01154	67.60699
2373.1503	64.30444
2373.28908	42.59735
2373.42787	16.43965
2373.56668	4.68946
2373.70549	17.59846
2373.84432	45.62572
2373.98316	65.91148
2374.12201	63.61822
2374.26087	43.75116
2374.39975	21.46483
2374.53864	7.05032
2374.67754	3.53583
2374.81645	11.4428
2374.95538	27.40343
2375.09431	40.48542
2375.23326	38.5157
2375.37223	20.59465
2375.5112	1.12687
2375.65018	0.00267
2375.78918	8.53734
2375.92819	31.96789
2376.06722	46.13274
2376.20625	39.79627
2376.3453	18.77037
2376.48436	0.51435
2376.62343	0.00116
2376.76251	0
2376.90161	0.0996
2377.04071	2.47E-4
2377.17983	0
2377.31897	0
2377.45811	0
2377.59727	0
2377.73644	0
2377.87562	0.92856
2378.01481	15.33652
2378.15402	28.69728
2378.29323	31.79774
2378.43246	22.4157
2378.57171	9.44052
2378.71096	6.37191
2378.85023	19.02748
2378.98951	40.40184
2379.1288	57.16968
2379.2681	59.2651
2379.40742	44.97482
2379.54674	22.43976
2379.68609	7.34756
2379.82544	13.03769
2379.9648	38.16576
2380.10418	66.07502
2380.24357	78.78254
2380.38297	70.22419
2380.52238	46.86654
2380.66181	21.70232
2380.80125	9.4537
2380.9407	19.30786
2381.08016	44.96388
2381.21963	65.48854
2381.35912	62.97128
2381.49862	39.03826
2381.63813	10.93704
2381.77766	0.02666
2381.91719	0
2382.05674	0.96982
2382.1963	11.90854
2382.33587	11.98094
2382.47546	3.92341
2382.61506	0.00957
2382.75467	3.35494
2382.89429	9.27113
2383.03392	5.97498
2383.17357	0.01462
2383.31323	0
2383.4529	0
2383.59258	0
2383.73228	10.66589
2383.87199	24.75625
2384.01171	36.79339
2384.15144	40.79144
2384.29118	33.5835
2384.43094	18.47499
2384.57071	3.71905
2384.71049	0.009
2384.85029	1.40438
2384.99009	7.62758
2385.12991	9.30019
2385.26974	3.21047
2385.40959	0.0078
2385.54944	0
2385.68931	0
2385.82919	7.55295
2385.96908	25.70066
2386.10899	37.20633
2386.2489	33.62137
2386.38883	18.74348
2386.52877	6.81328
2386.66873	8.33487
2386.80869	20.48263
2386.94867	32.41378
2387.08866	35.57582
2387.22867	27.41577
2387.36868	11.08098
2387.50871	0.02686
2387.64875	0
2387.7888	1.68802
2387.92887	10.85705
2388.06894	12.72088
2388.20903	7.01653
2388.34913	0.38741
2388.48925	9.02E-4
2388.62937	0
2388.76951	0
2388.90966	2.09759
2389.04983	6.42045
2389.19	7.17516
2389.33019	3.95478
2389.47039	2.68115
2389.6106	10.64999
2389.75083	31.01333
2389.89107	67.32714
2390.03132	101.4254
2390.17158	92.40537
2390.31185	50.02039
2390.45214	14.03684
2390.59244	3.39225
2390.73275	9.74084
2390.87307	25.76273
2391.01341	34.35338
2391.15376	28.2858
2391.29412	13.93146
2391.43449	3.85514
2391.57488	6.4634
2391.71528	20.1453
2391.85569	35.34604
2391.99611	42.49796
2392.13655	37.99714
2392.27699	24.3048
2392.41745	8.43909
2392.55792	1.01616
2392.69841	11.19876
2392.83891	37.76043
2392.97942	66.50741
2393.11994	79.97212
2393.26047	71.87946
2393.40102	45.08652
2393.54158	19.32881
2393.68215	7.12276
2393.82273	9.86127
2393.96333	14.63297
2394.10394	7.30417
2394.24456	0.01756
2394.38519	0
2394.52584	0
2394.66649	5.44573
2394.80716	16.39708
2394.94785	29.91445
2395.08854	44.02632
2395.22925	48.61874
2395.36997	35.77697
2395.5107	12.60011
2395.65145	0.0301
2395.7922	0.23044
2395.93297	13.11132
2396.07375	23.16287
2396.21455	20.10653
2396.35536	7.86841
2396.49617	0.0188
2396.63701	0
2396.77785	0
2396.91871	0
2397.05958	0
2397.20046	0.61745
2397.34135	0.68461
2397.48226	0.00164
2397.62318	0
2397.76411	0
2397.90505	0
2398.04601	0
2398.18697	0
2398.32795	0
2398.46895	0
2398.60995	2.8251
2398.75097	13.16225
2398.892	20.11385
2399.03304	20.3012
2399.1741	14.13489
2399.31517	4.40611
2399.45625	0.01048
2399.59734	0
2399.73844	0
2399.87956	1.47977
2400.02069	10.09909
2400.16183	17.91188
2400.30299	19.10237
2400.44416	12.06233
2400.58534	3.02139
2400.72653	0.85679
2400.86773	9.32729
2401.00895	25.23544
2401.15018	40.64772
2401.29142	45.66418
2401.43268	34.78873
2401.57394	15.24523
2401.71522	5.17167
2401.85651	17.09949
2401.99782	43.08647
2402.13914	60.62631
2402.28046	54.18408
2402.42181	29.23733
2402.56316	6.11326
2402.70453	2.27718
2402.84591	17.85963
2402.9873	35.75506
2403.1287	36.895
2403.27012	18.52402
2403.41155	0.04396
2403.55299	0
2403.69444	15.5909
2403.83591	42.52906
2403.97739	58.80137
2404.11888	56.25291
2404.26039	24.27041
2404.4019	3.40466
2404.54343	0.00796
2404.68497	21.44068
2404.82653	45.68889
2404.96809	52.80639
2405.10967	40.34706
2405.25126	16.13717
2405.39287	0.03811
2405.53448	0
2405.67611	0.66603
2405.81775	8.62045
2405.95941	6.09085
2406.10108	0.01441
2406.24275	0
2406.38445	0
2406.52615	0
2406.66787	0
2406.8096	0
2406.95134	4.74222
2407.09309	26.1792
2407.23486	43.78052
2407.37664	45.90542
2407.51843	32.16184
2407.66023	13.00022
2407.80205	2.14129
2407.94388	6.56647
2408.08572	20.30461
2408.22758	29.58479
2408.36944	26.36291
2408.51132	14.79403
2408.65322	3.56364
2408.79512	0.00833
2408.93704	0
2409.07897	0
2409.22091	7.6588
2409.36286	17.57768
2409.50483	16.61981
2409.64681	2.82393
2409.7888	0.00657
2409.93081	0
2410.07283	13.16206
2410.21486	31.48379
2410.3569	32.95953
2410.49895	17.91901
2410.64102	2.69946
2410.7831	3.34277
2410.92519	18.3777
2411.0673	31.47151
2411.20942	29.51681
2411.35155	15.46478
2411.49369	4.45032
2411.63585	8.14191
2411.77802	26.28917
2411.9202	48.85799
2412.06239	61.47862
2412.2046	53.84219
2412.34681	29.81305
2412.48904	7.69014
2412.63129	4.63828
2412.77354	20.14431
2412.91581	37.36379
2413.0581	40.03693
2413.20039	26.26249
2413.3427	7.9072
2413.48501	0.0184
2413.62735	6.98467
2413.76969	22.05978
2413.91205	31.20068
2414.05442	27.70816
2414.1968	15.77824
2414.33919	2.94431
2414.4816	0.00681
2414.62402	0
2414.76645	0.41687
2414.9089	18.40848
2415.05136	34.95532
2415.19383	38.28694
2415.33631	27.60355
2415.47881	12.2074
2415.62131	2.2864
2415.76384	1.94659
2415.90637	7.68699
2416.04891	10.59933
2416.19147	3.59332
2416.33404	0.00834
2416.47663	0
2416.61923	0
2416.76183	7.13785
2416.90446	19.22744
2417.04709	27.18641
2417.18974	28.5105
2417.3324	21.87449
2417.47507	10.56519
2417.61775	3.05575
2417.76045	4.98194
2417.90316	12.3335
2418.04588	16.21152
2418.18862	11.83853
2418.33137	0.86619
2418.47413	0.00196
2418.6169	0
2418.75969	5.55974
2418.90249	28.86801
2419.0453	49.62208
2419.18812	52.50363
2419.33096	33.1661
2419.47381	5.43246
2419.61667	0.01246
2419.75954	13.76322
2419.90243	47.96153
2420.04533	71.04531
2420.18824	67.70667
2420.33117	42.93125
2420.47411	15.71027
2420.61706	0.79594
2420.76002	0.00176
2420.903	0
2421.04599	0
2421.18899	0
2421.332	0
2423.04916	0
2423.19233	0
2423.33553	0
2423.47873	0
2423.62195	0.41659
2423.76518	4.40854
2423.90842	10.60793
2424.05167	15.5266
2424.19494	13.27451
2424.33822	3.1338
2424.48151	0.00714
2424.62482	0
2424.76814	0
2424.91147	0.63985
2425.05481	1.29041
2425.19817	0.19938
2425.34154	4.52E-4
2425.48492	0
2425.62831	0
2425.77172	0
2425.91514	0
2426.34548	0
2426.48895	0
2426.63243	0
2426.77593	0
2426.91944	4.70479
2427.06296	15.43568
2427.2065	15.35426
2427.35004	4.52172
2427.4936	0.0103
2427.63718	0
2427.78076	0
2427.92436	0
2428.06797	0
2430.07986	0
2430.22367	0
2430.36748	0
2430.51131	0
2430.65515	7.81823
2430.799	25.53062
2430.94287	38.71198
2431.08675	36.68524
2431.23064	19.55342
2431.37454	1.46547
2431.51846	0.00325
2431.66239	11.64898
2431.80633	30.80415
2431.95029	42.83185
2432.09426	42.24023
2432.23824	31.05485
2432.38223	15.89075
2432.52624	4.34564
2432.67026	0.95478
2432.81429	5.48222
2432.95834	14.35206
2433.10239	21.77219
2433.24647	20.73479
2433.39055	8.63934
2433.53465	0.01953
2433.67875	0
2433.82288	2.29874
2433.96701	17.06363
2434.11116	27.36521
2434.25532	30.21705
2434.39949	26.49183
2434.54368	16.60679
2434.68788	2.83808
2434.83209	0.00635
2434.97631	0
2435.12055	0
2435.2648	0
2435.40906	0
2435.55334	0
2435.69763	0
2435.84193	0
2435.98624	0.04062
2436.13057	1.51732
2436.27491	0.06351
2436.41926	1.36E-4
2436.56363	0
2436.708	11.86158
2436.8524	25.29142
2436.9968	28.82437
2437.14122	21.04649
2437.28565	8.41788
2437.43009	0.01892
2437.57454	0
2437.71901	0.06299
2437.86349	8.73493
2438.00799	15.31053
2438.15249	13.06495
2438.29701	3.9532
2438.44155	0.00886
2438.58609	0
2438.73065	0
2438.87522	0
2439.0198	4.99745
2439.1644	10.33612
2439.30901	7.86608
2439.45363	0.97265
2439.59827	0.00215
2439.74291	0
2439.88758	0
2440.03225	6.26387
2440.17694	14.54328
2440.32164	15.85496
2440.46635	9.11387
2440.61107	0.39196
2440.75581	8.37E-4
2440.90056	0
2441.04533	0.44716
2441.1901	0.54741
2441.33489	0.00123
2441.4797	0
2441.62451	0.30544
2441.76934	15.73271
2441.91418	34.35286
2442.05903	44.16964
2442.2039	37.81242
2442.34878	20.17166
2442.49367	3.47824
2442.63858	0.00771
2442.7835	0
2442.92843	3.74863
2443.07337	10.20662
2443.21833	12.6271
2443.3633	8.9924
2443.50828	3.4057
2443.65328	0.60705
2443.79829	2.43061
2443.94331	8.70286
2444.08835	16.9787
2444.23339	21.0327
2444.37845	15.96849
2444.52353	10.37352
2444.66861	20.17639
2444.81371	41.75498
2444.95882	60.05637
2445.10395	60.59567
2445.24909	41.38523
2445.39424	14.54277
2445.5394	0.03232
2445.68458	0.43803
2445.82977	22.1732
2445.97497	45.85678
2446.12019	54.20902
2446.26542	42.70038
2446.41066	21.44019
2446.55591	3.90506
2446.70118	0.00861
2446.84646	0
2446.99175	0
2447.13706	0
2447.28238	0.31574
2447.42771	7.04E-4
2447.57305	0
2447.71841	0
2447.86378	0
2448.00917	12.68815
2448.15456	33.5808
2448.29997	47.20697
2448.4454	41.12047
2448.59083	18.65823
2448.73628	0.11563
2448.88174	0.51862
2449.02722	15.58031
2449.1727	24.98709
2449.3182	17.40308
2449.46372	1.69964
2449.60924	0.00369
2449.75478	0.13796
2449.90034	9.87498
2450.0459	12.33915
2450.19148	3.6971
2450.33707	0.00813
2450.48267	0
2450.62829	0
2450.77392	0.51732
2450.91956	0.03566
2451.06522	7.6E-5
2451.21089	0
2451.35657	0
2451.50227	0
2451.64798	0
2451.7937	0
2451.93943	4.87437
2452.08518	11.8976
2452.23094	12.50494
2452.37671	5.54672
2452.5225	0.01221
2452.6683	0
2452.81411	1.39155
2452.95993	22.05377
2453.10577	38.29009
2453.25162	36.91421
2453.39749	20.98435
2453.54336	6.62406
2453.68925	7.00734
2453.83516	21.70802
2453.98107	39.39561
2454.127	47.35054
2454.27294	39.95996
2454.4189	22.22349
2454.56487	5.77335
2454.71085	0.05465
2454.85684	2.64944
2455.00285	7.99565
2455.14887	8.25044
2455.2949	1.83934
2455.44095	0.004
2455.58701	2.173
2455.73308	16.9505
2455.87917	29.60421
2456.02526	29.16512
2456.17138	15.40505
2456.3175	1.1228
2456.46364	0.00239
2456.60979	7.43211
2456.75595	17.95249
2456.90213	22.33721
2457.04832	20.09207
2457.19452	14.49863
2457.34074	8.61234
2457.48697	3.85841
2457.63321	0.33249
2457.77946	7.1E-4
2457.92573	4.82755
2458.07201	20.00949
2458.21831	35.73599
2458.36461	35.70646
2458.51093	15.70634
2458.65727	0.03424
2458.80361	0
2458.94997	20.18263
2459.09635	39.6784
2459.24273	39.09871
2459.38913	17.70898
2459.53554	0.03857
2459.68197	0
2459.82841	21.37725
2459.97486	48.03022
2460.12132	55.10534
2460.2678	41.24232
2460.41429	19.92072
2460.56079	4.81571
2460.70731	0.51988
2460.85384	4.85253
2461.00038	13.52237
2461.14694	18.6662
2461.2935	13.34938
2461.44009	1.55859
2461.58668	0.00333
2461.73329	5.76443
2461.87991	25.60085
2462.02655	38.09301
2462.17319	35.24545
2462.31985	22.24378
2462.46653	8.24174
2462.61321	0.23184
2462.75991	2.53177
2462.90663	15.57522
2463.05335	30.13159
2463.20009	33.76092
2463.34684	23.3461
2463.49361	9.57843
2463.64039	9.01886
2463.78718	29.12933
2463.93398	62.88432
2464.0808	79.6589
2464.22763	72.84848
2464.37448	42.62135
2464.52133	8.96094
2464.6682	0.01922
2464.81509	1.28167
2464.96198	22.16842
2465.10889	34.36907
2465.25582	31.34367
2465.40275	18.5615
2465.5497	5.94891
2465.69666	0.36999
2465.84364	1.62411
2465.99063	6.2911
2466.13763	12.81341
2466.28464	20.52372
2466.43167	24.62277
2466.57871	18.52321
2466.72577	3.00063
2466.87284	0.0064
2467.01992	0
2467.16701	7.91489
2467.31412	14.22163
2467.46124	8.2467
2467.60837	0.62316
2467.75552	2.1519
2467.90268	16.43061
2468.04985	34.57956
2468.19703	42.86483
2468.34423	33.48112
2468.49145	13.37546
2468.63867	0.03415
2468.78591	3.43968
2468.93316	17.51101
2469.08043	26.01417
2469.2277	20.8481
2469.375	7.7816
2469.5223	0.01667
2469.66962	2.36334
2469.81695	19.916
2469.96429	42.07655
2470.11165	54.0561
2470.25902	46.92631
2470.4064	25.40745
2470.5538	3.29261
2470.70121	0.00695
2470.84863	0
2470.99607	11.09221
2471.14352	23.06534
2471.29098	22.61202
2471.43846	11.4091
2471.58595	1.45819
2471.73345	3.41088
2471.88096	16.2328
2472.02849	29.32976
2472.17603	32.79244
2472.32359	24.18968
2472.47116	8.65295
2472.61874	0.01843
2472.76633	0
2472.91394	0
2473.06156	8.49737
2473.2092	11.562
2473.35685	6.38903
2473.50451	0.01363
2473.65218	0
2473.79987	0
2473.94757	16.88196
2474.09528	37.73932
2474.24301	43.74116
2474.39075	29.9763
2474.5385	10.23407
2474.68627	2.83228
2474.83405	12.00187
2474.98184	25.9233
2475.12965	30.70816
2475.27747	22.09351
2475.4253	6.42106
2475.57315	0.01358
2475.72101	0
2475.86888	3.66469
2476.01677	12.78215
2476.16467	14.02512
2476.31258	7.7219
2476.4605	0.18158
2476.60844	3.51E-4
2476.75639	0
2476.90436	0
2477.05234	1.26283
2477.20033	1.1839
2477.34834	0.00251
2477.49635	0
2477.64439	0
2477.79243	1.12534
2477.94049	13.67773
2478.08856	21.98724
2478.23665	20.77751
2478.38474	9.78835
2478.53285	0.0207
2478.68098	0.38244
2478.82912	21.90013
2478.97727	51.38078
2479.12543	68.15911
2479.27361	61.3299
2479.4218	37.77783
2479.57001	15.09606
2479.71822	7.63026
2479.86645	16.03324
2480.0147	27.23469
2480.16296	26.30694
2480.31123	10.72782
2480.45951	0.02258
2480.60781	0
2480.75612	0
2480.90444	9.24383
2481.05278	18.46683
2481.20113	19.51988
2481.34949	11.77953
2481.49787	2.16819
2481.64626	2.23904
2481.79467	15.68266
2481.94308	31.84733
2482.09151	36.7171
2482.23996	27.77761
2482.38841	13.63756
2482.53689	2.28642
2482.68537	0.00476
2482.83387	0
2482.98238	0
2483.1309	0.28158
2483.27944	1.24578
2483.42799	0.00262
2483.57655	0
2483.72513	1.76025
2483.87372	18.96569
2484.02232	39.07587
2484.17094	50.72078
2484.31957	45.45729
2484.46821	26.92152
2484.61687	9.12825
2484.76554	3.82742
2484.91422	10.92381
2485.06292	21.19306
2485.21163	25.04295
2485.36036	18.44289
2485.50909	5.1809
2485.65784	0.01079
2485.80661	0.15026
2485.95538	13.76199
2486.10417	24.25532
2486.25298	19.67947
2486.4018	4.37268
2486.55063	0.00908
2486.69947	0
2486.84833	0.41764
2486.9972	6.45982
2487.14608	9.2964
2487.29498	4.97903
2487.44389	0.07545
2487.59281	1.92045
2487.74175	17.9263
2487.8907	39.28012
2488.03967	51.41585
2488.18865	45.70342
2488.33764	25.8465
2488.48664	4.72876
2488.63566	0.00975
2488.78469	4.7966
2488.93373	20.55036
2489.08279	26.6081
2489.23186	15.75019
2489.38095	0.0327
2489.53005	0
2489.67916	0
2489.82828	9.32863
2489.97742	17.30177
2490.12657	16.39751
2490.27574	8.83851
2490.42492	0.35518
2490.57411	7.01E-4
2490.72331	0
2490.87253	1.55743
2491.02177	9.90518
2491.17101	16.11433
2491.32027	14.07262
2491.46954	6.32811
2491.61883	2.5518
2491.76813	11.12501
2491.91744	27.82746
2492.06677	37.01354
2492.21611	27.93037
2492.36546	6.59361
2492.51483	0.01356
2492.66421	0
2492.8136	9.93504
2492.96301	21.73875
2493.11243	24.85138
2493.26186	19.89984
2493.41131	11.53996
2493.56077	8.09912
2493.71024	16.26321
2493.85973	33.9372
2494.00923	50.14856
2494.15874	52.99244
2494.30827	38.13132
2494.45781	11.85415
2494.60737	0.02436
2494.75693	0.4927
2494.90652	24.80328
2495.05611	42.39679
2495.20572	41.07348
2495.35534	24.78615
2495.50498	7.63498
2495.65462	2.09304
2495.80429	10.87064
2495.95396	26.03957
2496.10365	34.3611
2496.25335	27.49844
2496.40307	11.29843
2496.5528	2.46726
2496.70254	11.64707
2496.8523	32.0649
2497.00207	47.05053
2497.15185	45.62099
2497.30165	29.24378
2497.45146	8.20443
2497.60128	0.01677
2497.75112	0
2497.90097	10.15982
2498.05084	21.56182
2498.20071	20.3299
2498.3506	9.30773
2498.50051	0.1899
2498.65043	0.88661
2498.80036	13.12209
2498.9503	30.98509
2499.10026	43.87226
2499.25024	41.87648
2499.40022	25.64754
2499.55022	9.18081
2499.70023	8.48091
2499.85026	27.21555
2500.0003	54.40657
2500.15035	73.70252
2500.30042	73.64466
2500.4505	53.70548
2500.60059	24.91406
2500.7507	2.12747
2500.90082	0.00425
2501.05096	0
2501.2011	0
2501.35127	0
2501.50144	0
2501.65163	1.54086
2501.80183	14.96253
2501.95205	26.98062
2502.10227	33.17282
2502.25252	30.18766
2502.40277	19.39388
2502.55304	9.5703
2502.70333	11.73649
2502.85362	29.89669
2503.00393	57.08004
2503.15426	78.91777
2503.30459	81.55299
2503.45495	61.32171
2503.60531	29.96754
2503.75569	6.35598
2503.90608	0.01282
2504.05648	0
2504.2069	0
2504.35733	0
2504.50778	0
2504.65824	5.69845
2504.80871	18.28898
2504.9592	23.63517
2505.1097	19.40521
2505.26021	9.46997
2505.41074	0.3653
2505.56128	7.04E-4
2505.71183	2.52717
2505.8624	17.26144
2506.01298	35.50466
2506.16358	48.04104
2506.31419	46.44056
2506.46481	30.20108
2506.61544	8.87694
2506.76609	0.01788
2506.91676	0
2507.06743	0
2507.21812	0
2507.36883	0
2507.51954	0
2507.67027	6.75114
2507.82102	21.85799
2507.97178	35.44734
2508.12255	39.12526
2508.27333	28.63743
2508.42413	11.49944
2508.57494	4.0557
2508.72577	15.8492
2508.87661	39.21745
2509.02746	57.32012
2509.17833	59.34689
2509.32921	45.79461
2509.4801	24.40447
2509.63101	5.75379
2509.78193	0.01147
2509.93287	1.06744
2510.08382	3.71659
2510.23478	0.02426
2510.38575	3.4E-5
2510.53674	0
2510.68775	0
2510.83876	0
2510.98979	0
2511.14084	0
2511.29189	0
2511.44296	0.42797
2511.59405	5.54286
2511.74515	7.86917
2511.89626	6.50978
2512.04739	4.7631
2512.19852	5.02555
2512.34968	5.09623
2512.50084	1.21416
2512.65202	0.00241
2512.80322	0
2512.95443	1.36384
2513.10565	10.19648
2513.25688	12.91604
2513.40813	7.5288
2513.55939	0.40499
2513.71067	7.81E-4
2513.86196	0
2514.01326	0.13257
2514.16458	3.16425
2514.31591	2.19812
2514.46725	0.00438
2514.61861	0
2514.76998	0
2514.92136	7.52782
2515.07276	18.39247
2515.22418	18.66316
2515.3756	9.98381
2515.52704	0.55718
2515.67849	0.00107
2515.82996	0
2515.98144	2.44366
2516.13294	2.66755
2516.28444	0.00531
2516.43597	0
2516.5875	0
2516.73905	6.35619
2516.89061	24.66462
2517.04219	35.88188
2517.19378	32.9523
2517.34538	18.93996
2517.497	7.91436
2517.64863	14.95622
2517.80028	40.93037
2517.95194	69.1209
2518.10361	80.05584
2518.2553	68.2172
2518.407	43.20276
2518.55871	19.02264
2518.71044	5.54532
2518.86218	5.45218
2519.01393	12.91215
2519.1657	16.4929
2519.31748	9.15571
2519.46928	0.22925
2519.62109	3.02151
2519.77291	20.95865
2519.92475	39.27702
2520.0766	46.26334
2520.22846	37.32341
2520.38034	19.00528
2520.53223	5.06872
2520.68414	5.60723
2520.83606	17.55276
2520.98799	27.38868
2521.13994	24.75409
2521.2919	11.70255
2521.44387	0.07993
2521.59586	1.12E-4
2521.74786	10.47114
2521.89988	29.76568
2522.05191	41.22767
2522.20395	34.68303
2522.35601	16.20304
2522.50808	5.38603
2522.66016	16.49394
2522.81226	43.56083
2522.96437	66.40039
2523.1165	69.2157
2523.26864	51.12768
2523.42079	23.99622
2523.57296	3.51972
2523.72514	0.03592
2523.87733	7.94367
2524.02954	16.05723
2524.18176	13.29532
2524.334	1.5787
2524.48625	0.00306
2524.63851	0
2524.79079	0
2524.94308	1.82027
2525.09538	6.68291
2525.2477	4.10191
2525.40003	0.00805
2525.55238	0.76477
2525.70474	14.27717
2525.85711	31.82654
2526.0095	39.525
2526.1619	31.33852
2526.31431	13.59534
2526.46674	0.02657
2526.61919	0
2526.77164	6.44772
2526.92411	22.95578
2527.0766	32.03272
2527.22909	26.14393
2527.3816	10.34172
2527.53413	0.02017
2527.68667	1.64414
2527.83922	21.81942
2527.99179	47.07962
2528.14437	58.76792
2528.29696	47.41202
2528.44957	0.09263
2528.60219	0
2528.75483	0
2528.90748	48.02058
2529.06014	61.98454
2529.21282	46.89904
2529.36551	20.42579
2529.51821	0.66367
2529.67093	0.00122
2529.82367	0
2529.97641	0
2530.12917	0.14703
2530.28195	2.86E-4
2530.43473	0
2530.58754	0
2530.74035	0
2530.89318	0
2531.04602	11.39985
2531.19888	18.37315
2531.35175	12.21559
2531.50464	0.35833
2531.65754	6.51E-4
2531.81045	14.17917
2531.96337	33.51346
2532.11631	38.78994
2532.26927	26.49565
2532.42224	7.81077
2532.57522	0.01508
2532.72821	0
2532.88122	0
2533.03425	0
2533.18728	0
2533.34033	0
2533.4934	0
2533.64648	6.66382
2533.79957	20.68733
2533.95268	31.73909
2534.1058	36.34933
2534.25893	34.26285
2534.41208	25.15888
2534.56524	11.36179
2534.71842	1.56492
2534.87161	5.0321
2535.02481	20.58606
2535.17803	35.09117
2535.33126	35.01554
2535.48451	19.05771
2535.63777	0.25891
2535.79104	4.3E-4
2535.94433	4.41097
2536.09763	23.1716
2536.25094	30.93634
2536.40427	21.95016
2536.55761	7.94493
2536.71097	4.31411
2536.86434	15.24013
2537.01773	31.85446
2537.17112	40.37114
2537.32454	31.81891
2537.47796	10.71101
2537.6314	0.02053
2537.78486	6.84247
2537.93832	37.17606
2538.09181	63.02352
2538.2453	62.38552
2538.39881	37.45868
2538.55234	9.9301
2538.70587	0.01894
2538.85943	0
2539.01299	0
2539.16657	0
2539.32016	0
2539.47377	0
2539.62739	0.35718
2539.78103	9.76797
2539.93468	13.8442
2540.08834	11.19844
2540.24202	7.77827
2540.39571	5.66209
2540.54941	1.11232
2540.70313	0.00211
2540.85686	1.3751
2541.01061	20.83686
2541.16437	41.30655
2541.31814	44.60906
2541.47193	28.53162
2541.62574	8.95275
2541.77955	2.0718
2541.93338	9.61014
2542.08723	20.43384
2542.24109	22.12913
2542.39496	11.82785
2542.54884	0.02247
2542.70274	0
2542.85666	5.17613
2543.01059	21.04085
2543.16453	27.97163
2543.31849	19.96248
2543.47246	4.4985
2543.62644	0.0085
2543.78044	0
2543.93445	3.80552
2544.08848	7.80494
2544.24252	2.65397
2544.39657	0.00502
2544.55064	0
2544.70472	0.13018
2544.85882	5.14643
2545.01293	4.52692
2545.16705	0.00859
2545.32119	0
2545.47534	0
2545.62951	0
2545.78369	0
2545.93788	0
2546.09209	0
2546.24631	0
2546.40055	0
2546.5548	4.82252
2546.70906	16.01141
2546.86334	24.67228
2547.01763	30.75152
2547.17194	33.06265
2547.32626	27.23259
2547.48059	14.74061
2547.63494	8.28245
2547.7893	19.5542
2547.94368	42.68495
2548.09807	56.7966
2548.25248	47.03171
2548.40689	20.01132
2548.56133	0.03756
2548.71577	0
2548.87023	17.41055
2549.02471	35.24014
2549.1792	33.73095
2549.3337	16.26122
2549.48822	2.34228
2549.64275	5.60945
2549.79729	20.09225
2549.95185	29.57074
2550.10642	25.75366
2550.26101	13.4178
2550.41561	1.42487
2550.57023	0.00263
2550.72486	0
2550.8795	0
2551.03416	0
2551.18883	1.05226
2551.34351	10.08803
2551.49821	14.51188
2551.65293	8.67661
2551.80765	0.01625
2551.9624	0
2552.11715	0
2552.27192	0
2552.42671	0
2552.5815	0
2552.73632	0
2552.89114	5.51178
2553.04598	9.97259
2553.20084	5.58609
2553.35571	0.01044
2553.51059	0
2553.66548	0
2553.82039	0
2553.97532	0
2554.13026	0
2554.28521	0
2554.44018	0
2554.59516	0
2554.75016	5.50038
2554.90517	27.67005
2555.06019	50.37681
2555.21523	57.72185
2555.37028	41.82927
2555.52534	15.98686
2555.68042	5.45977
2555.83552	21.35512
2555.99063	47.96586
2556.14575	59.2228
2556.30089	45.77584
2556.45604	22.72573
2556.6112	11.68332
2556.76638	21.02347
2556.92157	42.24034
2557.07678	59.28258
2557.232	60.6837
2557.38724	46.56982
2557.54249	25.9812
2557.69775	7.85771
2557.85303	0.01452
2558.00832	0
2558.16363	0
2558.31895	0
2558.47428	0
2558.62963	0
2558.78499	0
2558.94037	6.81829
2559.09576	23.1194
2559.25116	27.06819
2559.40658	13.28653
2559.56202	0.02457
2559.71746	0
2559.87293	22.00543
2560.0284	53.16918
2560.18389	69.27256
2560.3394	60.05749
2560.49492	35.0283
2560.65045	13.3976
2560.80599	5.91555
2560.96156	8.4688
2561.11713	12.34708
2561.27272	14.61756
2561.42832	15.77637
2561.58394	13.81651
2561.73957	6.47082
2561.89522	0.01188
2562.05088	0
2562.20655	0
2562.36224	0
2562.51794	0
2562.67366	0
2562.82939	0
2562.98514	0
2563.1409	10.67906
2563.29667	21.77697
2563.45246	21.29984
2563.60826	9.44519
2563.76408	0.01731
2563.91991	0
2564.07575	0
2564.23161	0
2564.38749	0
2564.54337	5.39784
2564.69927	8.81408
2564.85519	4.79712
2565.01112	0.00878
2565.16706	0
2565.32302	0
2565.479	0
2565.63498	0
2566.10303	0
2566.25907	0
2566.41513	0
2566.5712	0
2566.72729	6.04875
2566.88339	27.34675
2567.03951	44.70458
2567.19564	47.08616
2567.35178	33.62818
2567.50794	14.91674
2567.66411	1.12655
2567.8203	0.00201
2567.9765	0
2568.13271	0
2568.28894	9.39583
2568.44518	27.61698
2568.60144	0.05042
2568.75771	0
2568.914	0
2569.0703	0
2569.22661	126.66764
2569.38294	265.77582
2569.53929	314.5684
2569.69564	228.46884
2569.85201	124.40798
2570.0084	91.27919
2570.1648	293.21639
2570.32122	476.9643
2570.47764	576.42286
2570.63409	462.06552
2570.79054	263.01755
2570.94702	97.33727
2571.1035	73.82636
2571.26	121.6883
2571.41652	192.16805
2571.57305	169.92732
2571.72959	78.24985
2571.88615	0.14168
2572.04272	0
2572.1993	71.22213
2572.3559	190.6744
2572.51252	309.73553
2572.66915	316.73028
2572.82579	218.26665
2572.98245	126.39007
2573.13912	53.1171
2573.29581	166.15366
2573.45251	202.4222
2573.60922	137.25517
2573.76595	36.65436
2573.92269	0.06594
2574.07945	3.63748
2574.23622	147.2925
2574.39301	255.37576
2574.54981	247.6441
2574.70663	142.98998
2574.86345	77.244
2575.0203	401.33052
2575.17716	698.43117
2575.33403	908.43078
2575.49092	825.94305
2575.64782	585.17162
2575.80473	351.44582
2575.96166	304.28936
2576.11861	318.81055
2576.27556	443.20712
2576.43254	538.65492
2576.58952	457.57884
2576.74652	267.23441
2576.90354	65.26457
2577.06057	0.11671
2577.21762	27.84942
2577.37467	89.23922
2577.53175	98.67911
2577.68883	56.3933
2577.84594	0.10111
2578.00305	0
2578.16018	0
2578.31733	0
2578.47449	51.28785
2578.63166	62.33776
2578.78885	34.80248
2578.94605	14.53719
2579.10327	8.38585
2579.2605	7.77618
2579.41775	3.10469
2579.57501	0.0055
2579.73228	0
2579.88957	1.29969
2580.04687	10.48063
2580.20419	16.52087
2580.36152	13.77179
2580.51887	4.67863
2580.67623	0.00827
2580.8336	6.86253
2580.99099	25.24295
2581.1484	38.94525
2581.30581	36.84671
2581.46325	22.19027
2581.62069	6.2816
2581.77816	0.01108
2581.93563	0
2582.09312	0
2582.25063	0
2582.40815	4.92716
2582.56568	17.35468
2582.72323	26.29309
2582.88079	22.47702
2583.03837	7.24783
2583.19596	0.01277
2583.35356	0.17462
2583.51118	3.31876
2583.66882	0.89592
2583.82647	0.00157
2583.98413	0
2584.14181	0
2584.2995	6.48941
2584.45721	11.70023
2584.61493	8.35251
2584.77266	1.48973
2584.93041	0.00261
2585.08818	0
2585.24596	0
2585.40375	0
2585.56156	0
2585.71938	4.82285
2585.87722	18.04958
2586.03507	27.47861
2586.19293	23.31572
2586.35081	5.27737
2586.50871	0.00924
2586.66662	0.0566
2586.82454	16.97866
2586.98248	27.26719
2587.14043	20.98555
2587.2984	1.82942
2587.45638	0.00316
2587.61437	2.0778
2587.77238	27.80261
2587.93041	37.23785
2588.08845	24.77732
2588.2465	5.24885
2588.40457	0.00916
2588.56265	0.71153
2588.72075	9.34823
2588.87886	13.89326
2589.03699	10.33722
2589.19513	2.78507
2589.35328	0.00486
2589.51145	0
2589.66963	0
2589.82783	0
2589.98605	2.62891
2590.14427	10.79468
2590.30252	18.02426
2590.46077	17.08707
2590.61904	6.45234
2590.77733	0.01127
2590.93563	0
2591.09394	0
2591.25227	0.09857
2591.41062	0.32414
2591.56897	5.68E-4
2591.72735	0
2591.88573	0
2592.04413	0
2592.20255	0
2592.36098	0
2592.51943	0
2592.67789	0
2592.83636	7.07878
2592.99485	26.88548
2593.15335	45.9542
2593.31187	51.36852
2593.4704	38.83982
2593.62895	18.16789
2593.78751	6.38664
2593.94609	11.36562
2594.10468	21.79957
2594.26328	18.3925
2594.4219	0.03202
2594.58054	0
2594.73918	4.80372
2594.89785	27.84199
2595.05653	42.13201
2595.21522	40.10442
2595.37392	27.17646
2595.53265	13.19134
2595.69138	5.23601
2595.85013	7.95516
2596.0089	23.02374
2596.16768	44.41905
2596.32647	58.04949
2596.48528	52.09835
2596.6441	30.44408
2596.80294	10.21006
2596.96179	25.44895
2597.12066	67.75877
2597.27954	106.87443
2597.43844	119.2564
2597.59735	73.77078
2597.75628	13.6805
2597.91522	4.83631
2598.07417	20.13351
2598.23314	59.51186
2598.39212	80.76343
2598.55112	69.96695
2598.71013	39.63316
2598.86916	11.42745
2599.0282	0.0196
2599.18726	0
2599.34633	0
2599.50542	0
2599.66452	0
2599.82363	0
2599.98276	2.52018
2600.14191	17.1739
2600.30107	31.05457
2600.46024	33.86422
2600.61943	21.73175
2600.77863	4.26571
2600.93785	0.00728
2601.09708	3.5447
2601.25633	10.65693
2601.41559	7.21761
2601.57487	0.01239
2601.73416	0
2601.89346	1.6243
2602.05278	13.97047
2602.21212	19.25414
2602.37147	14.9108
2602.53083	6.47705
2602.69021	0.41026
2602.8496	6.86E-4
2603.00901	0
2603.16843	0
2603.32787	0
2603.48732	2.11744
2603.64679	10.71787
2603.80627	23.68646
2603.96576	38.2318
2604.12527	48.18286
2604.2848	44.7245
2604.44434	24.20555
2604.60389	0.13861
2604.76346	1.66E-4
2604.92304	11.02532
2605.08264	32.66357
2605.24226	36.7049
2605.40188	20.68996
2605.56153	0.03521
2605.72118	0
2605.88085	0.72693
2606.04054	20.41673
2606.20024	26.33576
2606.35996	17.10697
2606.51969	3.50783
2606.67943	0.00593
2606.83919	0.195
2606.99897	2.86817
2607.15876	3.51763
2607.31856	2.42285
2607.47838	0.34234
2607.63821	5.76E-4
2607.79806	0.03963
2607.95792	6.96408
2608.1178	19.10372
2608.27769	28.79443
2608.4376	32.39021
2608.59752	35.1735
2608.75745	41.63201
2608.9174	46.0415
2609.07737	39.99205
2609.23735	23.56357
2609.39735	5.16474
2609.55736	0.00867
2609.71738	0
2609.87742	3.00695
2610.03747	18.44005
2610.19754	23.76896
2610.35762	15.50364
2610.51772	3.52094
2610.67783	0.07189
2610.83796	3.67286
2610.9981	6.24699
2611.15826	0.89776
2611.31843	0.0015
2611.47862	0
2611.63882	0
2611.79904	2.31104
2611.95927	11.86565
2612.11951	12.88211
2612.27977	3.60193
2612.44005	0.00603
2612.60034	0
2612.76064	0
2612.92096	8.43642
2613.08129	12.81052
2613.24164	8.24777
2613.40201	0.09613
2613.56238	1.38E-4
2613.72278	0
2613.88318	7.98864
2614.04361	19.98967
2614.20404	23.11601
2614.3645	16.92205
2614.52496	7.33767
2614.68544	0.94611
2614.84594	2.53881
2615.00645	13.00344
2615.16698	25.26079
2615.32752	26.57262
2615.48807	12.18436
2615.64864	0.02038
2615.80923	0
2615.96983	15.23273
2616.13044	40.64647
2616.29107	53.6976
2616.45172	43.39852
2616.61237	18.54989
2616.77305	2.45751
2616.93374	11.84172
2617.09444	35.9625
2617.25516	55.5043
2617.41589	59.51944
2617.57664	30.30065
2617.7374	0.05052
2617.89818	0
2618.05897	17.83806
2618.21978	57.59057
2618.3806	78.62928
2618.54144	63.65524
2618.70229	29.86474
2618.86315	0.48198
2619.02404	21.54937
2619.18493	65.42118
2619.34584	105.0534
2619.50677	116.34747
2619.66771	81.71498
2619.82866	13.71462
2619.98963	8.12101
2620.15062	40.56281
2620.31162	99.5776
2620.47263	95.31366
2620.63366	51.15863
2620.79471	3.58677
2620.95577	0.00582
2621.11684	22.69397
2621.27793	45.62463
2621.43903	44.9993
2621.60015	25.88633
2621.76128	6.39478
2621.92243	4.47391
2622.0836	20.98937
2622.24477	36.75466
2622.40597	31.44345
2622.56717	6.76551
2622.7284	0.01109
2622.88963	1.03572
2623.05089	23.89689
2623.21215	33.85835
2623.37344	22.72632
2623.53473	3.07221
2623.69604	0.00501
2623.85737	0
2624.01871	3.15641
2624.18007	8.11615
2624.34144	3.14529
2624.50283	0.00516
2624.66423	0
2624.82564	0.03764
2624.98707	3.09013
2625.14852	1.20064
2625.30998	0.00197
2625.47146	0
2625.63295	0
2625.79445	0
2625.95597	0
2626.11751	6.54958
2626.27906	10.05079
2626.44062	2.05982
2626.6022	0.00336
2626.7638	0.08418
2626.92541	20.2873
2627.08703	41.32568
2627.24867	44.71516
2627.41032	28.71151
2627.57199	8.46398
2627.73368	1.58022
2627.89538	11.70342
2628.05709	25.28913
2628.21882	25.74592
2628.38056	11.10364
2628.54232	0.01811
2628.7041	0
2628.86589	0.12993
2629.02769	5.98946
2629.18951	5.61357
2629.35134	0.00917
2629.51319	0
2629.67505	0
2629.83693	13.73348
2629.99883	36.33679
2630.16073	45.89952
2630.32266	33.94278
2630.4846	12.57229
2630.64655	3.66171
2630.80852	17.2009
2630.9705	42.82488
2631.1325	60.61581
2631.29451	57.41412
2631.45654	35.76566
2631.61858	12.0544
2631.78064	4.77444
2631.94271	19.3727
2632.1048	42.72745
2632.2669	54.25011
2632.42902	44.05611
2632.59115	22.31162
2632.7533	6.30107
2632.91546	8.18511
2633.07764	42.92173
2633.23984	77.4574
2633.40204	75.91903
2633.56427	42.54926
2633.7265	11.69838
2633.88876	12.0196
2634.05102	41.74518
2634.21331	73.90783
2634.3756	81.2716
2634.53792	51.73777
2634.70024	21.86929
2634.86259	6.61677
2635.02494	16.02977
2635.18732	39.05719
2635.3497	53.33488
2635.51211	44.30627
2635.67453	19.82874
2635.83696	0.03186
2635.99941	0
2636.16187	1.21318
2636.32435	12.74858
2636.48684	20.0944
2636.64935	16.13436
2636.81187	6.39117
2636.97441	3.50027
2637.13696	13.74177
2637.29953	28.18983
2637.46211	31.49336
2637.62471	18.64204
2637.78732	1.19286
2637.94995	0.00187
2638.11259	0.89226
2638.27525	10.72343
2638.43792	17.42867
2638.60061	12.09539
2638.76332	5.04739
2638.92603	10.05854
2639.08877	27.31203
2639.25152	39.2071
2639.41428	29.76385
2639.57706	9.50703
2639.73985	3.03606
2639.90266	25.87499
2640.06548	79.19869
2640.22832	121.37791
2640.39118	128.65204
2640.55405	88.27196
2640.71693	41.90539
2640.87983	14.53093
2641.04274	27.91739
2641.20567	62.11001
2641.36862	79.42569
2641.53158	54.34332
2641.69455	12.1979
2641.85754	22.94368
2642.02055	64.28574
2642.18357	108.67556
2642.3466	110.57026
2642.50965	72.72587
2642.67271	27.16281
2642.83579	9.8799
2642.99889	4.59106
2643.162	12.36345
2643.32513	19.00554
2643.48827	12.77168
2643.65142	0.68314
2643.81459	0.00105
2643.97778	10.85526
2644.14098	20.60664
2644.3042	16.73291
2644.46743	3.75509
2644.63067	0.00591
2644.79393	6.3774
2644.95721	25.03429
2645.1205	33.28778
2645.28381	21.12173
2645.44713	0.27778
2645.61047	3.87E-4
2645.77382	0
2645.93719	8.51445
2646.10057	11.80593
2646.26397	4.70705
2646.42738	0.00742
2646.59081	0
2646.75425	0
2646.91771	0
2647.08118	0
2647.24467	0
2647.40817	12.44359
2647.57169	37.26491
2647.73523	56.17497
2647.89877	56.34307
2648.06234	39.21013
2648.22592	17.51604
2648.38951	2.39539
2648.55312	0.00372
2648.71675	0.52821
2648.88039	8.12571
2649.04404	17.62728
2649.20771	20.70037
2649.3714	13.87161
2649.5351	1.87472
2649.69881	0.00291
2649.86254	2.95709
2650.02629	20.77786
2650.19005	33.6147
2650.35383	27.88451
2650.51762	6.86773
2650.68143	0.01069
2650.84525	0
2651.00909	12.72498
2651.17294	23.83519
2651.33681	21.22002
2651.50069	10.67847
2651.66459	0.38502
2651.8285	5.76E-4
2651.99243	0
2652.15637	2.87421
2652.32033	7.07663
2652.4843	3.50778
2652.64829	0.00546
2652.8123	0
2652.97632	0
2653.14035	0
2653.3044	0
2653.46847	0
2653.63255	0
2653.79664	0.35887
2653.96075	3.95488
2654.12488	0.33426
2654.28902	5.11E-4
2654.45318	0
2654.61735	2.4987
2654.78154	26.40517
2654.94574	52.25414
2655.10996	67.20026
2655.27419	64.89385
2655.43844	47.67157
2655.6027	23.96546
2655.76698	6.53892
2655.93127	7.14671
2656.09558	25.95811
2656.25991	47.5177
2656.42425	52.84894
2656.5886	37.9986
2656.75297	16.50882
2656.91736	3.52233
2657.08176	2.10739
2657.24617	4.0596
2657.4106	1.26668
2657.57505	0.00195
2657.73951	0
2657.90399	0
2658.06848	0
2658.23299	0
2658.39751	0
2658.56205	0
2658.7266	4.46236
2658.89117	21.58396
2659.05575	34.45203
2659.22035	36.78266
2659.38497	28.27939
2659.5496	12.74061
2659.71424	0.01957
2659.8789	0
2660.04358	3.44432
2660.20827	16.87157
2660.37297	19.81921
2660.53769	9.61513
2660.70243	0.09455
2660.86718	4.02843
2661.03195	27.097
2661.19673	53.96166
2661.36153	63.50518
2661.52634	46.83871
2661.69117	18.47864
2661.85601	5.0307
2662.02087	18.64637
2662.18575	43.61121
2662.35064	52.84179
2662.51554	36.49387
2662.68046	11.57925
2662.8454	4.39946
2663.01035	24.94743
2663.17532	56.60579
2663.3403	70.14769
2663.50529	51.80231
2663.67031	19.81018
2663.83533	7.05681
2664.00038	26.70775
2664.16544	57.42662
2664.33051	81.97539
2664.4956	57.30344
2664.6607	26.23804
2664.82582	6.41132
2664.99096	6.14537
2665.15611	16.19736
2665.32127	19.58514
2665.48645	9.21091
2665.65165	0.01397
2665.81686	0
2665.98209	11.88953
2666.14733	31.5993
2666.31259	36.38867
2666.47786	23.92093
2666.64315	7.05341
2666.80846	0.01066
2666.97378	0
2667.13911	1.74589
2667.30446	0.39331
2667.46983	5.93E-4
2667.63521	0
2667.8006	0
2667.96601	6.25838
2668.13144	7.87998
2668.29688	0.25289
2668.46234	3.65E-4
2668.62782	1.37609
2668.7933	25.55593
2668.95881	51.90914
2669.12433	63.29457
2669.28986	53.18028
2669.45541	30.11967
2669.62098	10.42932
2669.78656	5.02568
2669.95215	10.24483
2670.11777	13.1877
2670.28339	6.29473
2670.44904	0.00945
2670.61469	0
2670.78037	0
2670.94606	0
2671.11176	0
2671.27748	0
2671.44322	0
2671.60897	0
2671.77473	0.1673
2671.94051	1.73649
2672.10631	0.72019
2672.27212	0.00108
2672.43795	0
2672.60379	0.51874
2672.76965	7.69783
2672.93553	9.61161
2673.10142	5.6964
2673.26732	1.14951
2673.43324	0.00171
2673.59918	0
2673.76513	0.0036
2673.93109	9.18951
2674.09708	23.58322
2674.26307	36.38149
2674.42909	42.64047
2674.59512	41.13228
2674.76116	33.25346
2674.92722	23.5078
2675.09329	18.57736
2675.25938	19.48132
2675.42549	17.53993
2675.59161	7.55915
2675.75775	0.01125
2675.9239	0.09154
2676.09007	16.47511
2676.25625	36.37772
2676.42245	42.21761
2676.58866	30.89949
2676.75489	13.16202
2676.92114	2.51239
2677.0874	3.65527
2677.25368	8.52454
2677.41997	5.59848
2677.58627	0.27448
2677.7526	3.96E-4
2677.91893	0.34
2678.08529	13.03594
2678.25166	27.4136
2678.41804	27.8378
2678.58444	14.29256
2678.75086	1.55805
2678.91729	6.79554
2679.08374	33.50021
2679.2502	62.64459
2679.41668	68.89923
2679.58317	46.72336
2679.74968	18.42476
2679.9162	12.43846
2680.08274	34.73375
2680.2493	63.55448
2680.41587	70.8698
2680.58245	48.41536
2680.74906	15.59665
2680.91567	2.48117
2681.08231	20.96926
2681.24895	51.00213
2681.41562	60.03891
2681.5823	39.78229
2681.74899	3.18413
2681.9157	0.00461
2682.08243	35.75054
2682.24917	75.71913
2682.41593	74.38473
2682.5827	47.26415
2682.74949	15.4082
2682.91629	0.02258
2683.08311	0
2683.24995	0.65615
2683.4168	0.22181
2683.58366	3.25E-4
2683.75055	0.13548
2683.91744	14.69263
2684.08436	41.62536
2684.25128	87.32242
2684.41823	75.73405
2684.58519	42.39454
2684.75216	0.23927
2684.91915	2.6E-4
2685.08616	21.64713
2685.25318	53.09251
2685.42022	62.78824
2685.58727	32.62704
2685.75434	0.04767
2685.92143	1.89097
2686.08853	47.5611
2686.25564	86.35507
2686.42277	95.03023
2686.58992	62.14242
2686.75708	15.09822
2686.92426	9.18212
2687.09145	29.67497
2687.25866	73.48075
2687.42589	84.65903
2687.59313	54.9284
2687.76038	26.21816
2687.92765	8.07056
2688.09494	4.56124
2688.26224	10.03363
2688.42956	18.78516
2688.5969	25.62939
2688.76425	26.9918
2688.93161	21.49021
2689.09899	12.02401
2689.26639	3.29192
2689.4338	0.00475
2689.60123	0
2689.76867	0
2689.93613	2.94649
2690.1036	20.77148
2690.27109	31.53261
2690.4386	28.56288
2690.60612	15.46863
2690.77366	1.62298
2690.94121	0.00232
2691.10878	2.39701
2691.27636	10.79669
2691.44396	9.82258
2691.61158	8.96372
2691.77921	22.31932
2691.94686	48.75154
2692.11452	69.32103
2692.2822	66.59317
2692.44989	42.54613
2692.6176	14.84278
2692.78533	0.31277
2692.95307	0.16188
2693.12082	7.33224
2693.2886	9.114
2693.45638	1.02144
2693.62419	0.00145
2693.79201	0
2693.95984	14.94035
2694.12769	34.76715
2694.29556	37.89408
2694.46344	20.74347
2694.63134	0.02974
2694.79925	0
2694.96718	6.8805
2695.13512	31.62912
2695.30309	41.59305
2695.47106	31.25713
2695.63905	14.00423
2695.80706	9.96446
2695.97508	25.51255
2696.14312	45.64304
2696.31118	49.66711
2696.47925	32.90665
2696.64733	10.24469
2696.81544	0.78255
2696.98355	11.00607
2697.15169	30.12345
2697.31984	39.65512
2697.488	29.54253
2697.65618	7.76692
2697.82438	0.01103
2697.99259	1.69998
2698.16082	26.23397
2698.32906	46.6126
2698.49732	47.64331
2698.66559	25.78335
2698.83388	0.03667
2699.00219	0
2699.17051	17.92131
2699.33885	19.41105
2699.5072	11.61443
2699.67557	11.71551
2699.84396	29.41212
2700.01236	53.83401
2700.18077	100.79141
2700.34921	52.53674
2700.51766	22.32064
2700.68612	0.0316
2700.8546	1.9473
2701.02309	33.69493
2701.19161	61.01491
2701.36013	65.03341
2701.52867	46.17598
2701.69723	12.60274
2701.86581	11.87373
2702.0344	28.27213
2702.203	55.86367
2702.37162	67.93397
2702.54026	51.56281
2702.70892	21.24891
2702.87758	5.20845
2703.04627	18.02095
2703.21497	45.89345
2703.38369	59.33795
2703.55242	42.40544
2703.72117	11.51455
2703.88993	1.06685
2704.05871	21.41059
2704.2275	52.75056
2704.39631	77.32231
2704.56514	50.96319
2704.73398	18.995
2704.90284	8.04207
2705.07172	6.01407
2705.24061	13.32226
2705.40951	17.06862
2705.57844	11.53386
2705.74737	1.13209
2705.91633	0.00157
2706.0853	4.04609
2706.25428	16.65609
2706.42328	21.61107
2706.5923	14.24248
2706.76133	5.32181
2706.93038	10.59722
2707.09944	32.88236
2707.26852	61.90003
2707.43762	73.75282
2707.60673	42.42297
2707.77586	11.71116
2707.945	11.37162
2708.11416	43.2705
2708.28334	75.01571
2708.45253	64.01406
2708.62173	30.80493
2708.79096	0.0429
2708.9602	11.18356
2709.12945	45.42217
2709.29872	67.66435
2709.46801	62.78925
2709.63731	36.19348
2709.80663	12.66274
2709.97596	10.49065
2710.14531	23.555
2710.31468	30.22868
2710.48406	18.51755
2710.65345	0.31679
2710.82287	4.04E-4
2710.9923	0
2711.16174	0
2711.3312	0
2711.50068	0
2711.67017	0.0897
2711.83968	21.89927
2712.0092	50.24276
2712.17874	71.42064
2712.3483	72.68581
2712.51787	39.88246
2712.68746	15.78938
2712.85706	9.59863
2713.02668	6.47639
2713.19632	6.16751
2713.36597	0.00851
2713.53564	0
2713.70532	0
2713.87502	13.77172
2714.04474	41.96469
2714.21447	66.878
2714.38422	68.63745
2714.55398	42.68288
2714.72376	6.60518
2714.89355	0.00901
2715.06336	14.14852
2715.23319	41.03462
2715.40303	44.78092
2715.57289	27.96961
2715.74277	9.8274
2715.91266	8.8353
2716.08256	26.40296
2716.25249	45.28634
2716.42242	45.76272
2716.59238	25.83597
2716.76235	3.49839
2716.93233	0.00475
2717.10234	4.00292
2717.27235	12.65552
2717.44239	12.25794
2717.61244	3.46883
2717.7825	0.00473
2717.95259	11.12882
2718.12268	35.42084
2718.2928	54.80802
2718.46293	52.87409
2718.63307	31.27552
2718.80324	9.7601
2718.97341	6.25996
2719.14361	18.58319
2719.31382	28.11141
2719.48404	19.76859
2719.65428	0.0269
2719.82454	0
2719.99482	8.15774
2720.16511	40.14127
2720.33541	62.48012
2720.50573	55.92743
2720.67607	27.5836
2720.84642	7.31328
2721.01679	15.35886
2721.18718	38.74986
2721.35758	46.99887
2721.528	28.63225
2721.69843	4.5404
2721.86888	4.00076
2722.03935	32.4968
2722.20983	65.8909
2722.38033	74.86483
2722.55084	41.01011
2722.72137	0.05545
2722.89192	0
2723.06248	35.1476
2723.23306	62.86639
2723.40365	69.494
2723.57426	47.90787
2723.74489	18.92122
2723.91553	11.66772
2724.08619	34.73344
2724.25686	65.11737
2724.42755	70.14388
2724.59826	44.35601
2724.76898	9.85893
2724.93972	54.92203
2725.11047	108.42208
2725.28124	130.81887
2725.45203	98.48287
2725.62283	50.09893
2725.79365	14.42426
2725.96448	10.43519
2726.13533	19.00143
2726.3062	39.3113
2726.47708	41.23018
2726.64798	23.48551
2726.8189	8.71425
2726.98983	15.63228
2727.16077	38.92285
2727.33174	54.706
2727.50272	45.05639
2727.67371	16.49396
2727.84472	0.02199
2728.01575	0
2728.18679	19.28974
2728.35785	33.62524
2728.52893	25.76103
2728.70002	7.49235
2728.87113	3.43072
2729.04225	23.07394
2729.21339	47.52074
2729.38455	49.48762
2729.55572	26.34483
2729.72691	4.97241
2729.89811	9.85345
2730.06933	34.23108
2730.24057	49.73579
2730.41182	39.74306
2730.58309	16.13798
2730.75438	4.437
2730.92568	17.68683
2731.097	45.21196
2731.26833	63.10214
2731.43968	55.68967
2731.61104	30.0512
2731.78243	9.6671
2731.95382	11.6033
2732.12524	30.09474
2732.29667	43.68119
2732.46811	37.02421
2732.63958	14.52262
2732.81106	0.01905
2732.98255	0
2733.15406	3.07161
2733.32559	9.54477
2733.49713	2.29635
2733.66869	0.003
2733.84027	0
2734.01186	19.88458
2734.18346	39.50459
2734.35509	37.98116
2734.52673	19.65784
2734.69838	3.80285
2734.87006	3.4297
2735.04175	15.54872
2735.21345	27.68318
2735.38517	28.63973
2735.55691	16.10586
2735.72866	0.02106
2735.90043	0
2736.07222	0
2736.24402	4.90076
2736.41584	5.79319
2736.58767	0.70165
2736.75952	3.31911
2736.93139	16.10982
2737.10327	25.03777
2737.27517	19.01784
2737.44708	1.92902
2737.61902	0.00249
2737.79096	0
2737.96293	6.15988
2738.13491	20.28613
2738.3069	25.12096
2738.47891	18.8097
2738.65094	6.91562
2738.82299	0.00899
2738.99505	0
2739.16713	0
2739.33922	0
2739.51133	0
2739.68345	0
2739.8556	0
2740.02775	2.50466
2740.19993	11.09761
2740.37212	17.07793
2740.54433	18.31654
2740.71655	15.71842
2740.88879	10.65054
2741.06104	4.1216
2741.23332	0.00534
2741.4056	0
2741.57791	4.68092
2741.75023	14.78024
2741.92257	27.81148
2742.09492	42.52741
2742.26729	52.61582
2742.43967	48.96553
2742.61208	30.35356
2742.78449	7.62582
2742.95693	0.00982
2743.12938	0
2743.30185	0
2743.47433	0
2743.64683	0.42257
2743.81934	15.15367
2743.99188	39.57973
2744.16442	60.99338
2744.33699	67.30604
2744.50957	29.39634
2744.68217	0.03785
2744.85478	0
2745.02741	0
2745.20006	43.0109
2745.37272	70.97692
2745.5454	55.12311
2745.71809	20.05743
2745.8908	0.02572
2746.06353	8.30885
2746.23627	41.11306
2746.40903	58.39231
2746.58181	48.02641
2746.7546	20.16992
2746.92741	0.02578
2747.10024	0
2747.27308	16.83125
2747.44594	32.06386
2747.61881	24.34682
2747.7917	9.02697
2747.96461	1.11134
2748.13753	0.13558
2748.31047	1.72E-4
2748.48342	0
2748.6564	0
2748.82939	1.99429
2749.00239	22.82589
2749.17541	44.32976
2749.34845	48.19664
2749.5215	30.15761
2749.69457	10.03977
2749.86766	13.38371
2750.04076	42.60002
2750.21388	71.59948
2750.38702	72.04419
2750.56017	42.9171
2750.73334	12.02828
2750.90652	8.02976
2751.07972	31.2716
2751.25294	53.86989
2751.42617	50.16203
2751.59942	24.86545
2751.77269	6.54607
2751.94597	13.4837
2752.11927	33.29081
2752.29259	39.92634
2752.46592	24.25538
2752.63927	1.91596
2752.81263	0.00239
2752.98601	2.64568
2753.15941	18.69964
2753.33282	25.16278
2753.50625	15.06602
2753.6797	0.01899
2753.85316	0
2754.02664	7.69787
2754.20014	30.62858
2754.37365	38.84853
2754.54718	26.96113
2754.72072	9.13696
2754.89428	2.08755
2755.06786	7.6095
2755.24145	12.00944
2755.41506	3.41346
2755.58869	0.00428
2755.76233	0
2755.93599	13.92022
2756.10967	40.13754
2756.28336	53.25401
2756.45707	42.42845
2756.6308	17.89873
2756.80454	0.02237
2756.9783	0
2757.15207	0
2757.32586	0
2757.49967	0
2758.02119	0
2758.19506	0
2758.36895	0
2758.54286	0
2758.71678	0.74902
2758.89072	16.73467
2759.06468	34.53792
2759.23865	41.97262
2759.41264	33.25047
2759.58664	15.56875
2759.76066	3.71706
2759.9347	7.23779
2760.10876	20.59282
2760.28283	26.4466
2760.45691	14.24834
2760.63102	0.01769
2760.80514	0
2760.97927	19.44901
2761.15343	46.01129
2761.3276	53.16377
2761.50178	34.5683
2761.67598	8.54958
2761.8502	0.69724
2762.02444	18.06227
2762.19869	47.05781
2762.37296	62.37623
2762.54724	51.46018
2762.72155	24.47735
2762.89586	2.85395
2763.0702	0.00349
2763.24455	0
2763.41892	0
2763.5933	0
2763.7677	0
2763.94212	0
2764.11655	0
2764.291	0
2764.46547	0
2764.63995	4.50527
2764.81445	30.21794
2764.98897	62.52135
2765.1635	81.83316
2765.33805	72.24796
2765.51261	40.24171
2765.6872	10.39714
2765.86179	0.1013
2766.03641	0.76179
2766.21104	9.3E-4
2766.38569	0
2766.56035	0
2766.73504	0
2766.90973	1.61069
2767.08445	5.41735
2767.25918	5.22956
2767.43393	2.36909
2767.60869	0.00288
2767.78347	0
2767.95827	0
2768.13308	0
2768.30791	0
2768.48276	0
2768.65762	0
2768.8325	0.40838
2769.0074	6.66034
2769.18231	13.01255
2769.35724	14.06934
2769.53219	7.12289
2769.70715	0.00864
2769.88213	0
2770.05713	1.95203
2770.23214	15.55929
2770.40717	23.27081
2770.58222	22.01294
2770.75728	14.31998
2770.93236	5.43263
2771.10745	0.00657
2771.28256	0
2771.45769	0
2771.63284	0
2771.808	3.8458
2771.98318	14.47434
2772.15837	23.66189
2772.33359	21.47925
2772.50881	8.83365
2772.68406	1.41543
2772.85932	13.19982
2773.0346	39.8323
2773.20989	85.6426
2773.38521	69.16724
2773.56053	37.5514
2773.73588	2.93329
2773.91124	0.00348
2774.08662	16.96728
2774.26201	50.86819
2774.43742	85.69977
2774.61285	51.58051
2774.7883	23.53373
2774.96376	1.49635
2775.13924	0.00176
2775.31473	0
2775.49024	1.91952
2775.66577	0.99162
2775.84131	5.1651
2776.01688	24.11789
2776.19245	53.68966
2776.36805	81.10904
2776.54366	57.3936
2776.71929	28.43306
2776.89493	8.67249
2777.07059	3.45227
2777.24627	5.83425
2777.42196	8.19324
2777.59767	11.20718
2777.7734	20.75719
2777.94915	33.81555
2778.12491	40.5199
2778.30069	34.66877
2778.47648	19.81363
2778.65229	6.4725
2778.82812	4.27569
2779.00396	13.55033
2779.17983	22.56796
2779.3557	17.30444
2779.5316	0.02036
2779.70751	0
2779.88344	0.03207
2780.05938	19.94984
2780.23534	33.91993
2780.41132	31.95248
2780.58732	18.29746
2780.76333	4.08685
2780.93936	0.00478
2781.1154	1.80292
2781.29146	8.63348
2781.46754	10.16844
2781.64364	4.15768
2781.81975	0.3446
2781.99588	0.67992
2782.17202	2.01015
2782.34818	0.50696
2782.52436	5.93E-4
2782.70056	0
2782.87677	0.56817
2783.053	11.90987
2783.22925	18.76731
2783.40551	13.9179
2783.58179	2.69142
2783.75808	0.00313
2783.9344	2.15041
2784.11073	11.18106
2784.28707	14.0228
2784.46343	7.84326
2784.63981	2.86777
2784.81621	8.14611
2784.99262	15.82489
2785.16905	15.53667
2785.3455	7.56057
2785.52196	0.13112
2785.69845	1.43E-4
2785.87494	4.03213
2786.05146	12.55038
2786.22799	16.76664
2786.40453	10.40209
2786.5811	0.0121
2786.75768	0
2786.93428	0
2787.11089	3.29075
2787.28752	7.21564
2787.46417	1.07009
2787.64084	0.00124
2787.81752	3.85489
2787.99422	25.83939
2788.17093	46.66302
2788.34766	48.31773
2788.52441	28.08125
2788.70118	4.76666
2788.87796	2.04455
2789.05476	22.94554
2789.23158	45.12975
2789.40841	45.42114
2789.58526	25.28254
2789.76213	7.21021
2789.93901	8.92842
2790.11591	25.94028
2790.29283	38.18457
2790.46976	30.37795
2790.64671	6.23587
2790.82368	0.00718
2791.00066	4.65956
2791.17766	32.40407
2791.35468	41.10966
2791.53172	26.43855
2791.70877	9.89597
2791.88584	12.23364
2792.06292	26.18026
2792.24003	25.96969
2792.41715	4.65121
2792.59428	0.00533
2792.77143	7.98357
2792.9486	42.42515
2793.12579	71.17091
2793.30299	70.27126
2793.48021	42.43844
2793.65745	15.34479
2793.83471	13.12548
2794.01198	31.53257
2794.18926	44.78517
2794.36657	35.48769
2794.54389	11.43769
2794.72123	0.01302
2794.89858	0
2795.07596	7.57689
2795.25335	8.07729
2795.43075	0.87647
2795.60817	9.9E-4
2795.78561	1.55074
2795.96307	19.3299
2796.14054	37.24044
2796.31803	40.55031
2796.49554	25.84735
2796.67307	6.2486
2796.85061	0.00708
2797.02817	2.45302
2797.20574	7.69342
2797.38333	3.31314
2797.56094	0.00376
2797.73857	0
2797.91621	0
2798.09387	0.45687
2798.27155	1.91757
2798.44924	0.00218
2798.62695	0
2798.80468	4.48032
2798.98242	21.11806
2799.16018	31.35454
2799.33796	26.56404
2799.51575	12.02671
2799.69357	0.54016
2799.8714	5.96E-4
2800.04924	8.73916
2800.2271	30.15639
2800.40498	51.80192
2800.58288	58.95375
2800.76079	45.07619
2800.93872	19.91037
2801.11667	0.53978
2801.29464	5.82E-4
2801.47262	0
2801.65062	0
2801.82863	0
2802.00666	0
2802.18471	0.27746
2802.36278	14.4505
2802.54086	30.09691
2802.71896	33.56914
2802.89708	21.34751
2803.07521	4.21231
2803.25336	0.0047
2803.43153	0
2803.60972	0
2803.78792	0
2803.96614	0
2804.14438	0.76703
2804.32263	1.65487
2804.5009	0.00185
2804.67919	0
2804.85749	3.06636
2805.03581	21.49098
2805.21415	40.23905
2805.3925	47.18679
2805.57088	36.68643
2805.74927	17.39584
2805.92767	5.77596
2806.10609	9.34164
2806.28453	19.23123
2806.46299	21.38539
2806.64147	11.65671
2806.81996	0.01287
2806.99847	0
2807.17699	0
2807.35553	0
2807.53409	2.91615
2807.71267	2.1438
2807.89126	0.00237
2808.06987	0
2808.2485	2.20804
2808.42714	9.27906
2808.60581	12.4016
2808.78449	13.04551
2808.96318	14.31925
2809.14189	14.15177
2809.32062	9.08225
2809.49937	1.36295
2809.67813	0.00149
2809.85692	0.09252
2810.03571	9.5803
2810.21453	23.38483
2810.39336	32.11787
2810.57221	28.08989
2810.75108	12.28948
2810.92996	0.01347
2811.10886	0
2811.28778	0
2811.46671	2.84433
2811.64566	0.09552
2811.82463	1.01E-4
2812.00362	0
2812.18262	10.85738
2812.36164	21.64884
2812.54068	22.06335
2812.71973	11.30182
2812.8988	0.01235
2813.07789	0
2813.257	0
2813.43612	0
2813.61526	0
2813.79442	1.75849
2813.97359	25.7779
2814.15278	49.33031
2814.33199	54.34161
2814.51122	30.19611
2814.69046	0.03291
2814.86972	0
2815.049	0
2815.22829	58.78802
2815.4076	63.99885
2815.58693	45.38309
2815.76627	16.46522
2815.94564	0.01782
2816.12502	0
2816.30441	4.36546
2816.48383	5.68568
2816.66326	2.43688
2816.84271	3.04413
2817.02217	8.37944
2817.20165	10.44876
2817.38115	2.35969
2817.56067	0.00254
2817.7402	0.19865
2817.91975	12.08689
2818.09932	58.62394
2818.27891	110.376
2818.45851	161.44873
2818.63813	152.78375
2818.81777	99.38354
2818.99742	47.42871
2819.17709	28.923
2819.35678	83.91326
2819.53649	139.85129
2819.71621	185.46508
2819.89595	192.64359
2820.07571	151.837
2820.25548	98.46771
2820.43527	56.39571
2820.61508	35.41537
2820.79491	38.46671
2820.97475	55.98701
2821.15461	95.98225
2821.33449	113.3662
2821.51438	79.75928
2821.6943	35.2906
2821.87422	15.21663
2822.05417	5.28845
2822.23413	0.5221
2822.41411	5.53E-4
2822.59411	0.06233
2822.77413	3.95135
2822.95416	15.09945
2823.13421	30.62842
2823.31428	43.54937
2823.49436	43.87704
2823.67446	18.7411
2823.85458	0.01993
2824.03472	1.6676
2824.21487	9.8055
2824.39504	9.51617
2824.57523	7.22876
2824.75543	6.46799
2824.93565	9.67327
2825.11589	17.60607
2825.29615	30.99502
2825.47642	81.51074
2825.65672	116.75784
2825.83702	127.12479
2826.01735	111.47647
2826.19769	54.88076
2826.37805	0.9576
2826.55843	0.31424
2826.73882	0
2826.91924	0
2827.09966	0
2827.28011	0
2827.46057	7.54142
2827.64106	38.67413
2827.82155	88.70117
2828.00207	134.07097
2828.1826	169.92399
2828.36315	201.05254
2828.54372	221.95133
2828.7243	201.54764
2828.90491	131.84567
2829.08553	53.23733
2829.26616	1.62731
2829.44682	7.67563
2829.62749	6.27587
2829.80818	3.48476
2829.98888	13.42389
2830.1696	72.91852
2830.35035	144.89262
2830.5311	201.16871
2830.71188	196.69071
2830.89267	188.63907
2831.07348	183.0404
2831.25431	176.21565
2831.43515	157.91138
2831.61601	113.56149
2831.79689	40.94011
2831.97779	43.59047
2832.1587	113.60515
2832.33963	61.40843
2832.52058	1.2304
2832.70155	0.00577
2832.88253	0
2833.06353	11.20194
2833.24455	3.4153
2833.42558	0.01673
2833.60664	0
2833.78771	0
2833.96879	0
2834.1499	0
2834.87449	0
2835.05568	0
2835.23689	0
2835.41811	0
2835.59936	0.47017
2835.78062	8.088
2835.9619	15.40623
2836.14319	15.10417
2836.32451	4.32023
2836.50584	0.02109
2836.68718	0
2836.86855	6.36875
2837.04993	19.78561
2837.23133	18.33851
2837.41275	5.08547
2837.59418	0.0248
2837.77564	11.47224
2837.9571	32.17861
2838.13859	37.97478
2838.3201	20.9463
2838.50162	0.10298
2838.68316	0
2838.86471	3.05555
2839.04629	20.56374
2839.22788	27.88677
2839.40949	21.20713
2839.59111	7.24559
2839.77276	0.03539
2839.95442	0
2840.1361	0
2840.31779	0
2840.49951	0
2840.68124	0
2840.86299	0
2841.04475	0
2841.22653	0
2841.40834	2.63312
2841.59015	15.83597
2841.77199	31.10789
2841.95384	43.07343
2842.13571	45.30918
2842.3176	34.04605
2842.49951	13.23022
2842.68143	0.0646
2842.86337	0
2843.04533	5.20817
2843.2273	13.60277
2843.40929	7.42587
2843.5913	0.03637
2843.77333	0
2843.95538	9.8247
2844.13744	33.05766
2844.31952	46.70973
2844.50162	41.8007
2844.68373	24.98413
2844.86587	10.05906
2845.04802	4.9232
2845.23018	8.50907
2845.41237	17.00297
2845.59457	26.38453
2845.77679	29.76964
2845.95903	20.80822
2846.14128	3.25245
2846.32356	0.01554
2846.50585	0
2846.68815	0
2846.87048	0
2847.05282	0
2848.51219	0
2848.69469	0
2848.87721	0
2849.05975	0
2849.2423	4.47078
2849.42487	18.78086
2849.60746	37.21682
2849.79006	53.62056
2849.97269	60.54398
2850.15533	53.44957
2850.33799	34.49695
2850.52066	13.53921
2850.70336	1.87714
2850.88607	1.12445
2851.0688	0.6674
2851.25154	0.00325
2851.43431	0.67143
2851.61709	1.9064
2851.79989	13.00339
2851.9827	34.62602
2852.16554	54.37475
2852.34839	57.00426
2852.53126	38.5411
2852.71414	11.46645
2852.89705	2.30022
2853.07997	20.57293
2853.26291	38.59926
2853.44587	43.32701
2853.62884	35.21864
2853.81183	21.12391
2853.99484	6.99881
2854.17787	0.03384
2854.36092	0
2854.54398	0
2854.72706	0.69637
2854.91016	0.11394
2855.09327	5.42E-4
2855.27641	0
2855.45956	0
2855.64273	0
2855.82591	0
2856.37558	0
2856.55883	0
2856.74211	0
2856.9254	0
2857.10871	3.12865
2857.29203	7.80411
2857.47538	5.00101
2857.65874	0.02429
2857.84212	0
2858.02552	0.93193
2858.20894	12.98306
2858.39237	19.84228
2858.57582	14.78324
2858.75929	4.50405
2858.94277	1.30299
2859.12628	8.00684
2859.3098	16.61661
2859.49334	20.88239
2859.67689	24.22193
2859.86047	32.54932
2860.04406	43.62795
2860.22767	47.77632
2860.4113	37.1056
2860.59494	15.468
2860.77861	0.07467
2860.96229	0.27971
2861.14598	13.93619
2861.3297	21.87278
2861.51343	12.87135
2861.69719	0.0623
2861.88095	0
2862.06474	0
2862.24855	4.72391
2862.43237	4.41663
2862.61621	0.02143
2862.80007	0
2862.98394	0
2863.16783	0
2863.35174	0
2863.53567	6.5718
2863.71962	18.80043
2863.90358	33.5168
2864.08756	43.89742
2864.27156	41.00319
2864.45558	23.96791
2864.63961	5.20303
2864.82367	0.6392
2865.00774	11.94961
2865.19183	27.2276
2865.37593	30.47619
2865.56005	17.99869
2865.7442	0.48389
2865.92835	0.00193
2866.11253	0
2866.29673	9.06392
2866.48094	12.9279
2866.66517	5.38547
2866.84942	1.47171
2867.03368	8.35296
2867.21796	16.00577
2867.40227	11.42357
2867.58658	0.05514
2867.77092	0
2867.95528	1.00058
2868.13965	11.35479
2868.32404	14.68226
2868.50845	8.54862
2868.69287	0.0751
2868.87731	1.65E-4
2869.06178	0
2869.24625	3.48034
2869.43075	1.20443
2869.61527	0.00576
2869.7998	0
2869.98435	0
2870.16892	8.69079
2870.3535	28.80179
2870.5381	46.74464
2870.72273	53.43681
2870.90736	44.70729
2871.09202	26.09774
2871.2767	8.82352
2871.46139	0.07745
2871.6461	1.71E-4
2871.83083	3.9969
2872.01557	14.05159
2872.20034	23.63202
2872.38512	23.19014
2872.56992	9.66721
2872.75474	0.04627
2872.93957	0
2873.12442	0
2873.30929	0
2873.49418	0
2873.67909	0
2873.86401	0.35221
2874.04896	16.6225
2874.23392	28.3393
2874.41889	26.81918
2874.60389	15.08289
2874.7889	4.30075
2874.97393	5.41376
2875.15898	19.39131
2875.34405	35.94345
2875.52914	43.48271
2875.71424	38.99568
2875.89936	27.15157
2876.0845	13.34976
2876.26966	1.66332
2876.45483	0.00772
2876.64002	0
2876.82523	0
2877.01046	0
2877.19571	0
2878.12221	0
2878.30756	0
2878.49293	0
2878.67832	0
2878.86373	7.00683
2879.04915	24.3371
2879.23459	42.72847
2879.42006	54.0876
2879.60553	51.48069
2879.79103	34.9101
2879.97655	14.63479
2880.16208	4.65034
2880.34763	9.31352
2880.5332	18.87912
2880.71878	20.89714
2880.90439	13.09164
2881.09001	2.25699
2881.27565	0.01057
2881.46131	0
2881.64698	0
2881.83268	11.04055
2882.01839	22.57765
2882.20412	24.53251
2882.38987	14.68634
2882.57563	1.08848
2882.76142	0.0049
2882.94722	0.11084
2883.13304	12.04603
2883.31888	18.76354
2883.50473	9.84149
2883.69061	0.04689
2883.8765	0
2884.06241	12.77078
2884.24834	32.8396
2884.43428	33.94716
2884.62024	18.31637
2884.80623	2.63472
2884.99223	0.21649
2885.17824	3.92896
2885.36428	4.98733
2885.55033	0.07214
2885.7364	2.32E-4
2885.92249	0
2886.1086	6.04233
2886.29473	22.0214
2886.48087	24.29768
2886.66703	9.82587
2886.85321	0.04657
2887.03941	0
2887.22562	13.60472
2887.41186	28.82263
2887.59811	26.81443
2887.78438	12.40104
2887.97067	0.48712
2888.15697	0.00205
2888.34329	3.48164
2888.52964	6.0675
2888.716	3.6804
2888.90237	2.99488
2889.08877	9.14192
2889.27518	16.07185
2889.46162	14.80207
2889.64807	4.94585
2889.83453	0.02333
2890.02102	0
2890.20752	0
2890.39405	0
2890.58059	0
2890.76714	0.8802
2890.95372	4.64788
2891.14031	4.82547
2891.32693	0.76066
2891.51356	0.00352
2891.70021	0
2891.88687	0
2892.07356	9.96205
2892.26026	27.588
2892.44698	36.60973
2892.63372	29.8228
2892.82048	14.2497
2893.00725	4.631
2893.19405	8.79822
2893.38086	22.6111
2893.56769	36.83662
2893.75453	44.24243
2893.9414	41.29061
2894.12828	28.53859
2894.31518	11.44885
2894.5021	0.07851
2894.68904	1.17E-4
2894.876	10.72744
2895.06297	29.71386
2895.24997	41.0195
2895.43698	34.43847
2895.624	14.02948
2895.81105	0.06608
2895.99812	0
2896.1852	0.46112
2896.3723	8.71835
2896.55942	7.83588
2896.74656	0.69824
2896.93371	0.00315
2897.12089	0
2897.30808	1.29533
2897.49529	1.09402
2897.68252	0.00518
2897.86976	0
2898.05703	0
2898.24431	0
2898.43161	7.09488
2898.61893	10.10091
2898.80626	8.28977
2898.99362	8.03029
2899.18099	10.20315
2899.36838	9.31024
2899.55579	3.51232
2899.74322	0.01648
2899.93067	0.01794
2900.11813	8.52535
2900.30561	20.90151
2900.49311	30.2374
2900.68063	33.44159
2900.86817	32.69724
2901.05573	31.19753
2901.2433	27.13759
2901.43089	16.99108
2901.6185	5.11686
2901.80613	2.35492
2901.99377	11.16719
2902.18144	18.56722
2902.36912	10.9125
2902.55682	0.05132
2902.74454	0
2902.93228	0.67485
2903.12003	15.58827
2903.30781	16.56663
2903.4956	5.9645
2903.68341	1.9819
2903.87124	17.97464
2904.05908	45.36717
2904.24695	60.5127
2904.43483	49.28405
2904.62273	22.10419
2904.81065	1.56256
2904.99859	0.00691
2905.18654	3.32796
2905.37452	8.16027
2905.56251	13.98203
2905.75052	23.20459
2905.93855	28.4724
2906.1266	21.17574
2906.31466	4.95796
2906.50275	0.02298
2906.69085	0.62329
2906.87897	16.42982
2907.06711	29.28123
2907.25526	27.25132
2907.44344	12.74042
2907.63163	0.0596
2907.81984	0
2908.00807	2.28495
2908.19632	13.11412
2908.38459	16.04755
2908.57287	9.47778
2908.76117	0.63401
2908.94949	0.00278
2909.13783	0
2909.32619	0
2909.51457	0
2909.70296	0
2909.89137	0
2910.0798	0
2910.26825	0
2910.45672	0.51745
2910.64521	0.39033
2910.83371	3.96305
2911.02223	16.12524
2911.21077	25.7154
2911.39933	16.91018
2911.58791	0.07908
2911.77651	0
2911.96512	13.73303
2912.15375	37.02047
2912.3424	47.21405
2912.53107	36.17439
2912.71976	12.60608
2912.90846	0
2913.09719	0
2913.28593	0
2913.47469	0
2913.66347	0
2913.85227	0
2914.04108	0.01129
2914.22992	0.1498
2914.41877	0.05861
2914.60764	0
2914.79653	0
2914.98544	0
2915.17436	0.28551
2915.36331	7.65064
2915.55227	34.34823
2915.74125	117.16708
2915.93025	137.98529
2916.11927	135.15204
2916.30831	112.94203
2916.49736	22.35496
2916.68643	0.06648
2916.87552	3.09E-4
2917.06463	37.27438
2917.25376	63.30038
2917.44291	26.93522
2917.63207	0.12496
2917.82126	9.6328
2918.01046	0.04519
2918.19968	0
2918.38892	0
2918.57817	0
2918.76745	2.96491
2918.95674	13.27603
2919.14605	17.72737
2919.33538	10.78392
2919.52473	0.33955
2919.7141	0.00136
2919.90349	0
2920.09289	4.87203
2920.28231	7.16039
2920.47175	1.84409
2920.66121	0.00848
2920.85069	1.90544
2921.04019	12.76711
2921.2297	16.39244
2921.41924	8.41499
2921.60879	0.03901
2921.79836	0
2921.98795	4.13964
2922.17755	18.95331
2922.36718	28.47836
2922.55682	25.00252
2922.74649	11.41555
2922.93617	0.0528
2923.12587	0
2923.31558	0
2923.50532	0
2923.69508	7.0766
2923.88485	28.38529
2924.07464	46.68225
2924.26445	48.49357
2924.45428	32.97183
2924.64413	12.54153
2924.83399	0.15325
2925.02388	4.45E-4
2925.21378	0.11692
2925.4037	7.05084
2925.59364	17.97065
2925.7836	29.80686
2925.97357	36.70258
2926.16357	33.39594
2926.35358	21.45225
2926.54362	10.21558
2926.73367	8.33828
2926.92374	14.30032
2927.11382	19.21186
2927.30393	19.42936
2927.49405	20.17235
2927.6842	23.86599
2927.87436	24.46644
2928.06454	16.80924
2928.25474	4.63496
2928.44496	0.02121
2928.63519	0
2928.82545	0.87618
2929.01572	5.71314
2929.20601	6.49759
2929.39632	2.19752
2929.58665	3.47947
2929.777	18.62848
2929.96736	41.38735
2930.15775	57.3663
2930.34815	53.69251
2930.53857	31.95194
2930.72901	6.59904
2930.91947	0.02999
2931.10995	0
2931.30044	3.47111
2931.49096	7.53678
2931.68149	1.05496
2931.87204	0.00474
2932.06261	0
2932.2532	0.16291
2932.44381	5.38982
2932.63443	4.95234
2932.82508	0.73737
2933.01574	0.00332
2933.20642	0
2933.39712	0
2933.58784	0
2933.77858	5.50539
2933.96933	19.36308
2934.16011	30.12992
2934.3509	27.41824
2934.54171	12.74662
2934.73254	0.50685
2934.92339	2.08169
2935.11426	21.4797
2935.30515	43.52139
2935.49605	49.82871
2935.68697	37.08372
2935.87792	19.40032
2936.06888	12.13692
2936.25986	14.80641
2936.45085	13.77196
2936.64187	6.51978
2936.83291	1.58087
2937.02396	3.8929
2937.21503	10.29245
2937.40612	15.9534
2937.59723	18.4345
2937.78836	16.28429
2937.97951	9.05805
2938.17067	0.47769
2938.36186	0.00202
2938.55306	0
2938.74428	0
2938.93552	1.34725
2939.12678	13.26751
2939.31806	16.96776
2939.50936	9.83576
2939.70067	0.34193
2939.89201	0.00137
2940.08336	0.01932
2940.27473	8.9E-5
2940.46612	0
2940.65753	0
2940.84895	3.527
2941.0404	23.44397
2941.23187	43.51258
2941.42335	50.82509
2941.61485	38.72317
2941.80637	15.92271
2941.99791	0.49194
2942.18947	0.77891
2942.38105	7.08798
2942.57264	5.41345
2942.76426	0.02479
2942.95589	0
2943.14754	0
2943.33921	0
2943.5309	0
2943.72261	0
2943.91433	3.23577
2944.10608	23.22453
2944.29784	42.20779
2944.48963	47.40756
2944.68143	34.74427
2944.87325	13.15965
2945.06509	0.05986
2945.25694	0
2945.44882	0
2945.64072	0
2945.83263	0
2946.02456	0
2946.21651	0
2946.40848	0
2946.60047	0
2946.79248	3.61399
2946.98451	12.09106
2947.17655	13.48521
2947.36862	7.86602
2947.5607	0.46455
2947.7528	0.00197
2947.94492	0
2948.13706	0
2948.32922	0
2948.5214	0
2948.71359	0
2948.90581	1.49384
2949.09804	10.09568
2949.29029	14.11516
2949.48256	7.62566
2949.67485	0.22287
2949.86716	8.63E-4
2950.05949	3.5614
2950.25183	11.69033
2950.4442	10.68749
2950.63658	0.95484
2950.82898	0.00415
2951.02141	0
2951.21385	0.45158
2951.4063	9.7726
2951.59878	12.69086
2951.79128	6.45505
2951.98379	0.02929
2952.17633	0
2952.36888	0
2952.56145	0
2952.75404	0
2952.94665	10.79633
2953.13928	22.01341
2953.33193	22.51939
2953.5246	13.47582
2953.71728	7.53822
2953.90998	12.56294
2954.10271	23.0572
2954.29545	27.85377
2954.48821	21.59833
2954.68099	8.66418
2954.87379	0.95392
2955.0666	2.32108
2955.25944	5.81026
2955.45229	4.69532
2955.64517	5.04085
2955.83806	18.05034
2956.03097	39.71124
2956.2239	55.59184
2956.41685	52.70662
2956.60982	32.23744
2956.80281	9.45173
2956.99581	0.23309
2957.18884	6.52157
2957.38188	19.2016
2957.57494	23.49934
2957.76803	13.67913
2957.96113	0.39667
2958.15425	0.00153
2958.34738	6.77312
2958.54054	16.84473
2958.73372	15.16438
2958.92691	3.7071
2959.12013	0.01657
2959.31336	0
2959.50661	0
2959.69988	13.43567
2959.89317	32.79069
2960.08648	43.73925
2960.27981	36.9352
2960.47315	17.05496
2960.66652	0.12986
2960.8599	2.41E-4
2961.05331	0
2961.24673	5.43429
2961.44017	5.79766
2961.63363	0.02625
2961.82711	0
2962.02061	0
2962.21412	0
2962.40766	0
2962.98838	0
2963.18199	0
2963.37562	0
2963.56927	0
2963.76294	3.21512
2963.95663	14.28309
2964.15034	21.42691
2964.34406	21.41308
2964.53781	15.71217
2964.73157	7.37414
2964.92535	0.10285
2965.11916	3.16E-4
2965.31298	0
2965.50682	0
2965.70068	0.71428
2965.89455	13.24967
2966.08845	33.30799
2966.28237	50.79173
2966.4763	55.41889
2966.67025	47.70815
2966.86423	36.41659
2967.05822	26.66035
2967.25223	16.57641
2967.44626	5.43765
2967.64031	0.02428
2967.83438	0
2968.02846	0
2968.22257	0
2968.4167	0
2968.61084	0
2968.805	4.52238
2968.99919	19.15051
2969.19339	25.63158
2969.38761	13.59861
2969.58185	0.06094
2969.7761	1.77737
2969.97038	33.27849
2970.16468	63.46836
2970.35899	70.44491
2970.55333	50.08727
2970.74768	25.93148
2970.94206	9.88327
2971.13645	10.01514
2971.33086	20.31389
2971.52529	30.30549
2971.71974	32.17487
2971.91421	25.09367
2972.10869	14.07497
2972.3032	3.90376
2972.49773	0.01734
2972.69227	0
2972.88683	0
2973.08142	0.11149
2973.27602	1.79382
2973.47064	0.51916
2973.66528	0.00231
2973.85994	0
2974.05462	0
2974.24932	0.4997
2974.44403	0.00225
2974.63877	0
2974.83352	0
2975.0283	0.07104
2975.22309	9.76016
2975.4179	11.85071
2975.61273	3.34139
2975.80759	0.01481
2976.00246	0
2976.19734	0
2976.39225	0
2976.58718	0
2976.78213	0.27772
2976.97709	13.87857
2977.17208	25.94474
2977.36708	22.00283
2977.5621	6.81168
2977.75714	0.03018
2977.95221	5.39995
2978.14729	22.28117
2978.34239	32.3761
2978.5375	26.80932
2978.73264	10.54834
2978.9278	0.04685
2979.12298	0
2979.31817	0
2979.51339	0
2979.70862	0
2979.90387	0.839
2980.09915	17.34472
2980.29444	30.61537
2980.48975	27.58925
2980.68508	10.25782
2980.88043	0.04545
2981.07579	0
2981.27118	0.89342
2981.46659	6.73311
2981.66201	3.56948
2981.85746	0.01586
2982.05292	0
2982.24841	0
2982.44391	0.70668
2982.63943	0.08104
2982.83497	3.49E-4
2983.03053	0
2983.22611	15.90857
2983.42171	32.69155
2983.61733	30.62056
2983.81297	14.69305
2984.00862	1.54024
2984.2043	0.14473
2984.39999	3.06382
2984.59571	6.78398
2984.79144	11.31108
2984.9872	16.85521
2985.18297	18.86552
2985.37876	13.47096
2985.57457	5.31925
2985.7704	5.72422
2985.96625	21.41661
2986.16212	45.38756
2986.35801	60.36216
2986.55391	54.01634
2986.74984	31.10543
2986.94578	7.83561
2987.14175	0.03436
2987.33773	0
2987.53374	0
2987.72976	0
2987.9258	2.01026
2988.12186	11.94076
2988.31794	12.21645
2988.51404	2.15808
2988.71016	0.00938
2988.9063	0
2989.10246	9.90774
2989.29864	19.85012
2989.49483	18.49634
2989.69105	9.23523
2989.88728	3.37365
2990.08354	7.40201
2990.27981	12.17873
2990.4761	8.46855
2990.67242	1.69161
2990.86875	4.71204
2991.0651	20.44548
2991.26147	37.12457
2991.45786	42.42088
2991.65427	36.13545
2991.8507	25.6339
2992.04714	14.91504
2992.24361	4.29315
2992.4401	0.0188
2992.6366	0
2992.83313	0.36384
2993.02967	0.6411
2993.22624	0.00284
2993.42282	0
2993.61942	0
2993.81604	0
2994.01269	0.00865
2994.20935	3.80946
2994.40603	3.6957
2994.60273	0.01634
2994.79945	0
2994.99618	0
2995.19294	0
2995.38972	0
2995.58651	0
2995.78333	0.96732
2995.98017	8.53351
2996.17702	16.62243
2996.37389	17.35199
2996.57079	10.63425
2996.7677	4.73763
2996.96463	11.72757
2997.16158	35.0292
2997.35856	60.46973
2997.55555	66.46191
2997.75256	47.1977
2997.94959	20.55301
2998.14663	9.24024
2998.3437	18.31189
2998.54079	34.94602
2998.7379	46.13317
2998.93502	49.43784
2999.13217	47.79794
2999.32933	41.95352
2999.52652	30.91386
2999.72372	15.72415
2999.92095	0.75171
3000.11819	0.00302
3000.31545	0
3000.51273	0.63434
3000.71004	3.71351
3000.90736	1.18622
3001.1047	0.00517
3001.30206	0
3001.49944	0
3001.69684	0
3001.89425	0.28876
3002.09169	0.00128
3002.28915	0
3002.48663	0
3002.68412	0
3002.88164	0
3003.07917	2.29371
3003.27673	3.7556
3003.4743	0.12491
3003.6719	4.78E-4
3003.86951	0.54454
3004.06714	10.82737
3004.26479	21.10804
3004.46247	23.43121
3004.66016	14.89519
3004.85787	1.30779
3005.0556	0.00548
3005.25335	0
3005.45112	0
3005.64891	0
3005.84671	0
3006.24239	0
3006.44026	0
3006.63814	0
3006.83605	0
3007.03397	6.3826
3007.23192	9.30951
3007.42988	3.27925
3007.62787	0.01424
3007.82587	0
3008.02389	0
3008.22194	0.57997
3008.42	6.04518
3008.61808	10.57032
3008.81618	16.57345
3009.0143	25.60223
3009.21245	32.76958
3009.41061	31.61122
3009.60879	22.74275
3009.80698	14.10592
3010.0052	11.6297
3010.20344	11.22591
3010.4017	7.70946
3010.59998	7.88296
3010.79828	20.44483
3010.99659	39.3821
3011.19493	47.01784
3011.39328	33.67358
3011.59166	8.90719
3011.79006	0.03841
3011.98847	0
3012.18691	4.97232
3012.38536	9.62951
3012.58383	1.59772
3012.78233	0.00682
3012.98084	0.38295
3013.17937	26.95851
3013.37792	44.40156
3013.5765	37.84568
3013.77509	3.70392
3013.9737	7.47347
3014.17233	23.71795
3014.37098	39.02403
3014.56965	42.36321
3014.76834	31.0062
3014.96705	13.58817
3015.16578	0.34203
3015.36453	0.00124
3015.56329	1.68228
3015.76208	5.28107
3015.96089	5.30517
3016.15972	2.4373
3016.35856	0.01055
3016.55743	0
3016.75632	0
3016.95522	0
3017.15415	0
3017.35309	0
3017.55206	0
3017.75104	3.59825
3017.95005	16.30536
3018.14907	0.07109
3018.34811	0
3018.54718	0
3018.74626	0
3018.94536	51.28872
3019.14449	261.93597
3019.34363	548.26259
3019.54279	865.61993
3019.74197	1031.16545
3019.94117	839.68497
3020.14039	554.9335
3020.33963	292.30962
3020.53889	203.16196
3020.73817	279.31436
3020.93747	500.84651
3021.13679	739.4709
3021.33613	868.36925
3021.53549	685.57916
3021.73487	417.25471
3021.93427	194.53829
3022.13369	67.67779
3022.33313	42.43449
3022.53258	150.32346
3022.73206	325.62724
3022.93156	476.5967
3023.13107	435.62741
3023.33061	264.82264
3023.53017	114.52699
3023.72974	17.3688
3023.92934	0.15097
3024.12896	38.87311
3024.32859	100.54951
3024.52825	131.74988
3024.72792	88.26232
3024.92762	24.49581
3025.12733	0.10469
3025.32706	0
3025.52682	0
3025.72659	13.17956
3025.92639	58.76096
3026.1262	74.53389
3026.32603	42.14729
3026.52589	0.39409
3026.72576	9.23E-4
3026.92565	0
3027.12556	16.04537
3027.3255	40.50576
3027.52545	40.44533
3027.72542	26.31409
3027.92541	6.50155
3028.12542	0.0277
3028.32546	0
3028.52551	0
3028.72558	0
3028.92567	0.33763
3029.12578	1.82796
3029.32591	1.2915
3029.52606	0.00556
3029.72623	0
3029.92642	0
3030.12663	0
3030.32686	0
3030.52711	0
3030.72738	0
3030.92767	2.1606
3031.12798	6.45887
3031.32831	2.82114
3031.52865	0.01208
3031.72902	0
3031.92941	6.31095
3032.12982	24.1327
3032.33025	35.98255
3032.5307	33.32162
3032.73116	19.16884
3032.93165	4.12237
3033.13216	0.01745
3033.33269	0
3033.53324	0
3033.7338	7.6279
3033.93439	19.3612
3034.135	25.14165
3034.33562	18.98315
3034.53627	5.64231
3034.73694	0.02398
3034.93763	3.45658
3035.13833	20.7057
3035.33906	36.98553
3035.53981	38.94093
3035.74057	23.70434
3035.94136	3.91105
3036.14216	0.01641
3036.34299	7.07487
3036.54384	19.67726
3036.7447	20.06299
3036.94559	8.9756
3037.1465	0.03827
3037.34742	0.01953
3037.54837	0.70219
3037.74933	0.37412
3037.95032	0.0016
3038.15132	3.08551
3038.35235	17.62544
3038.5534	34.38809
3038.75446	41.89051
3038.95555	33.66908
3039.15665	14.9212
3039.35778	0.363
3039.55892	0.00129
3039.76009	0
3039.96127	0.07896
3040.16248	3.39E-4
3040.3637	0
3040.56495	5.12716
3040.76621	15.96118
3040.9675	18.89002
3041.1688	8.0679
3041.37013	0.03428
3041.57148	0
3041.77284	10.71299
3041.97423	34.9455
3042.17563	42.41745
3042.37706	26.74654
3042.5785	4.63082
3042.77997	0.01937
3042.98145	8.47211
3043.18296	21.88634
3043.38448	21.97582
3043.58603	9.42488
3043.78759	0.03997
3043.98918	0
3044.19078	4.2946
3044.39241	3.01697
3044.59405	0.01284
3044.79572	0
3044.9974	3.95305
3045.19911	30.36852
3045.40084	51.75494
3045.60258	51.29766
3045.80435	31.66296
3046.00613	10.29675
3046.20794	0.40588
3046.40976	1.28747
3046.61161	7.08488
3046.81348	12.05721
3047.01536	11.61337
3047.21727	3.87573
3047.41919	0.01635
3047.62114	0
3047.82311	0
3048.02509	0
3048.2271	0
3048.42913	0
3048.63117	13.70844
3048.83324	32.99901
3049.03533	41.42438
3049.23743	32.96888
3049.43956	16.78362
3049.64171	10.23043
3049.84387	20.79147
3050.04606	36.66238
3050.24827	39.03499
3050.4505	22.8696
3050.65274	1.87121
3050.85501	0.00756
3051.0573	0
3051.25961	4.03437
3051.46193	18.05301
3051.66428	30.28565
3051.86665	33.71101
3052.06904	25.90111
3052.27145	12.47379
3052.47388	1.33179
3052.67633	0.00544
3052.87879	2.68697
3053.08128	20.15107
3053.28379	43.43791
3053.48632	57.07939
3053.68887	49.90225
3053.89144	27.8648
3054.09403	7.25576
3054.29664	0.03037
3054.49927	0
3054.70192	0.91071
3054.90459	5.16652
3055.10728	7.60977
3055.30999	4.63555
3055.51273	0.01956
3055.71548	0
3055.91825	0
3056.12104	0
3056.32385	0
3056.52668	0
3056.72954	0.28024
3056.93241	1.57558
3057.1353	3.84402
3057.33821	5.37334
3057.54115	5.64726
3057.7441	5.77603
3057.94707	5.64588
3058.15007	2.70783
3058.35308	0.01138
3058.55611	0
3058.75917	5.24854
3058.96224	26.20075
3059.16534	39.76466
3059.36845	33.75742
3059.57159	15.58127
3059.77474	2.71694
3059.97792	2.97788
3060.18111	8.99546
3060.38433	9.30105
3060.58757	2.3967
3060.79082	0.00997
3060.9941	0
3061.1974	0.54193
3061.40072	6.02549
3061.60405	10.74716
3061.80741	6.12919
3062.01079	0.02572
3062.21419	0
3062.41761	0
3062.62104	6.06007
3062.8245	23.22808
3063.02798	37.70093
3063.23148	39.07225
3063.435	25.20538
3063.63854	6.0153
3063.8421	0.02495
3064.04568	0
3064.24929	7.86611
3064.45291	7.56739
3064.65655	2.74889
3064.86021	5.19835
3065.06389	19.39574
3065.2676	37.63662
3065.47132	45.90036
3065.67506	36.36119
3065.87883	15.64826
3066.08261	0.24106
3066.28641	7.41E-4
3066.49024	0
3066.69408	0
3066.89795	0.58357
3067.10183	0.88822
3067.30574	0.08389
3067.50967	3.37E-4
3067.71361	0
3067.91758	20.10732
3068.12157	50.67108
3068.32557	68.24286
3068.5296	59.94081
3068.73365	33.82563
3068.93772	10.38044
3069.14181	4.3065
3069.34592	14.4815
3069.55005	27.97253
3069.7542	31.91976
3069.95837	23.08022
3070.16256	8.7699
3070.36677	0.05874
3070.571	0.41951
3070.77525	11.42984
3070.97953	27.81428
3071.18382	40.37606
3071.38813	40.12455
3071.59246	26.56078
3071.79682	9.29893
3072.00119	0.0601
3072.20559	9E-5
3072.41	0
3072.61444	0
3072.81889	0
3073.02337	0
3073.22787	0
3073.43238	1.10767
3073.63692	12.87192
3073.84148	30.08016
3074.04606	44.5599
3074.25066	46.46914
3074.45528	31.91312
3074.65992	9.49453
3074.86458	0.0392
3075.06926	10.89906
3075.27396	39.7211
3075.47868	61.90943
3075.68342	63.59642
3075.88818	49.57786
3076.09296	32.23378
3076.29777	17.77546
3076.50259	7.19337
3076.70744	4.36629
3076.9123	13.72123
3077.11719	31.12523
3077.32209	44.32725
3077.52702	42.93837
3077.73196	27.4127
3077.93693	3.91963
3078.14192	0
3078.34692	6.62845
3078.55195	17.03503
3078.757	1.87618
3078.96207	0
3079.16716	5.8751
3079.37227	11.31288
3079.5774	6.25824
3079.78255	0.58248
3079.98772	0
3080.19292	60.76227
3080.39813	154.1665
3080.60336	236.53196
3080.80862	187.14083
3081.01389	102.66434
3081.21919	42.82146
3081.4245	16.32933
3081.62984	21.92215
3081.83519	30.8509
3082.04057	30.67534
3082.24597	0.12721
3082.45139	0
3082.65682	30.89526
3082.86228	69.90605
3083.06776	48.10038
3083.27326	16.10675
3083.47878	16.07252
3083.68432	24.22671
3083.88989	11.16832
3084.09547	0.04603
3084.30107	8.01235
3084.5067	33.17047
3084.71234	51.41148
3084.918	31.55325
3085.12369	157.48471
3085.32939	316.86166
3085.53512	446.9675
3085.74087	359.18673
3085.94664	174.37953
3086.15242	59.6061
3086.35823	135.69759
3086.56406	242.9709
3086.76991	367.11851
3086.97578	411.55511
3087.18167	310.94259
3087.38758	168.51635
3087.59352	56.85729
3087.79947	9.84935
3088.00544	0.03828
3088.21144	0
3088.41745	0
3088.62349	0
3088.82954	6.02107
3089.03562	0.4182
3089.24172	10.48123
3089.44783	22.17119
3089.65397	30.67043
3089.86013	21.20976
3090.06631	2.14784
3090.27251	0.00853
3090.47873	0
3090.68497	0
3090.89124	0
3091.09752	0
3091.92286	0
3092.12924	0
3092.33565	0
3092.54208	0
3092.74852	2.24115
3092.95499	1.76434
3093.16148	0.00725
3093.36799	0
3093.57452	0.24645
3093.78108	6.25082
3093.98765	20.25547
3094.19424	34.53589
3094.40085	39.40742
3094.60749	30.82416
3094.81414	15.8466
3095.02082	4.9169
3095.22752	1.77749
3095.43423	4.1852
3095.64097	9.47807
3095.84773	14.09371
3096.05451	11.78161
3096.26131	1.1007
3096.46813	0.00434
3096.67497	10.9179
3096.88183	31.32203
3097.08871	42.33716
3097.29562	32.64093
3097.50254	8.85725
3097.70949	0.03592
3097.91645	8.59356
3098.12344	41.8474
3098.33045	66.19613
3098.53748	63.77859
3098.74452	40.30119
3098.95159	15.85601
3099.15868	4.15995
3099.36579	4.17166
3099.57293	9.03186
3099.78008	14.31195
3099.98725	16.04683
3100.19445	10.25887
3100.40166	0.08452
3100.6089	1.75E-4
3100.81615	6.94963
3101.02343	29.94682
3101.23073	48.41841
3101.43805	49.18179
3101.64539	33.10027
3101.85275	11.65842
3102.06013	0.0473
3102.26753	0
3102.47495	0
3102.6824	3.08212
3102.88986	1.77505
3103.09735	0.59917
3103.30485	6.04342
3103.51238	14.97405
3103.71993	20.21267
3103.9275	18.5916
3104.13508	11.07252
3104.34269	1.34068
3104.55033	0.00531
3104.75798	0
3104.96565	10.25599
3105.17334	29.58237
3105.38106	42.86929
3105.58879	42.58017
3105.79655	29.50616
3106.00433	11.14115
3106.21212	0.0451
3106.41994	0
3106.62778	0
3106.83564	0
3107.04352	0
3107.25142	8.37811
3107.45935	30.58136
3107.66729	48.10664
3107.87526	42.46597
3108.08324	16.16934
3108.29125	0.06537
3108.49927	0
3108.70732	12.02812
3108.91539	16.89752
3109.12348	8.41871
3109.33159	0.0341
3109.53972	0
3109.74788	0
3109.95605	0
3110.16424	0
3110.37246	0
3110.5807	0
3110.78895	0
3110.99723	12.56104
3111.20553	27.20099
3111.41385	28.31432
3111.62219	18.26693
3111.83055	8.61483
3112.03893	10.13254
3112.24734	23.34764
3112.45576	37.66375
3112.66421	40.9909
3112.87267	30.8876
3113.08116	15.04643
3113.28967	2.15046
3113.4982	0.00851
3113.70675	0
3113.91532	0.03857
3114.12391	0.17271
3114.33253	7.02E-4
3114.54116	0
3114.74981	4.23147
3114.95849	27.33694
3115.16719	52.08008
3115.3759	62.93065
3115.58464	53.31705
3115.7934	31.52129
3116.00218	11.47528
3116.21099	2.18247
3116.41981	3.77692
3116.62865	4.9569
3116.83752	1.27709
3117.0464	0.00511
3117.25531	3.29147
3117.46424	17.82588
3117.67319	30.40549
3117.88216	31.32124
3118.09115	20.56091
3118.30016	6.35436
3118.50919	0.02543
3118.71825	5.38133
3118.92732	24.66697
3119.13642	43.6287
3119.34553	45.73292
3119.55467	28.72693
3119.76383	9.37641
3119.97301	4.92411
3120.18221	14.1015
3120.39143	22.40689
3120.60068	21.69758
3120.80994	16.81474
3121.01923	14.44938
3121.22853	13.75259
3121.43786	10.81782
3121.64721	4.96129
3121.85658	0.05577
3122.06597	1.45E-4
3122.27538	0
3122.48481	0
3122.69427	2.05858
3122.90374	8.0241
3123.11324	11.06358
3123.32275	8.35209
3123.53229	0.61617
3123.74185	0.00235
3123.95143	0
3124.16103	8.77332
3124.37065	18.27743
3124.5803	16.86863
3124.78996	7.36689
3124.99965	0.16489
3125.20936	5.46E-4
3125.41908	0
3125.62883	0
3125.8386	5.03395
3126.04839	23.27858
3126.25821	46.2925
3126.46804	60.63134
3126.67789	56.81482
3126.88777	37.75775
3127.09767	15.74532
3127.30759	1.60913
3127.51752	0.00623
3127.72748	0
3127.93747	0.33651
3128.14747	10.8236
3128.35749	26.65308
3128.56754	35.03158
3128.7776	27.58799
3128.98769	11.92573
3129.1978	5.1092
3129.40793	11.47818
3129.61808	14.20531
3129.82825	6.51831
3130.03844	0.02598
3130.24866	0.43504
3130.45889	7.59729
3130.66915	14.17937
3130.87943	10.79916
3131.08973	1.07691
3131.30005	0.00415
3131.51039	0
3131.72075	0.06229
3131.93114	12.73474
3132.14154	27.73833
3132.35197	36.63956
3132.56241	32.51417
3132.77288	16.94521
3132.98337	1.37633
3133.19388	0.00526
3133.40442	0
3133.61497	0
3133.82554	0
3134.03614	0
3134.24676	0
3134.45739	0
3134.66805	0
3134.87874	0
3135.08944	0.54188
3135.30016	2.09907
3135.51091	0.05819
3135.72167	2E-4
3135.93246	7.71977
3136.14327	20.4308
3136.3541	23.83687
3136.56495	14.43293
3136.77582	1.83839
3136.98671	0.00713
3137.19763	1.53484
3137.40856	5.02088
3137.61952	1.82678
3137.8305	0.00723
3138.0415	0
3138.25252	0.48202
3138.46356	8.97291
3138.67462	11.43471
3138.88571	5.40497
3139.09682	0.02142
3139.30794	0
3139.51909	0.83369
3139.73026	5.3853
3139.94145	4.24535
3140.15267	0.01687
3140.3639	0
3140.57516	0
3140.78643	7.14417
3140.99773	18.28472
3141.20905	19.3533
3141.42039	10.75997
3141.63175	2.61104
3141.84314	3.76591
3142.05454	12.68221
3142.26597	20.563
3142.47741	20.71216
3142.68888	12.99985
3142.90037	2.465
3143.11188	0.00961
3143.32342	1E-5
3143.53497	8.79345
3143.74654	16.08096
3143.95814	14.68545
3144.16976	6.68111
3144.3814	0.02635
3144.59306	0
3144.80474	0
3145.01645	0
3145.22817	0
3145.43992	2.96264
3145.65168	3.94405
3145.86347	1.52748
3146.07528	0.14751
3146.28712	0.13282
3146.49897	5.25E-4
3146.71084	0
3146.92274	0
3147.13466	0
3147.3466	0
3147.55856	0
3147.77054	0
3147.98254	0
3148.19457	0.07395
3148.40661	7.45851
3148.61868	14.7215
3148.83077	16.38866
3149.04288	12.318
3149.25501	6.36657
3149.46716	3.15957
3149.67934	7.198
3149.89153	15.95678
3150.10375	54.06113
3150.31599	99.67025
3150.52825	112.46571
3150.74053	72.59973
3150.95284	30.46205
3151.16516	5.52961
3151.37751	11.16361
3151.58987	23.66307
3151.80226	26.33033
3152.01467	20.617
3152.22711	18.78718
3152.43956	22.27982
3152.65204	20.89434
3152.86453	12.25908
3153.07705	7.73543
3153.28959	18.82395
3153.50215	42.75534
3153.71473	63.8532
3153.92734	68.16258
3154.13996	54.79104
3154.35261	33.29436
3154.56528	13.52076
3154.77797	0.72487
3154.99068	0.00265
3155.20341	0
3155.41617	0
3155.62894	0
3155.84174	0
3156.05456	3.55484
3156.2674	17.15281
3156.48026	22.28454
3156.69315	12.69088
3156.90605	0.12923
3157.11898	3.13E-4
3157.33193	0
3157.5449	0
3157.75789	0
3157.9709	0
3158.39699	0
3158.61007	0
3158.82317	0
3159.03629	0
3159.24943	0.50478
3159.46259	12.30201
3159.67578	31.21939
3159.88899	50.7545
3160.10222	59.32429
3160.31547	49.65537
3160.52874	26.9877
3160.74203	6.15971
3160.95535	0.09809
3161.16868	6.20505
3161.38204	13.69683
3161.59542	10.72933
3161.80882	0.41839
3162.02224	0.00148
3162.23569	0
3162.44915	0
3162.66264	0.3176
3162.87615	0.00125
3163.08968	0
3163.30324	0
3163.51681	0
3163.73041	0
3163.94402	1.8875
3164.15766	5.93152
3164.37132	7.93473
3164.58501	11.57374
3164.79871	20.65239
3165.01244	31.67524
3165.22618	37.32581
3165.43995	34.24487
3165.65374	25.73995
3165.86756	17.41779
3166.08139	12.04995
3166.29525	8.61322
3166.50912	5.14463
3166.72302	3.0589
3166.93694	6.85342
3167.15089	16.66701
3167.36485	23.09552
3167.57883	15.37329
3167.79284	0.05973
3168.00687	0
3168.22092	0
3168.43499	7.88024
3168.64909	19.8114
3168.86321	28.50748
3169.07734	29.73836
3169.2915	17.95315
3169.50568	0.06961
3169.71989	0
3169.93411	18.18031
3170.14836	55.7872
3170.36262	76.82891
3170.57691	60.61297
3170.79123	8.88462
3171.00556	16.84925
3171.21991	7.82321
3171.43429	10.41039
3171.64869	14.33512
3171.86311	13.36252
3172.07755	8.10336
3172.29201	2.23657
3172.5065	0.00859
3172.72101	0
3172.93553	9.61105
3173.15009	39.98226
3173.36466	73.983
3173.57925	86.18662
3173.79387	65.97087
3174.00851	29.92113
3174.22316	6.51739
3174.43785	0.84498
3174.65255	0
3174.86727	0.17227
3175.08202	0.30388
3175.29679	0
3175.51158	0.36305
3175.72639	1.20056
3175.94122	1.05655
3176.15608	0.14921
3176.37096	0
3176.58586	0
3176.80078	0
3177.01572	0
3177.66068	0
3177.87571	0
3178.09076	0
3178.30583	0
3178.52093	0.72449
3178.73605	7.44803
3178.95119	33.12659
3179.16635	80.14052
3179.38153	120.94431
3179.59674	120.5715
3179.81196	81.57392
3180.02721	37.18019
3180.24248	0.25679
3180.45777	5.29E-4
3180.67309	0
3180.88842	0
3181.10378	0
3181.31916	2.92849
3181.53456	11.39755
3181.74998	16.30767
3181.96543	15.97968
3182.1809	13.65344
3182.39639	11.20841
3182.6119	7.76443
3182.82743	3.12863
3183.04298	0.03288
3183.25856	8.1E-5
3183.47416	0
3183.68978	0
3183.90542	1.21279
3184.12109	7.11343
3184.33677	12.26126
3184.55248	9.5618
3184.76821	0.03671
3184.98396	0
3185.19974	12.70235
3185.41553	36.51081
3185.63135	65.2647
3185.84719	106.17438
3186.06305	74.94322
3186.27893	30.70723
3186.49484	11.95095
3186.71077	0.05941
3186.92672	5.3E-5
3187.14269	0.36529
3187.35868	8.44941
3187.5747	7.57572
3187.79073	0.21468
3188.00679	7.15E-4
3188.22287	0
3188.43898	3.23585
3188.6551	5.6515
3188.87125	7.02626
3189.08742	0.02693
3189.30361	22.34891
3189.51982	61.87952
3189.73606	60.61659
3189.95231	36.91907
3190.16859	11.74245
3190.38489	3.65098
3190.60121	12.02911
3190.81756	20.38059
3191.03393	14.0944
3191.25032	0.42371
3191.46673	0.00142
3191.68316	0
3191.89961	1.50608
3192.11609	10.40588
3192.33259	19.48333
3192.54911	20.6204
3192.76565	11.85984
3192.98222	0.30035
3193.19881	9.79E-4
3193.41542	0
3193.63205	0
3193.8487	0
3194.06538	0
3194.28207	0.27587
3194.49879	5.66321
3194.71553	5.25526
3194.9323	0.25351
3195.14908	8.94E-4
3195.36589	0
3195.58272	0.78759
3195.79957	0.00301
3196.01645	0
3196.23334	0
3196.45026	0
3196.6672	12.69414
3196.88416	32.82192
3197.10115	47.94409
3197.31815	48.30581
3197.53518	32.17524
3197.75223	9.08417
3197.9693	0.03424
3198.1864	0
3198.40352	0
3198.62065	0
3198.83782	0
3199.055	0
3199.2722	5.80646
3199.48943	10.9157
3199.70668	1.7423
3199.92395	0.00649
3200.14125	0.78421
3200.35856	21.70355
3200.5759	39.23649
3200.79326	40.80983
3201.01064	29.53715
3201.22805	14.69094
3201.44547	2.57824
3201.66292	0.00961
3201.88039	0
3202.09789	3.7801
3202.3154	11.67371
3202.53294	12.21769
3202.7505	3.88296
3202.96808	0.0146
3203.18569	0
3203.40331	0
3203.62096	4.61481
3203.83863	5.87541
3204.05632	0.95067
3204.27404	1.82677
3204.49177	14.27137
3204.70953	31.56784
3204.92732	43.77155
3205.14512	46.09618
3205.36295	38.21052
3205.58079	22.92722
3205.79866	9.1559
3206.01656	8.60272
3206.23447	22.92765
3206.45241	38.73196
3206.67037	41.4047
3206.88835	30.45344
3207.10635	15.94767
3207.32438	4.37625
3207.54243	0.01638
3207.7605	0
3207.97859	0
3208.1967	12.48468
3208.41484	27.06422
3208.633	29.51298
3208.85118	20.04975
3209.06938	9.00972
3209.28761	5.54032
3209.50586	9.78304
3209.72413	15.18536
3209.94242	17.70617
3210.16074	20.89121
3210.37908	28.29605
3210.59743	34.98296
3210.81582	31.81491
3211.03422	16.17649
3211.25265	0.06077
3211.4711	0
3211.68957	0
3211.90806	10.61288
3212.12658	21.0597
3212.34511	26.04559
3212.56367	22.15074
3212.78226	10.24247
3213.00086	0.03839
3213.21949	0
3213.43814	0.053
3213.65681	6.27716
3213.8755	13.4168
3214.09422	19.8553
3214.31296	22.52162
3214.53172	17.81496
3214.7505	7.51848
3214.96931	0.02811
3215.18814	0
3215.40699	0
3215.62586	0
3215.84476	0
3216.06367	0
3216.28261	0
3216.50158	0
3216.72056	1.04583
3216.93957	6.3
3217.1586	8.37314
3217.37765	3.7101
3217.59672	0.01385
3217.81582	0
3218.03494	4.7076
3218.25408	27.96143
3218.47324	48.60992
3218.69243	49.73759
3218.91164	30.29438
3219.13087	5.9867
3219.35012	0.02208
3219.5694	0
3219.7887	0
3220.00802	0
3220.22736	0
3221.10495	0
3221.32441	0
3221.54389	0
3221.76339	0
3221.98291	0.89369
3222.20245	13.61974
3222.42202	25.90176
3222.64161	31.312
3222.86122	30.78399
3223.08086	27.72542
3223.30051	22.44577
3223.52019	14.028
3223.73989	4.67506
3223.95962	0.24967
3224.17936	2.18021
3224.39913	11.41901
3224.61893	21.96414
3224.83874	30.2271
3225.05858	37.17471
3225.27843	42.9177
3225.49832	41.64969
3225.71822	28.10209
3225.93815	7.53751
3226.1581	0.02781
3226.37807	0
3226.59806	0
3226.81808	0
3227.03812	0
3227.25818	0
3227.47826	0.56016
3227.69837	1.71301
3227.9185	0.21678
3228.13865	7.86E-4
3228.35882	7.87691
3228.57902	18.009
3228.79924	17.12172
3229.01948	7.54463
3229.23975	0.02791
3229.46003	0
3229.68034	0.06285
3229.90067	1.68491
3230.12103	3.25318
3230.3414	7.68932
3230.5618	16.13324
3230.78223	24.04002
3231.00267	24.45837
3231.22314	15.373
3231.44363	2.81054
3231.66414	0.01025
3231.88468	0
3232.10523	6.10829
3232.32581	14.58268
3232.54642	16.52223
3232.76704	10.33619
3232.98769	0.89237
3233.20836	0.00318
3233.42905	0
3233.64977	0
3233.87051	0.4789
3234.09127	16.02806
3234.31205	37.73161
3234.53286	51.39998
3234.75368	46.50577
3234.97454	27.21546
3235.19541	6.62262
3235.41631	0.02421
3235.63722	0
3235.85817	13.80439
3236.07913	34.67465
3236.30012	41.5944
3236.52113	27.66468
3236.74216	9.97885
3236.96321	12.20665
3237.18429	34.66256
3237.40539	51.62345
3237.62652	41.9822
3237.84766	15.04522
3238.06883	0.05516
3238.29002	11.4522
3238.51123	37.94083
3238.73247	53.41598
3238.95373	44.73229
3239.17501	20.77825
3239.39631	0.23063
3239.61764	5.71E-4
3239.83899	0
3240.06036	0
3240.28176	0
3240.50318	0
3240.72462	0
3240.94608	0.04237
3241.16756	1.57E-4
3241.38907	0
3241.6106	5.53545
3241.83216	25.11057
3242.05373	47.75644
3242.27533	57.30339
3242.49696	42.85895
3242.7186	14.4143
3242.94027	0.05266
3243.16196	1.37916
3243.38367	15.11921
3243.60541	19.33786
3243.82716	9.78599
3244.04895	1.71968
3244.27075	6.09835
3244.49258	17.35644
3244.71443	23.10129
3244.9363	18.36045
3245.15819	8.27464
3245.38011	0.27077
3245.60205	8.86E-4
3245.82401	0
3246.046	1.86516
3246.26801	2.36968
3246.49004	1.57771
3246.71209	2.71916
3246.93417	8.38411
3247.15627	17.26249
3247.37839	22.88271
3247.60054	18.55561
3247.82271	5.10022
3248.0449	0.0185
3248.26711	4.10881
3248.48935	38.7283
3248.71161	59.25209
3248.93389	10.3341
3249.1562	0.03716
3249.37852	0
3249.60087	0
3249.82325	0
3250.04564	0
3250.26806	0
3250.49051	0
3250.71297	0
3250.93546	0
3251.15797	363.20124
3251.3805	1036.6862
3251.60306	1785.44146
3251.82564	2520.45035
3252.04824	2509.92842
3252.27086	1807.61441
3252.49351	1106.9486
3252.71618	585.58342
3252.93888	455.00156
3253.16159	711.2901
3253.38433	1183.60266
3253.60709	1562.98158
3253.82988	1466.09772
3254.05269	960.08621
3254.27552	495.79349
3254.49837	203.87682
3254.72125	103.73559
3254.94415	184.93542
3255.16707	355.81643
3255.39001	462.46782
3255.61298	379.63517
3255.83597	198.0083
3256.05899	64.98485
3256.28202	43.59038
3256.50508	78.4618
3256.72816	129.73545
3256.95127	199.34362
3257.1744	211.94781
3257.39755	145.67502
3257.62072	52.13568
3257.84392	0
3258.06714	16.08608
3258.29039	5.34584
3258.51365	20.36877
3258.73694	24.87254
3258.96025	15.07471
3259.18359	6.00943
3259.40695	0.73456
3259.63033	0.0026
3259.85373	0
3260.07716	1.22237
3260.30061	3.85353
3260.52408	2.34144
3260.74757	0.00847
3260.97109	0
3261.19464	0
3261.4182	11.83156
3261.64179	35.41479
3261.8654	62.33836
3262.08903	76.49063
3262.31269	65.80183
3262.53637	36.0243
3262.76007	7.9796
3262.9838	0.10303
3263.20755	10.24364
3263.43132	24.10813
3263.65511	24.79098
3263.87893	10.76374
3264.10277	0.03878
3264.32663	0
3264.55052	0
3264.77443	0
3264.99836	0
3265.22232	0
3265.4463	4.44003
3265.6703	23.64787
3265.89433	36.0444
3266.11837	35.87478
3266.34244	26.7492
3266.56654	14.91377
3266.79066	5.0325
3267.0148	0.63606
3267.23896	0.70308
3267.46315	3.32195
3267.68736	7.12752
3267.91159	12.38436
3268.13584	16.77748
3268.36012	14.29311
3268.58442	3.66542
3268.80875	0.01308
3269.0331	0
3269.25747	2.85952
3269.48186	12.27342
3269.70628	12.49221
3269.93072	3.8308
3270.15518	0.01368
3270.37967	0
3270.60418	1.82749
3270.82871	18.06849
3271.05327	35.20557
3271.27785	47.06647
3271.50245	50.21821
3271.72708	43.14261
3271.95173	27.27885
3272.1764	9.685
3272.40109	0.15944
3272.62581	0.44588
3272.85055	4.76334
3273.07532	6.15313
3273.3001	4.63918
3273.52491	1.37404
3273.74975	0.00489
3273.97461	0
3274.19949	1.89596
3274.42439	6.06573
3274.64932	0.76304
3274.87426	0.00267
3275.09924	0.32035
3275.32423	20.47961
3275.54925	45.86886
3275.7743	58.5751
3275.99936	49.91577
3276.22445	26.77278
3276.44956	3.12101
3276.6747	0.01089
3276.89986	2.77243
3277.12504	19.92589
3277.35024	23.62961
3277.57547	13.82709
3277.80072	1.76235
3278.026	0.00616
3278.25129	0
3278.47661	0
3278.70196	0
3278.92733	0
3279.15272	5.70632
3279.37813	25.31759
3279.60357	40.31128
3279.82903	41.56292
3280.05451	29.64801
3280.28002	13.33232
3280.50555	1.46535
3280.7311	0.12219
3280.95668	5.61435
3281.18228	17.50518
3281.4079	29.06743
3281.63355	31.8813
3281.85922	21.52443
3282.08491	4.54089
3282.31063	0.016
3282.53637	0
3282.76213	6.06236
3282.98791	17.98633
3283.21372	27.91453
3283.43956	31.51069
3283.66541	24.01441
3283.89129	8.80627
3284.1172	0.03121
3284.34312	2.91023
3284.56907	15.77866
3284.79504	24.24548
3285.02104	22.22947
3285.24706	12.82283
3285.4731	1.72812
3285.69917	0.00601
3285.92526	0
3286.15137	2.66264
3286.3775	15.7447
3286.60366	19.75394
3286.82985	11.27818
3287.05605	1.47372
3287.28228	0.05728
3287.50853	9.026
3287.73481	24.91896
3287.96111	37.6421
3288.18743	38.99621
3288.41378	26.42258
3288.64015	6.68583
3288.86654	0.02349
3289.09296	0
3289.3194	8.43358
3289.54586	24.42781
3289.77235	28.46486
3289.99886	19.21976
3290.22539	6.59081
3290.45195	2.24458
3290.67853	9.04686
3290.90513	19.92014
3291.13176	26.47864
3291.35841	26.06811
3291.58508	20.3689
3291.81178	11.58106
3292.0385	2.73496
3292.26524	0.00957
3292.49201	0
3292.7188	0
3292.94561	0
3293.17245	0
3293.39931	0
3293.6262	1.98047
3293.8531	5.29429
3294.08003	15.05928
3294.30699	29.95991
3294.53397	39.43618
3294.76097	35.2091
3294.98799	20.91952
3295.21504	7.70091
3295.44212	3.56529
3295.66921	10.27033
3295.89633	25.12113
3296.12347	40.01126
3296.35064	43.12041
3296.57783	29.36902
3296.80504	7.75779
3297.03228	0.02709
3297.25954	0
3297.48682	0
3297.71413	0
3297.94146	0
3298.16881	0
3298.39619	7.07247
3298.62359	11.43715
3298.85102	6.66713
3299.07846	0.9967
3299.30594	10.5193
3299.53343	40.35751
3299.76095	71.27491
3299.98849	77.30606
3300.21606	52.46643
3300.44365	17.50903
3300.67126	0.06116
3300.8989	0.84708
3301.12656	11.08545
3301.35424	13.52051
3301.58195	4.28549
3301.80968	0.01495
3302.03743	0
3302.26521	0
3302.49301	5.75023
3302.72083	4.81756
3302.94868	0.0169
3303.17656	0
3303.40445	0.5774
3303.63237	6.70847
3303.86031	9.68681
3304.08828	11.15568
3304.31627	13.71579
3304.54428	11.93728
3304.77232	3.25128
3305.00038	0.01129
3305.22846	10.03479
3305.45657	34.89553
3305.6847	52.6323
3305.91286	47.73962
3306.14104	24.94769
3306.36924	1.83528
3306.59747	0.00614
3306.82572	0
3307.05399	1.09328
3307.28229	0.71769
3307.51061	0.00251
3307.73895	0
3307.96732	3.29616
3308.19571	18.81514
3308.42413	27.87896
3308.65257	24.36023
3308.88103	0.08507
3309.10951	0
3309.33802	0
3309.56656	23.23027
3309.79511	72.77953
3310.0237	133.79215
3310.2523	187.49201
3310.48093	196.21268
3310.70958	145.82422
3310.93826	78.60781
3311.16696	25.34408
3311.39568	20.35545
3311.62443	81.00507
3311.8532	181.27816
3312.08199	290.48157
3312.31081	313.67195
3312.53965	220.73663
3312.76851	126.0717
3312.9974	60.06988
3313.22632	49.7931
3313.45525	67.48096
3313.68421	101.43453
3313.9132	133.79701
3314.1422	145.45993
3314.37124	130.88998
3314.60029	77.90738
3314.82937	27.23775
3315.05847	0.09408
3315.2876	0
3315.51675	24.05619
3315.74592	61.8974
3315.97512	87.9372
3316.20434	67.81632
3316.43359	36.91618
3316.66286	18.12013
3316.89215	6.77868
3317.12146	0.02342
3317.35081	0
3317.58017	0
3317.80956	0
3318.03897	0
3318.2684	0
3318.49786	0
3318.72735	0
3318.95685	0
3319.18638	3.52496
3319.41594	12.66622
3319.64552	16.93073
3319.87512	13.9924
3320.10474	4.93846
3320.33439	0.017
3320.56407	0
3320.79377	0
3321.02349	0.6778
3321.25323	2.65384
3321.483	0.00921
3321.71279	0
3321.94261	0
3322.17245	0
3322.40231	6.85444
3322.6322	17.59081
3322.86211	24.38733
3323.09205	25.77183
3323.32201	22.01274
3323.55199	13.74436
3323.782	3.06259
3324.01203	0.01045
3324.24209	0
3324.47217	0
3324.70227	0
3324.9324	0
3325.16255	0.14729
3325.39272	16.07501
3325.62292	40.13
3325.85314	58.43364
3326.08339	59.76509
3326.31366	43.47526
3326.54396	18.84367
3326.77427	0.06468
3327.00462	0
3327.23498	0
3327.46537	0
3327.69579	0
3327.92622	0
3328.15668	0.27997
3328.38717	6.79416
3328.61768	8.84758
3328.84821	4.4202
3329.07877	1.25537
3329.30935	0.08961
3329.53996	2.94E-4
3329.77059	0
3330.00124	0
3330.23192	0.54241
3330.46262	1.31323
3330.69334	0.00452
3330.92409	0
3331.15487	0.50925
3331.38566	11.3559
3331.61649	16.88652
3331.84733	13.67294
3332.0782	4.87117
3332.30909	0.01661
3332.54001	0
3332.77095	0
3333.00192	0
3333.23291	0
3333.46392	0
3333.69496	1.60057
3333.92602	14.57509
3334.1571	17.6106
3334.38821	12.37106
3334.61935	8.64677
3334.8505	10.82802
3335.08168	16.43455
3335.31289	23.97796
3335.54412	35.17725
3335.77537	49.49799
3336.00665	61.11538
3336.23795	62.3723
3336.46928	50.57098
3336.70063	31.41231
3336.932	14.16911
3337.1634	5.90154
3337.39482	7.97201
3337.62627	6.61064
3337.85774	12.28516
3338.08923	47.02802
3338.32075	92.32468
3338.55229	127.80971
3338.78386	138.3314
3339.01545	120.57461
3339.24706	81.89623
3339.4787	27.46425
3339.71037	12.24132
3339.94205	4.30533
3340.17376	9.9048
3340.4055	93.14343
3340.63726	149.37222
3340.86904	208.44322
3341.10085	231.05609
3341.33268	227.36455
3341.56454	193.24027
3341.79642	135.0266
3342.02832	26.69784
3342.26025	22.58881
3342.4922	40.02645
3342.72418	45.56921
3342.95618	56.46206
3343.1882	23.83734
3343.42025	0.08066
3343.65232	0
3343.88442	0
3344.11654	0
3344.34869	0
3344.58086	17.25252
3344.81305	11.10066
3345.04527	0.03764
3345.27751	0
3345.50978	0
3345.74207	0
3345.97438	0
3346.20672	5.86521
3346.43909	16.07738
3346.67147	22.26529
3346.90389	16.84451
3347.13632	1.67337
3347.36878	0.0055
3347.60127	0
3347.83378	0
3348.06631	0
3348.29887	0
3348.53145	0
3348.76405	4.38588
3348.99668	23.01564
3349.22934	42.19617
3349.46201	49.43713
3349.69472	38.70083
3349.92744	19.03757
3350.16019	6.76278
3350.39297	7.54699
3350.62577	11.08421
3350.85859	5.4503
3351.09144	0.01837
3351.32431	0
3351.55721	0
3351.79013	4.81328
3352.02308	14.9861
3352.25604	22.60453
3352.48904	22.92485
3352.72206	14.92219
3352.9551	3.94362
3353.18817	0.17443
3353.42126	0.59001
3353.65437	5.68084
3353.88751	14.21746
3354.12067	21.23543
3354.35386	20.58296
3354.58708	11.30349
3354.82031	1.1424
3355.05357	0.00373
3355.28686	0
3355.52017	0
3355.7535	0
3355.98686	0
3356.22024	0
3356.45365	0
3356.68708	0
3356.92054	3.0266
3357.15402	12.00083
3357.38752	11.09604
3357.62105	1.97426
3357.8546	0.00653
3358.08818	0
3358.32178	0
3358.55541	4.08039
3358.78906	17.28764
3359.02274	37.53821
3359.25644	55.40824
3359.49016	58.44571
3359.72391	43.89483
3359.95768	21.88048
3360.19148	4.96903
3360.4253	0.01648
3360.65915	0
3360.89302	0
3361.12691	7.38811
3361.36083	20.73849
3361.59477	29.16757
3361.82874	23.64191
3362.06273	9.00193
3362.29675	1.81251
3362.53079	13.72539
3362.76486	37.95812
3362.99895	55.52929
3363.23306	53.02982
3363.4672	32.16249
3363.70136	7.10234
3363.93555	0.02348
3364.16977	7.22352
3364.404	28.52641
3364.63826	49.3372
3364.87255	90.51056
3365.10686	67.17883
3365.34119	28.93157
3365.57555	0.09622
3365.80994	0
3366.04435	10.73392
3366.27878	14.90491
3366.51324	16.12954
3366.74772	7.21721
3366.98222	0.024
3367.21675	0
3367.45131	0
3367.68589	0
3367.92049	0
3368.15512	0
3368.38978	0
3368.62445	0
3368.85916	0
3369.09388	2.42191
3369.32863	12.58922
3369.56341	20.16716
3369.79821	19.62568
3370.03303	9.0281
3370.26788	0.02994
3370.50276	0
3370.73766	0
3370.97258	12.80324
3371.20753	16.96114
3371.4425	5.18152
3371.6775	0.0171
3371.91252	0
3372.14756	5.72962
3372.38264	18.61317
3372.61773	18.41009
3372.85285	10.37014
3373.08799	2.56654
3373.32316	0.10342
3373.55836	2.92072
3373.79357	17.26053
3374.02882	38.53294
3374.26408	53.96893
3374.49938	51.4175
3374.73469	31.24046
3374.97003	6.29331
3375.2054	0.02062
3375.44079	0
3375.67621	3.32564
3375.91165	8.12656
3376.14711	5.71982
3376.3826	0.5616
3376.61811	0.00181
3376.85365	0
3377.08921	0
3377.3248	0
3377.56041	0
3377.79605	0
3378.03171	0
3378.2674	0
3378.50311	0
3378.73884	3.93442
3378.9746	13.24689
3379.21039	21.63171
3379.4462	24.503
3379.68203	18.02535
3379.91789	5.08313
3380.15378	0.01667
3380.38968	0
3380.62562	0.5663
3380.86157	6.33376
3381.09756	9.50229
3381.33356	9.84569
3381.5696	5.79431
3381.80565	0.5561
3382.04173	0.00178
3382.27784	0
3382.51397	0
3382.75013	3.90986
3382.98631	4.66125
3383.22251	0.65345
3383.45874	0.00211
3383.69499	0
3383.93127	0
3384.16758	2.25398
3384.40391	7.03329
3384.64026	8.10359
3384.87664	5.77544
3385.11304	3.10285
3385.34947	0.05816
3385.58592	1.58E-4
3385.8224	0
3386.0589	0
3386.29543	0.06419
3386.53198	1.86292
3386.76855	3.50689
3387.00515	5.44379
3387.24178	5.15848
3387.47843	0.47421
3387.71511	0.00151
3387.95181	0
3388.18853	0
3388.42528	0
3388.66206	0
3388.89886	0
3389.13568	0
3389.37253	0
3389.6094	7.09264
3389.8463	18.55539
3390.08323	23.54017
3390.32018	17.35381
3390.55715	4.05307
3390.79415	0.01313
3391.03117	0
3391.26822	0
3391.50529	0
3391.74239	0
3391.97951	0
3392.21666	13.73722
3392.45383	33.69352
3392.69103	43.68206
3392.92825	37.17042
3393.1655	20.17313
3393.40277	3.21348
3393.64007	0.01032
3393.87739	0
3394.11473	0.0567
3394.3521	3.57809
3394.5895	10.43235
3394.82692	14.39667
3395.06437	11.66481
3395.30184	4.75062
3395.53933	2.35313
3395.77686	12.10309
3396.0144	32.5527
3396.25197	71.18845
3396.48957	90.75174
3396.72719	53.09634
3396.96483	26.54082
3397.2025	7.04062
3397.4402	0.30459
3397.67792	4.21806
3397.91567	10.565
3398.15344	12.96851
3398.39123	8.98384
3398.62905	1.9854
3398.8669	0.00639
3399.10477	0
3399.34266	0
3399.58058	0
3399.81853	2.18731
3400.0565	5.53251
3400.29449	49.62609
3400.53251	103.81971
3400.77056	157.48023
3401.00863	167.73451
3401.24672	133.36643
3401.48484	84.78809
3401.72299	36.28749
3401.96116	6.70204
3402.19935	7.12498
3402.43757	14.35162
3402.67582	16.89365
3402.91409	10.73654
3403.15238	1.77565
3403.3907	0.00566
3403.62905	0
3403.86742	0
3404.10581	1.70607
3404.34423	3.94512
3404.58268	0.0128
3404.82115	13.39783
3405.05964	67.28556
3405.29816	128.39629
3405.53671	191.86323
3405.77528	197.68044
3406.01387	165.23356
3406.2525	110.41175
3406.49114	58.25907
3406.72981	28.23726
3406.96851	33.2613
3407.20723	59.07135
3407.44598	99.35577
3407.68475	115.47391
3407.92354	85.19237
3408.16236	38.73292
3408.40121	8.95217
3408.64008	1.30192
3408.87898	35.93076
3409.1179	68.84236
3409.35685	71.34131
3409.59582	47.12606
3409.83482	21.12266
3410.07384	4.51355
3410.31289	9.56225
3410.55196	32.23162
3410.79106	53.80933
3411.03018	54.46602
3411.26933	32.87135
3411.5085	10.39037
3411.7477	8.86473
3411.98692	30.21966
3412.22617	57.02409
3412.46545	75.86575
3412.70475	70.28218
3412.94407	33.59298
3413.18342	0.10762
3413.42279	0
3413.66219	0
3413.90162	33.66599
3414.14107	64.27998
3414.38054	67.01441
3414.62004	52.9584
3414.85957	28.67981
3415.09912	5.29489
3415.3387	0.01676
3415.5783	10.77188
3415.81793	37.17159
3416.05758	53.56125
3416.29725	45.3483
3416.53696	19.33736
3416.77668	0.06178
3417.01644	0
3417.25621	19.29022
3417.49602	40.0046
3417.73585	38.46167
3417.9757	20.88529
3418.21558	5.91182
3418.45548	3.34192
3418.69541	8.09337
3418.93537	12.33821
3419.17535	15.50044
3419.41535	14.77583
3419.65538	8.73555
3419.89544	3.95166
3420.13552	8.27292
3420.37563	18.89475
3420.61576	22.18127
3420.85591	15.66574
3421.0961	8.30625
3421.3363	5.04065
3421.57654	12.26764
3421.81679	24.4391
3422.05708	28.58619
3422.29739	18.21039
3422.53772	3.72204
3422.77808	4.95275
3423.01846	17.4272
3423.25887	25.39214
3423.49931	18.42224
3423.73977	3.27423
3423.98026	7.78985
3424.22077	29.41699
3424.4613	44.35492
3424.70187	38.24299
3424.94245	16.50922
3425.18307	0.05235
3425.4237	0
3425.66437	6.06713
3425.90506	19.9845
3426.14577	53.77866
3426.38651	132.10705
3426.62728	160.86772
3426.86807	176.52273
3427.10888	171.228
3427.34972	119.41034
3427.59059	64.68387
3427.83148	17.70288
3428.0724	29.80212
3428.31334	0.09479
3428.55431	0
3428.7953	0
3429.03632	0
3429.27736	0
3429.51843	44.31568
3429.75953	45.07916
3430.00065	37.36543
3430.2418	25.17514
3430.48297	11.20334
3430.72416	1.42562
3430.96539	0.00442
3431.20663	0
3431.44791	0.02497
3431.68921	3.80787
3431.93053	11.0694
3432.17188	17.09291
3432.41325	18.01061
3432.65465	12.59362
3432.89608	3.10832
3433.13753	0.00974
3433.37901	0
3433.62051	0
3433.86204	0
3434.10359	0
3434.34517	0
3434.58678	0
3434.82841	11.08372
3435.07006	32.16657
3435.31174	39.64112
3435.55345	28.25198
3435.79518	9.89391
3436.03694	0.03106
3436.27872	0
3436.52053	0
3436.76236	0
3437.00422	0
3439.1821	0
3439.42422	0
3439.66636	0
3439.90853	0
3440.15072	6.50805
3440.39293	18.90087
3440.63518	35.33184
3440.87745	52.02931
3441.11974	106.70853
3441.36206	100.22666
3441.6044	62.45196
3441.84677	21.7244
3442.08917	5.53323
3442.33159	0.01723
3442.57404	0
3442.81651	0
3443.05901	0
3443.30154	0
3443.54409	0
3443.78666	0
3444.02926	0
3444.27189	1.19481
3444.51454	6.75206
3444.75722	6.10727
3444.99992	0.1532
3445.24265	4.22E-4
3445.48541	1.02327
3445.72819	7.14492
3445.971	9.58897
3446.21383	10.33073
3446.45669	12.76818
3446.69957	13.08743
3446.94248	6.45486
3447.18541	0.02013
3447.42837	0
3447.67136	0.21409
3447.91437	9.86606
3448.15741	19.31209
3448.40047	19.75291
3448.64356	11.26053
3448.88668	1.15479
3449.12982	0.00351
3449.37298	4.42485
3449.61618	12.78157
3449.85939	15.09241
3450.10264	11.00361
3450.34591	5.42362
3450.5892	1.43105
3450.83252	0.00442
3451.07587	0
3451.31924	0
3451.56264	0
3451.80606	9.3843
3452.04951	28.45903
3452.29298	50.55609
3452.53648	62.03713
3452.78001	53.27466
3453.02356	29.37816
3453.26714	5.18032
3453.51074	0.0159
3453.75437	0
3453.99803	0
3454.24171	1.66512
3454.48542	0.30206
3454.72915	9.27E-4
3454.97291	0
3455.21669	0
3455.4605	11.83177
3455.70434	17.78431
3455.9482	11.96778
3456.19209	0.48036
3456.436	0.00138
3456.67994	0
3456.92391	0
3457.1679	1.17717
3457.41191	2.55649
3457.65596	0.08459
3457.90002	2.38E-4
3458.14412	0
3458.38824	7.21856
3458.63238	14.64145
3458.87656	14.25922
3459.12075	7.12724
3459.36498	0.02201
3459.60923	0
3459.8535	0
3460.0978	0
3460.34213	0
3460.58648	0
3460.83086	0
3461.07527	0
3461.3197	0
3461.56415	0.01502
3461.80863	7.17599
3462.05314	14.72571
3462.29768	17.90596
3462.54224	15.5887
3462.78682	10.65071
3463.03143	6.74063
3463.27607	4.51037
3463.52074	2.73729
3463.76542	1.87481
3464.01014	3.82219
3464.25488	10.06481
3464.49965	21.46964
3464.74444	36.12833
3464.98926	45.62408
3465.23411	38.72338
3465.47898	14.01352
3465.72388	0.04293
3465.9688	4.7294
3466.21375	27.05324
3466.45872	44.4562
3466.70372	50.5821
3466.94875	45.43708
3467.1938	30.83598
3467.43888	11.24581
3467.68399	0.03443
3467.92912	0
3468.17427	9.26702
3468.41946	18.84568
3468.66467	16.28082
3468.9099	4.82102
3469.15516	0.01471
3469.40045	4.17804
3469.64576	21.95843
3469.8911	36.1919
3470.13647	37.84204
3470.38186	26.05203
3470.62727	10.14238
3470.87272	1.04992
3471.11819	0.52315
3471.36368	0.25405
3471.6092	7.77E-4
3471.85475	0
3472.10032	0
3472.34592	0
3472.59155	0
3472.8372	0
3473.08288	0
3473.32858	0
3473.57431	0
3473.82007	0.93664
3474.06585	1.50587
3474.31166	0.00461
3474.55749	0
3474.80335	5.5985
3475.04924	15.46744
3475.29515	14.70181
3475.54109	6.19517
3475.78705	1.80084
3476.03304	9.29439
3476.27906	26.3207
3476.5251	44.18382
3476.77117	53.1765
3477.01727	47.14166
3477.26339	28.5532
3477.50953	6.31388
3477.75571	0.01906
3478.00191	0
3478.24813	0.13368
3478.49438	1.53248
3478.74066	2.58811
3478.98697	3.03357
3479.2333	3.44873
3479.47965	4.34387
3479.72604	6.2552
3479.97245	7.86879
3480.21888	7.5289
3480.46534	5.10193
3480.71183	1.67029
3480.95834	0.00505
3481.20488	0
3481.45145	0
3481.69804	6.25873
3481.94466	13.48327
3482.1913	15.59208
3482.43797	11.99367
3482.68467	5.50225
3482.93139	0.31864
3483.17814	9.2E-4
3483.42492	0
3483.67172	0
3483.91855	0.22687
3484.1654	0.38632
3484.41228	0.13558
3484.65919	5.10674
3484.90612	19.34418
3485.15308	53.5468
3485.40007	94.37875
3485.64708	112.96578
3485.89412	83.65535
3486.14118	42.06458
3486.38827	0.50205
3486.63539	9.4511
3486.88253	6.15259
3487.1297	7.52785
3487.3769	7.35333
3487.62412	6.50056
3487.87137	4.52969
3488.11865	0.28516
3488.36595	8.23E-4
3488.61327	0
3488.86063	0
3489.10801	0
3489.35541	0
3489.60285	0
3489.8503	0
3490.09779	0
3490.3453	6.319
3490.59284	15.87113
3490.8404	14.03539
3491.08799	4.11896
3491.33561	0.12486
3491.58325	7.04873
3491.83092	20.23262
3492.07862	27.28578
3492.32634	27.24792
3492.57409	27.94668
3492.82186	31.32971
3493.06966	30.55712
3493.31749	20.96313
3493.56535	6.02087
3493.81323	0.01801
3494.06113	0
3494.30907	0
3494.55703	2.34242
3494.80501	1.11063
3495.05302	0.00333
3495.30106	5.72417
3495.54913	23.68643
3495.79722	37.12416
3496.04534	33.61946
3496.29348	17.19008
3496.54165	1.34998
3496.78985	0.00392
3497.03807	0
3497.28632	0
3497.5346	0
3497.7829	0
3499.27328	0
3499.52176	0
3499.77028	0
3500.01882	0
3500.26739	0.93094
3500.51598	2.84014
3500.7646	1.40074
3501.01325	0.00418
3501.26192	0
3501.51062	1.45417
3501.75935	10.03688
3502.0081	17.19532
3502.25688	19.86212
3502.50569	18.60512
3502.75452	12.89909
3503.00338	4.14929
3503.25227	0.01232
3503.50118	3.03889
3503.75012	12.45617
3503.99908	16.96362
3504.24807	10.56905
3504.49709	0.03148
3504.74614	0
3504.99521	0
3505.2443	1.70713
3505.49343	13.14356
3505.74258	15.4302
3505.99176	7.92165
3506.24096	0.02353
3506.49019	0
3506.73945	0
3506.98873	0
3507.23804	0
3507.48738	0
3507.73674	0
3507.98614	0
3508.23555	1.39665
3508.485	13.87137
3508.73447	24.63775
3508.98396	21.40165
3509.23349	3.28703
3509.48303	0.0096
3509.73261	4.72379
3509.98221	28.884
3510.23184	53.84157
3510.4815	69.80329
3510.73118	70.0536
3510.98089	55.58445
3511.23063	34.65772
3511.48039	16.09561
3511.73018	2.25889
3511.98	0.00658
3512.22984	0
3512.47971	0
3512.72961	0
3512.97953	0
3513.22948	1.20245
3513.47946	0.10175
3513.72946	2.91E-4
3513.97949	0
3514.22954	0
3514.47963	0.0926
3514.72974	2.74E-4
3514.97987	0
3515.23004	0
3515.48023	0
3515.73044	0.33348
3515.98069	0.27076
3516.23096	7.99E-4
3516.48125	0
3516.73158	5.46096
3516.98193	20.60585
3517.2323	23.08821
3517.48271	0.06813
3517.73314	0
3517.98359	0
3518.23408	28.55646
3518.48459	79.84276
3518.73513	128.12096
3518.98569	135.79389
3519.23628	107.64963
3519.4869	57.2604
3519.73754	0.1681
3519.98821	0
3520.23891	0
3520.48964	0
3520.74039	0
3520.99117	0
3521.24197	0
3521.4928	0
3521.74366	0
3521.99455	606.83686
3522.24546	1655.88568
3522.4964	2788.0635
3522.74736	3809.82556
3522.99836	3664.03761
3523.24938	2635.21444
3523.50042	1626.21212
3523.7515	879.20145
3524.0026	599.80632
3524.25372	830.17921
3524.50488	1317.64118
3524.75606	1581.11812
3525.00726	1262.63687
3525.2585	664.85903
3525.50976	153.24796
3525.76105	0.44438
3526.01236	0
3526.26371	128.45731
3526.51507	279.82332
3526.76647	321.21571
3527.01789	185.16468
3527.26934	44.94346
3527.52082	3.07451
3527.77232	39.78786
3528.02385	87.59966
3528.27541	109.42877
3528.52699	91.90605
3528.7786	21.56379
3529.03024	0.06238
3529.2819	0
3529.5336	0
3529.78531	41.6946
3530.03706	65.47436
3530.28883	34.68997
3530.54063	0.10092
3530.79246	0
3531.04431	0
3531.29619	0
3531.5481	37.42458
3531.80003	71.6157
3532.05199	49.47614
3532.30398	19.33292
3532.55599	0.07134
3532.80804	0
3533.06011	8.17023
3533.3122	28.72249
3533.56432	33.27699
3533.81647	21.37837
3534.06865	6.39755
3534.32085	1.36003
3534.57308	2.51404
3534.82534	0.01013
3535.07763	0.35177
3535.32994	0.12042
3535.58228	0.21053
3535.83464	5.13258
3536.08704	13.28947
3536.33946	23.06593
3536.5919	34.64331
3536.84438	42.86652
3537.09688	39.71922
3537.34941	23.7193
3537.60196	3.43048
3537.85454	0.02069
3538.10715	6.55365
3538.35979	22.85177
3538.61245	26.48661
3538.86514	16.44897
3539.11786	4.77635
3539.3706	4.09891
3539.62337	12.34423
3539.87617	14.51323
3540.129	2.35747
3540.38185	0.01426
3540.63473	0
3540.88764	0
3541.14057	7.19073
3541.39353	12.82513
3541.64652	14.71603
3541.89954	13.38906
3542.15258	8.40132
3542.40565	1.86991
3542.65874	0.01142
3542.91187	0.14461
3543.16502	7.48116
3543.4182	20.44131
3543.6714	35.3596
3543.92464	43.91687
3544.17789	38.06811
3544.43118	18.64203
3544.6845	0.11553
3544.93784	0
3545.1912	5.98659
3545.4446	21.45301
3545.69802	26.71003
3545.95147	19.37135
3546.20495	8.47465
3546.45845	7.44193
3546.71198	22.49586
3546.96554	47.10505
3547.21913	78.53949
3547.47274	67.14798
3547.72638	35.11582
3547.98005	3.15666
3548.23374	0.01842
3548.48746	2.93271
3548.74121	36.97841
3548.99499	70.03609
3549.24879	76.82866
3549.50262	43.31916
3549.75648	24.11424
3550.01036	10.04284
3550.26428	4.90514
3550.51822	7.21078
3550.77218	23.78522
3551.02618	50.30173
3551.2802	72.73456
3551.53425	76.18199
3551.78832	57.17326
3552.04242	27.07723
3552.29655	3.65648
3552.55071	0.02183
3552.8049	3.86003
3553.05911	9.85024
3553.31335	6.77271
3553.56761	0.56137
3553.82191	0.00325
3554.07623	0
3554.33058	0.83929
3554.58495	4.92527
3554.83936	4.17187
3555.09379	0.09131
3555.34825	4.09E-4
3555.60273	7.78697
3555.85724	34.04359
3556.11178	54.58832
3556.36635	52.95794
3556.62094	32.18151
3556.87557	9.30978
3557.13021	0.05691
3557.38489	0
3557.63959	0
3557.89433	0
3558.14908	0
3559.42329	0
3559.67821	0
3559.93316	0
3560.18814	0
3560.44314	0.18808
3560.69817	13.17168
3560.95323	27.20991
3561.20832	29.96467
3561.46344	19.61437
3561.71858	6.08876
3561.97375	1.3097
3562.22894	8.31968
3562.48417	21.65674
3562.73942	33.3665
3562.9947	35.81216
3563.25	24.66268
3563.50534	5.91337
3563.7607	0.03583
3564.01609	7.37297
3564.27151	32.79098
3564.52695	51.91306
3564.78242	49.901
3565.03792	29.9425
3565.29345	8.10038
3565.549	0.09751
3565.80458	3.66299
3566.06019	11.22577
3566.31582	8.54883
3566.57149	0.05268
3566.82718	0
3567.0829	0
3567.33864	4.1358
3567.59442	9.11932
3567.85022	2.94394
3568.10605	0.01792
3568.3619	0
3568.61779	15.52921
3568.8737	41.69408
3569.12964	60.79016
3569.3856	60.1792
3569.6416	40.48184
3569.89762	15.76655
3570.15367	0.90034
3570.40974	0.00499
3570.66585	1.57849
3570.92198	1.5811
3571.17814	0.00974
3571.43432	0
3571.69054	0
3571.94678	0
3572.20305	1.25992
3572.45935	9.24514
3572.71567	8.3356
3572.97202	1.62455
3573.2284	0.00974
3573.48481	0
3573.74124	1.09879
3573.99771	11.83974
3574.2542	27.99012
3574.51071	42.44596
3574.76726	45.46844
3575.02383	35.09062
3575.28043	0.21524
3575.53706	0
3575.79372	36.42994
3576.0504	103.15644
3576.30711	171.49448
3576.56385	225.39945
3576.82062	217.27255
3577.07741	172.96091
3577.33423	109.47266
3577.59108	52.90481
3577.84796	9.75077
3578.10486	5.02647
3578.36179	1.00031
3578.61875	0.00599
3578.87574	0
3579.13276	0
3579.3898	9.85866
3579.64687	31.62935
3579.90397	40.67011
3580.1611	31.22298
3580.41825	0.19104
3580.67543	0
3580.93264	4.08342
3581.18988	37.43761
3581.44714	72.42387
3581.70443	72.92666
3581.96175	36.78249
3582.2191	2.42901
3582.47648	0.01359
3582.73388	0
3582.99131	6.2731
3583.24877	28.81138
3583.50626	41.49215
3583.76377	46.03136
3584.02131	41.76936
3584.27888	35.33467
3584.53648	30.06741
3584.79411	0.18376
3585.05176	5.56183
3585.30944	37.21499
3585.56715	113.19983
3585.82489	203.76054
3586.08265	295.40312
3586.34044	287.56012
3586.59826	189.53544
3586.85611	95.34644
3587.11399	24.76608
3587.37189	5.43078
3587.62982	15.26379
3587.88778	54.70134
3588.14577	130.52601
3588.40378	198.59385
3588.66182	210.50444
3588.91989	143.52333
3589.17799	57.30909
3589.43612	0.01689
3589.69427	0
3589.95245	29.04664
3590.21066	17.00069
3590.4689	0.10332
3590.72717	0
3590.98546	0.22331
3591.24378	9.24932
3591.50213	25.16635
3591.7605	41.56372
3592.01891	41.88885
3592.27734	18.88652
3592.5358	2.86114
3592.79429	5.03199
3593.05281	33.06199
3593.31135	72.23772
3593.56992	100.59209
3593.82852	43.76923
3594.08715	33.51844
3594.34581	55.13045
3594.60449	55.04151
3594.8632	30.01045
3595.12194	3.44734
3595.38071	10.17442
3595.6395	149.76889
3595.89833	195.8631
3596.15718	228.89337
3596.41606	254.88368
3596.67496	278.59577
3596.9339	295.89651
3597.19286	298.01949
3597.45185	282.80441
3597.71087	237.42457
3597.96992	154.91547
3598.22899	72.11428
3598.4881	0.43518
3598.74723	0
3599.00639	0
3599.26557	8.354
3599.52479	3.35491
3599.78403	6.42599
3600.0433	9.39127
3600.3026	0.0572
3600.56193	0
3600.82128	0
3601.08067	0
3601.34008	38.62861
3601.59952	32.92482
3601.85898	15.54848
3602.11848	0.45564
3602.378	0.00221
3602.63755	3.7906
3602.89713	8.76155
3603.15674	7.74423
3603.41638	6.37087
3603.67604	3.21671
3603.93573	9.85732
3604.19545	47.36015
3604.4552	76.05296
3604.71497	55.98782
3604.97478	33.95652
3605.23461	13.00612
3605.49447	0.66171
3605.75436	0.00356
3606.01427	0.43852
3606.27422	4.17345
3606.53419	1.72487
3606.79419	0.01036
3607.05422	0
3607.31428	0.99708
3607.57436	18.10837
3607.83448	24.4867
3608.09462	13.38707
3608.35479	0.08073
3608.61498	0
3608.87521	9.03131
3609.13546	25.84398
3609.39574	26.2842
3609.65605	9.98978
3609.91639	0.0599
3610.17676	0
3610.43715	12.79456
3610.69758	20.18325
3610.95803	10.57961
3611.21851	0.25664
3611.47901	2.59365
3611.73955	24.18445
3612.00011	43.69821
3612.26071	44.66445
3612.52133	28.44044
3612.78197	8.27292
3613.04265	0.04933
3613.30335	0
3613.56409	0
3613.82485	0
3614.08564	0
3614.34646	0
3614.6073	0
3614.86818	0
3615.12908	0
3615.39001	3.47687
3615.65097	15.25402
3615.91195	24.03267
3616.17297	20.73157
3616.43401	6.78923
3616.69509	0.12983
3616.95619	5.06854
3617.21731	21.60214
3617.47847	33.38897
3617.73966	30.61794
3618.00087	15.03667
3618.26211	1.36107
3618.52338	3.74443
3618.78468	18.65754
3619.046	27.47039
3619.30736	18.78181
3619.56874	1.12056
3619.83015	0.00611
3620.09159	0
3620.35306	0.98576
3620.61456	0.00597
3620.87608	0
3621.13764	0
3621.39922	0
3621.66083	0
3621.92246	0
3622.18413	0
3622.44583	4.10702
3622.70755	11.78397
3622.9693	14.01431
3623.23108	9.74257
3623.49289	3.94958
3623.75473	2.59029
3624.01659	8.7145
3624.27848	21.13465
3624.54041	36.11303
3624.80236	48.78844
3625.06433	53.39474
3625.32634	45.91813
3625.58838	28.73211
3625.85044	10.09414
3626.11253	0.14106
3626.37465	4.9E-4
3626.6368	0
3626.89898	0
3627.16119	0
3627.42342	2.26879
3627.68568	3.23323
3627.94797	0.07905
3628.21029	3.6E-4
3628.47264	0
3628.73502	1.06301
3628.99742	4.96159
3629.25986	3.72901
3629.52232	0.52458
3629.78481	0.00303
3630.04733	11.30539
3630.30988	34.71889
3630.57245	50.71603
3630.83506	46.80845
3631.09769	27.46691
3631.36035	10.37181
3631.62304	8.72752
3631.88576	20.31016
3632.14851	32.12694
3632.41128	32.0827
3632.67408	17.90644
3632.93692	0.86559
3633.19978	0.00457
3633.46267	0
3633.72559	2.81944
3633.98853	1.16421
3634.25151	0.00691
3634.51451	0
3634.77754	10.48397
3635.0406	24.97183
3635.30369	26.09672
3635.56681	13.28422
3635.82996	0.07892
3636.09313	0
3636.35634	0
3636.61957	5.5131
3636.88283	9.16124
3637.14612	3.69891
3637.40944	0.11875
3637.67278	6.15043
3637.93616	22.15631
3638.19956	39.78825
3638.46299	53.15873
3638.72646	57.27234
3638.98994	47.11553
3639.25346	25.55589
3639.51701	7.82771
3639.78059	8.8773
3640.04419	25.6964
3640.30782	38.69767
3640.57148	32.4605
3640.83517	10.94576
3641.09889	0.06462
3641.36264	0
3641.62642	3.67451
3641.89022	12.99432
3642.15405	8.65709
3642.41792	1.4497
3642.68181	4.50976
3642.94573	18.73016
3643.20967	29.66386
3643.47365	25.92692
3643.73766	10.7268
3644.00169	0.12302
3644.26575	3.57E-4
3644.52984	0
3644.79396	0
3645.05811	1.41068
3645.32229	10.40925
3645.5865	17.83092
3645.85073	22.39261
3646.115	22.04584
3646.37929	14.25211
3646.64361	4.35096
3646.90796	5.44366
3647.17234	22.40149
3647.43675	41.33688
3647.70118	43.57014
3647.96565	27.05496
3648.23014	10.42421
3648.49466	12.46131
3648.75921	30.44166
3649.02379	45.12095
3649.2884	43.05162
3649.55304	28.53979
3649.81771	14.97298
3650.0824	8.34795
3650.34713	2.25001
3650.61188	0.01316
3650.87666	0
3651.14147	1.64069
3651.40631	22.15068
3651.67118	29.90995
3651.93608	19.27378
3652.201	6.74507
3652.46596	9.01177
3652.73094	24.05867
3652.99595	37.28874
3653.26099	39.71211
3653.52606	32.71161
3653.79116	19.90827
3654.05629	4.39585
3654.32145	0.02551
3654.58663	0
3654.85185	5.55213
3655.11709	18.93362
3655.38236	21.92863
3655.64766	13.3269
3655.91299	1.10372
3656.17835	0.00611
3656.44374	1.0435
3656.70915	14.61542
3656.9746	26.24574
3657.24007	28.75002
3657.50558	23.16771
3657.77111	14.66693
3658.03667	6.30765
3658.30226	0.70877
3658.56788	0.90046
3658.83352	11.2787
3659.0992	26.99663
3659.36491	35.77689
3659.63064	30.09462
3659.8964	14.48438
3660.1622	2.64205
3660.42802	7.73576
3660.69387	31.51662
3660.95975	60.26872
3661.22566	73.96972
3661.49159	62.95585
3661.75756	36.2442
3662.02356	13.64187
3662.28958	9.33812
3662.55563	26.29739
3662.82171	55.71133
3663.08783	82.58734
3663.35397	76.46301
3663.62014	48.26573
3663.88633	21.54173
3664.15256	4.03499
3664.41882	0.02321
3664.6851	0
3664.95142	3.84654
3665.21776	10.84813
3665.48413	11.41819
3665.75053	2.66957
3666.01696	0.01543
3666.28342	0
3666.54991	3.05789
3666.81643	8.72337
3667.08298	5.29348
3667.34955	0.03106
3667.61616	0
3667.88279	0
3668.14945	0
3668.41614	0
3668.68287	0
3668.94962	0
3669.2164	0
3669.4832	0.13447
3669.75004	2.54583
3670.01691	9.27189
3670.2838	19.88955
3670.55073	29.64569
3670.81768	29.72059
3671.08466	16.62345
3671.35168	0.42333
3671.61872	0.00193
3671.88579	2.31026
3672.15289	24.83912
3672.42002	46.54324
3672.68717	55.37521
3672.95436	46.60733
3673.22158	27.27563
3673.48882	10.48283
3673.7561	5.08101
3674.0234	7.01429
3674.29073	4.23395
3674.5581	0.02475
3674.82549	0
3675.09291	0
3675.36036	0
3675.62784	0
3676.43045	0
3676.69804	0
3676.96567	0
3677.23332	0
3677.50101	4.54889
3677.76872	5.57252
3678.03646	7.96661
3678.30423	19.17794
3678.57203	35.46803
3678.83986	45.7005
3679.10772	42.7292
3679.37561	30.06598
3679.64352	19.56893
3679.91147	20.71514
3680.17945	29.06013
3680.44745	35.33508
3680.71549	38.32244
3680.98355	43.5563
3681.25164	51.48146
3681.51976	10.17629
3681.78792	0.05616
3682.0561	0
3682.32431	0
3682.59255	0
3682.86081	0
3683.12911	13.52145
3683.39744	92.36026
3683.6658	244.88973
3683.93418	411.78315
3684.2026	515.69696
3684.47104	472.63872
3684.73952	333.32865
3685.00802	197.36717
3685.27655	113.50228
3685.54511	91.72237
3685.81371	95.41864
3686.08233	106.28112
3686.35098	57.1861
3686.61966	0.33169
3686.88837	0
3687.1571	2.63338
3687.42587	7.08215
3687.69467	0
3687.96349	0
3688.23235	9.72083
3688.50124	74.12997
3688.77015	227.53082
3689.03909	418.87356
3689.30807	575.93127
3689.57707	594.4946
3689.8461	491.59357
3690.11516	333.17018
3690.38426	200.88835
3690.65338	157.27218
3690.92253	195.99711
3691.19171	309.1016
3691.46091	379.31956
3691.73015	296.70195
3691.99942	143.47277
3692.26872	1.81937
3692.53804	0.00579
3692.8074	33.95864
3693.07679	94.44364
3693.3462	103.90518
3693.61565	61.19711
3693.88512	14.11228
3694.15462	82.05019
3694.42416	177.22143
3694.69372	254.97794
3694.96331	248.8004
3695.23293	173.98563
3695.50258	83.71993
3695.77226	32.53184
3696.04198	28.60013
3696.31171	38.89451
3696.58148	72.95569
3696.85128	89.23308
3697.12111	75.28056
3697.39097	36.74377
3697.66086	11.31748
3697.93077	16.28261
3698.20072	52.41286
3698.4707	92.60963
3698.7407	102.55137
3699.01074	57.74266
3699.2808	8.50519
3699.5509	0.04764
3699.82102	0
3700.09117	34.63931
3700.36136	80.45544
3700.63157	113.52487
3700.90181	84.51166
3701.17208	40.69303
3701.44238	9.49944
3701.71272	4.41373
3701.98308	10.96067
3702.25347	16.73347
3702.52389	12.96347
3702.79434	2.57914
3703.06482	0.01458
3703.33532	0
3703.60586	16.7301
3703.87643	45.07208
3704.14703	66.41702
3704.41766	68.73406
3704.68831	40.50161
3704.959	0.23323
3705.22972	0
3705.50046	5.0385
3705.77124	25.43173
3706.04204	37.27563
3706.31288	32.45427
3706.58374	9.27242
3706.85464	0.05286
3707.12556	0
3707.39652	16.80798
3707.6675	32.47018
3707.93851	29.94075
3708.20956	13.4804
3708.48063	0.25071
3708.75173	0.82198
3709.02286	13.34124
3709.29403	23.19743
3709.56522	18.31223
3709.83644	0.74427
3710.10769	0.00371
3710.37897	0
3710.65028	5.87774
3710.92162	15.829
3711.19299	17.01863
3711.46439	10.34578
3711.73582	0.94027
3712.00728	0.00511
3712.27877	0
3712.55029	0.18608
3712.82184	5.81673
3713.09342	5.42061
3713.36503	0.92219
3713.63667	0.00516
3713.90833	0
3714.18003	0
3714.45176	1.11218
3714.72352	17.82208
3714.9953	40.55801
3715.26712	55.55653
3715.53897	53.03699
3715.81085	36.04264
3716.08275	16.91322
3716.35469	8.17674
3716.62665	15.77707
3716.89865	36.18056
3717.17068	57.76888
3717.44273	68.27441
3717.71482	62.91388
3717.98693	46.10001
3718.25908	26.75032
3718.53126	12.46044
3718.80346	6.075
3719.0757	6.21362
3719.34796	11.3313
3719.62026	21.86918
3719.89258	36.3573
3720.16494	46.47653
3720.43732	41.09457
3720.70974	19.13
3720.98218	0.10924
3721.25466	3.69917
3721.52716	19.91174
3721.79969	29.79082
3722.07226	29.13917
3722.34485	21.08189
3722.61748	9.03121
3722.89013	0.05146
3723.16282	0
3723.43553	0.30143
3723.70827	15.39326
3723.98105	31.59512
3724.25385	38.43856
3724.52669	34.90323
3724.79955	24.17778
3725.07244	11.1678
3725.34537	1.37822
3725.61832	0.00758
3725.89131	0
3726.16432	0
3726.43736	0
3726.71044	0
3726.98354	0.30229
3727.25668	6.22755
3727.52984	10.7233
3727.80303	8.29788
3728.07626	1.4245
3728.34951	0.00793
3728.6228	0
3728.89611	0
3729.16946	0
3729.44283	0
3729.71623	2.43306
3729.98967	16.43558
3730.26313	26.23943
3730.53663	24.85511
3730.81015	16.63809
3731.08371	11.01712
3731.35729	9.45647
3731.63091	5.8268
3731.90455	0.3386
3732.17823	0.00175
3732.45193	1.36007
3732.72567	3.38049
3732.99943	0.04176
3733.27323	1.29E-4
3733.54705	0
3733.82091	0
3734.0948	0
3734.36871	0
3734.64266	0
3734.91664	0.06607
3735.19064	18.09074
3735.46468	48.36555
3735.73875	74.91776
3736.01284	82.99918
3736.28697	69.51761
3736.56113	43.33349
3736.83532	17.29141
3737.10953	2.43022
3737.38378	5.05828
3737.65806	22.69353
3737.93237	42.53181
3738.20671	49.15986
3738.48107	37.99339
3738.75547	19.76626
3739.0299	6.17995
3739.30436	0.0347
3739.57885	32.42329
3739.85337	66.62869
3740.12792	58.26768
3740.4025	33.50937
3740.67711	4.07069
3740.95175	0.02221
3741.22642	7.69028
3741.50113	31.94642
3741.77586	34.21424
3742.05062	20.46577
3742.32541	8.40423
3742.60023	9.33023
3742.87509	19.78614
3743.14997	26.61373
3743.42488	19.47029
3743.69982	1.89208
3743.9748	0.01017
3744.2498	0
3744.52484	1.18036
3744.7999	3.8875
3745.075	0.32322
3745.35012	0.00172
3745.62528	0
3745.90046	0
3746.17568	3.5381
3746.45093	12.6592
3746.7262	9.84284
3747.00151	0.05568
3747.27685	0
3747.55222	13.94356
3747.82761	38.74106
3748.10304	48.65655
3748.3785	34.72539
3748.65399	10.46243
3748.92951	0.05855
3749.20506	0
3749.48064	2.49745
3749.75625	1.64596
3750.03189	0.0093
3750.30756	0
3750.58327	0.59748
3750.859	19.79014
3751.13476	29.49486
3751.41056	20.91452
3751.68638	6.83382
3751.96223	2.33473
3752.23812	6.2612
3752.51403	5.87803
3752.78998	0.03323
3753.06595	0
3753.34196	6.99184
3753.618	22.94178
3753.89406	32.81547
3754.17016	29.00034
3754.44629	14.36287
3754.72245	1.10315
3754.99864	0.00581
3755.27486	2.36401
3755.55111	2.35336
3755.82739	0.01328
3756.1037	0
3756.38004	0
3756.65641	0.3263
3756.93281	0.00185
3757.20925	0
3757.48571	0
3757.7622	12.55921
3758.03873	36.90105
3758.31528	51.57592
3758.59187	48.25347
3758.86849	30.6036
3759.14513	9.1219
3759.42181	0.25442
3759.69852	0.00116
3759.97526	0
3760.25202	0
3760.52882	0
3760.80565	0.89945
3761.08251	3.82814
3761.35941	4.07232
3761.63633	2.38562
3761.91328	2.23565
3762.19026	2.77973
3762.46728	0.6143
3762.74432	0.00339
3763.02139	0
3763.2985	5.3797
3763.57564	23.28538
3763.8528	70.9961
3764.13	107.57431
3764.40723	55.16969
3764.68449	35.65553
3764.96177	12.80428
3765.23909	0.44665
3765.51644	0.00212
3765.79382	3.42346
3766.07124	15.87378
3766.34868	33.46824
3766.62615	49.1602
3766.90366	74.10943
3767.18119	105.4305
3767.45875	117.62561
3767.73635	103.73417
3768.01398	59.78718
3768.29163	10.2516
3768.56932	0.05607
3768.84704	0
3769.12479	5.83779
3769.40257	0.03298
3769.68038	0
3769.95822	0.17328
3770.23609	2.42998
3770.51399	9.66803
3770.79193	17.85577
3771.06989	14.64342
3771.34789	0.13244
3771.62591	2.84E-4
3771.90397	0
3772.18205	0
3772.46017	0
3772.73832	0
3773.0165	0
3773.29471	6.27176
3773.57295	20.83691
3773.85122	27.97792
3774.12952	24.31363
3774.40786	14.72251
3774.68622	6.93993
3774.96462	4.70917
3775.24304	3.95025
3775.5215	0.3099
3775.79999	0.00162
3776.0785	8.17777
3776.35705	30.65416
3776.63563	50.11299
3776.91424	50.3747
3777.19288	31.98319
3777.47156	10.5041
3777.75026	0.21405
3778.02899	0.82422
3778.30776	7.35139
3778.58655	12.78882
3778.86538	13.87136
3779.14424	9.89446
3779.42312	2.16464
3779.70204	0.01187
3779.98099	0
3780.25997	0
3780.53899	10.40113
3780.81803	21.80825
3781.0971	19.4194
3781.37621	4.99583
3781.65534	0.02747
3781.93451	0
3782.2137	5.67408
3782.49293	15.54542
3782.77219	20.45818
3783.05148	24.03747
3783.3308	25.98027
3783.61015	21.7635
3783.88954	12.4528
3784.16895	5.7378
3784.44839	6.65712
3784.72787	12.91758
3785.00738	19.80875
3785.28691	24.98705
3785.56648	27.67905
3785.84608	27.37829
3786.12571	24.99638
3786.40537	23.2334
3786.68506	24.37192
3786.96479	27.58423
3787.24454	28.48507
3787.52433	22.12695
3787.80414	8.65288
3788.08399	0.04773
3788.36387	0
3788.64378	0
3788.92372	0.41654
3789.20369	0.02962
3789.48369	1.53E-4
3789.76373	0
3790.04379	4.07154
3790.32389	5.09271
3790.60401	0.19418
3790.88417	9.26E-4
3791.16436	0
3791.44458	3.93529
3791.72483	13.58346
3792.00511	14.19902
3792.28542	4.67048
3792.56577	0.02562
3792.84614	0
3793.12655	3.38414
3793.40699	17.17151
3793.68745	24.54767
3793.96795	23.20089
3794.24848	17.495
3794.52905	11.08676
3794.80964	4.59936
3795.09026	0.02527
3795.37092	0
3795.6516	0.07587
3795.93232	10.77418
3796.21307	29.34892
3796.49385	47.83522
3796.77466	54.51994
3797.0555	44.22243
3797.33638	24.67123
3797.61728	8.67503
3797.89822	2.57647
3798.17918	2.08924
3798.46018	0.29997
3798.74121	0.00161
3799.02227	0
3799.30336	0.21336
3799.58448	4.39271
3799.86564	5.97899
3800.14682	0.22395
3800.42804	0.00106
3800.70929	0
3800.99057	0
3801.27188	8.21983
3801.55322	14.36399
3801.83459	11.68977
3802.11599	4.66253
3802.39743	0.64528
3802.67889	0.3177
3802.96039	0.00175
3803.24192	0
3803.52348	0
3803.80507	0
3804.08669	7.77565
3804.36835	19.80604
3804.65003	21.58063
3804.93175	12.71616
3805.2135	3.87641
3805.49527	5.47124
3805.77708	11.48607
3806.05893	9.93649
3806.3408	3.85981
3806.6227	4.62504
3806.90464	15.66951
3807.1866	28.61482
3807.4686	33.05281
3807.75063	25.03984
3808.03269	7.79373
3808.31478	0.04252
3808.59691	0
3808.87906	2.37434
3809.16125	18.13821
3809.44347	23.42362
3809.72572	16.78211
3810.008	5.38625
3810.29031	0.02935
3810.57265	0
3810.85502	0.76363
3811.13743	9.30237
3811.41987	16.24508
3811.70234	17.35481
3811.98484	14.12279
3812.26737	10.30834
3812.54993	6.57143
3812.83252	2.06414
3813.11515	0.01122
3813.39781	0
3813.68049	0
3813.96321	0
3814.24597	0
3814.52875	0.41742
3814.81156	0.47862
3815.09441	0.00263
3815.37729	0
3815.66019	0
3815.94313	0.91422
3816.22611	15.11392
3816.50911	27.56956
3816.79214	29.13793
3817.07521	17.1404
3817.35831	0.15797
3817.64144	3.54E-4
3817.9246	0
3818.20779	3.42347
3818.49101	5.10783
3818.77427	0.02805
3819.05755	0
3819.34087	0
3819.62422	0
3819.9076	0
3821.60855	0
3821.89215	0
3822.17579	0
3822.45945	0
3822.74315	0.1466
3823.02688	6.43002
3823.31064	11.96084
3823.59443	16.1608
3823.87825	23.1649
3824.16211	33.52942
3824.44599	41.67881
3824.72991	39.40133
3825.01386	24.92209
3825.29784	9.48539
3825.58185	8.92513
3825.8659	24.85758
3826.14997	39.59863
3826.43408	35.26686
3826.71822	14.0949
3827.00239	0.07632
3827.28659	0
3827.57083	0.48104
3827.85509	9.55147
3828.13939	14.91044
3828.42372	13.22992
3828.70808	6.58092
3828.99247	0.03568
3829.2769	0
3829.56135	0
3829.84584	3.004
3830.13036	12.27086
3830.41491	19.92381
3830.69949	21.04466
3830.98411	14.05374
3831.26876	3.42082
3831.55343	0.0183
3831.83814	0
3832.12288	0
3832.40766	0.03736
3832.69246	11.37748
3832.9773	32.96786
3833.26217	57.52115
3833.54707	73.54109
3833.832	71.48031
3834.11696	52.12314
3834.40196	26.98691
3834.68699	7.71835
3834.97205	0.98577
3835.25714	0.21512
3835.54226	0.00115
3835.82741	0
3836.1126	0.74289
3836.39782	16.66381
3836.68307	31.59307
3836.96835	27.44922
3837.25366	14.30123
3837.53901	6.79752
3837.82438	12.10836
3838.10979	32.27184
3838.39523	62.76798
3838.68071	62.41299
3838.96621	22.32649
3839.25175	0.1199
3839.53732	0
3839.82292	13.95699
3840.10855	0.07608
3840.39421	0
3840.67991	0
3840.96564	0
3841.25139	0
3841.53719	0
3841.82301	58.0898
3842.10886	1079.28688
3842.39475	2634.14231
3842.68067	4347.60584
3842.96662	5634.71661
3843.2526	5056.44492
3843.53862	3497.12474
3843.82467	1987.39164
3844.11074	986.92243
3844.39685	678.40936
3844.683	950.0735
3844.96917	1377.58109
3845.25538	1392.35248
3845.54162	887.69542
3845.82789	269.0493
3846.11419	1.43513
3846.40052	0
3846.68689	0
3846.97329	89.63182
3847.25972	137.74438
3847.54618	50.42366
3847.83267	0.26958
3848.1192	0
3848.40576	79.63664
3848.69235	220.07148
3848.97897	321.28173
3849.26562	331.08827
3849.55231	231.87883
3849.83903	129.89654
3850.12578	83.62718
3850.41256	8.68785
3850.69938	12.44019
3850.98622	11.26961
3851.2731	5.41849
3851.56001	12.39447
3851.84695	35.49039
3852.13393	109.7333
3852.42093	142.53115
3852.70797	125.63095
3852.99504	78.53414
3853.28215	32.45962
3853.56928	0.17336
3853.85645	9.77227
3854.14365	1.49049
3854.43088	6.85172
3854.71814	38.239
3855.00544	0.20684
3855.29277	0
3855.58013	0
3855.86752	0
3856.15494	33.32219
3856.4424	21.26596
3856.72989	4.81752
3857.01741	0.02543
3857.30496	0
3857.59255	0
3857.88016	0
3858.16781	0
3858.45549	0.38358
3858.74321	5.94711
3859.03095	10.84956
3859.31873	14.09807
3859.60654	24.41949
3859.89438	46.65774
3860.18226	71.15182
3860.47016	78.61033
3860.7581	59.25698
3861.04607	27.14144
3861.33408	7.82073
3861.62211	16.60974
3861.91018	42.50341
3862.19828	66.82593
3862.48641	82.94322
3862.77458	60.31793
3863.06277	28.53112
3863.351	12.18716
3863.63926	2.54382
3863.92756	1.90891
3864.21588	0.84801
3864.50424	0.00451
3864.79263	0.07716
3865.08105	1.92785
3865.36951	4.37444
3865.658	4.13204
3865.94652	1.50174
3866.23507	0.00796
3866.52365	2.33675
3866.81227	13.20718
3867.10092	31.3947
3867.3896	71.34141
3867.67831	101.57805
3867.96706	85.62392
3868.25584	53.6926
3868.54465	19.52779
3868.83349	2.62831
3869.12236	20.04246
3869.41127	53.22399
3869.70021	81.69857
3869.98918	61.11584
3870.27819	24.23612
3870.56722	3.83766
3870.85629	7.60985
3871.1454	29.32644
3871.43453	44.27403
3871.7237	37.95865
3872.01289	16.81945
3872.30213	0.08938
3872.59139	0
3872.88069	12.49123
3873.17001	29.10128
3873.45938	35.37918
3873.74877	29.54626
3874.03819	17.32687
3874.32765	5.05757
3874.61714	0.02671
3874.90667	0
3875.19622	5.81562
3875.48581	9.14734
3875.77543	3.64202
3876.06508	0.0193
3876.35477	0
3876.64449	0
3876.93424	0
3877.22402	0
3878.67342	0
3878.9634	0
3879.25341	0
3879.54345	0
3879.83353	3.89262
3880.12364	15.47741
3880.41378	17.86732
3880.70395	8.38305
3880.99416	0.04437
3881.28439	0
3881.57466	0
3881.86497	0.63489
3882.1553	6.18146
3882.44567	8.56203
3882.73607	8.00259
3883.02651	8.39342
3883.31697	9.34538
3883.60747	6.46979
3883.898	0.60117
3884.18857	0.00303
3884.47916	3.82886
3884.76979	11.85021
3885.06046	13.81947
3885.35115	9.69198
3885.64188	5.6046
3885.93264	3.45462
3886.22343	0.20253
3886.51425	9.82E-4
3886.80511	0
3887.096	7.27193
3887.38692	24.45078
3887.67788	33.23485
3887.96887	25.29542
3888.25989	7.63174
3888.55094	0.03994
3888.84203	8.53526
3889.13315	30.37793
3889.4243	43.15393
3889.71548	35.42005
3890.0067	15.31391
3890.29795	0.08067
3890.58923	0
3890.88055	1.03617
3891.1719	7.46169
3891.46328	10.04688
3891.75469	5.32152
3892.04614	0.02806
3892.33762	0.27643
3892.62913	14.78531
3892.92067	32.67267
3893.21225	35.91227
3893.50386	21.60864
3893.7955	2.856
3894.08718	0.01458
3894.37889	0.70618
3894.67063	1.59143
3894.9624	0.00844
3895.25421	0
3895.54605	0
3895.83792	0.26975
3896.12982	4.62443
3896.42176	3.41009
3896.71373	0.01797
3897.00574	0
3897.29777	0
3897.58984	0
3897.88194	0
3899.92758	0
3900.21994	0
3900.51234	0
3900.80477	0
3901.09723	0.00912
3901.38973	4.8E-5
3901.68226	0
3901.97482	0
3902.26741	0
3902.56004	2.47508
3902.8527	14.37067
3903.1454	20.13592
3903.43812	12.43724
3903.73088	0.06515
3904.02367	0
3904.3165	7.86233
3904.60936	33.98741
3904.90225	46.85492
3905.19517	38.24727
3905.48813	20.17469
3905.78112	4.94583
3906.07414	8.78221
3906.3672	28.76076
3906.66029	54.36259
3906.95341	75.05019
3907.24657	70.71319
3907.53976	32.39331
3907.83298	0.16878
3908.12623	0
3908.41952	0
3908.71284	0
3909.00619	16.50694
3909.29958	55.25965
3909.593	84.37714
3909.88645	73.08582
3910.17993	34.97916
3910.47345	0.66608
3910.767	0.07044
3911.06059	20.33789
3911.35421	123.24791
3911.64786	286.49488
3911.94154	472.51829
3912.23526	507.8331
3912.52901	364.60812
3912.82279	199.6395
3913.11661	93.04005
3913.41046	103.0701
3913.70434	238.29964
3913.99825	394.05287
3914.2922	541.4941
3914.58618	496.24637
3914.8802	338.17294
3915.17425	193.40987
3915.46833	99.2005
3915.76244	64.51605
3916.05659	85.77149
3916.35077	123.95891
3916.64498	152.41627
3916.93923	130.301
3917.23351	70.92284
3917.52782	19.08987
3917.82217	1.77994
3918.11655	20.14505
3918.41096	61.16982
3918.7054	76.32858
3918.99988	51.83484
3919.29439	22.60333
3919.58894	2.33951
3919.88352	0.0117
3920.17813	0
3920.47278	0
3920.76745	0.5539
3921.06216	9.73303
3921.35691	16.57192
3921.65169	13.23205
3921.9465	2.8946
3922.24134	0.01483
3922.53622	0
3922.83113	0
3923.12607	0
3923.42105	0
3924.01111	0
3924.30618	0
3924.60129	0
3924.89644	0
3925.19161	9.95715
3925.48682	24.50765
3925.78207	27.14045
3926.07735	15.44879
3926.37266	2.71971
3926.668	1.01752
3926.96338	5.82159
3927.25879	4.2655
3927.55423	0.02214
3927.84971	0.03539
3928.14522	6.9649
3928.44076	20.92287
3928.73634	28.68572
3929.03195	26.86627
3929.32759	19.25975
3929.62327	12.81128
3929.91898	12.23529
3930.21472	15.18539
3930.5105	14.98922
3930.80631	11.23418
3931.10215	9.30806
3931.39803	10.22248
3931.69394	9.74886
3931.98989	11.03396
3932.28586	18.31964
3932.58188	27.1765
3932.87792	63.67543
3933.174	76.48625
3933.47011	47.10236
3933.76625	9.10888
3934.06243	0.04615
3934.35864	13.72412
3934.65489	41.56738
3934.95117	90.68242
3935.24748	57.35752
3935.54382	35.63746
3935.8402	13.72403
3936.13662	8.39436
3936.43306	5.73711
3936.72954	7.05596
3937.02605	13.08232
3937.3226	44.63745
3937.61918	116.39511
3937.91579	158.44448
3938.21244	165.89368
3938.50912	104.43873
3938.80584	46.23567
3939.10258	1.13118
3939.39936	0
3939.69618	0
3939.99303	0
3940.28991	21.43734
3940.58682	23.31947
3940.88377	12.11154
3941.18075	0.87336
3941.47777	0
3941.77482	0
3942.0719	0
3942.36902	0.04679
3942.66617	0.65892
3942.96335	1.55561
3943.26057	8.09287
3943.55782	13.74965
3943.85511	12.8209
3944.15243	5.59233
3944.44978	0.38693
3944.74716	0
3945.04458	6.91754
3945.34204	29.17038
3945.63952	50.85143
3945.93704	54.29168
3946.2346	35.34039
3946.53218	10.28874
3946.8298	0.04656
3947.12746	5.5936
3947.42515	15.44674
3947.72287	16.70439
3948.02063	8.64006
3948.31842	0.33939
3948.61624	0.00153
3948.9141	0
3949.21199	0
3949.50991	0.54598
3949.80787	5.64789
3950.10586	15.25221
3950.40389	24.69033
3950.70195	28.54796
3951.00004	25.53475
3951.29816	19.14915
3951.59633	11.65461
3951.89452	2.10193
3952.19275	0.01054
3952.49101	0
3952.7893	18.55014
3953.08763	42.60253
3953.386	52.13915
3953.68439	42.29219
3953.98282	23.88134
3954.28129	9.24212
3954.57979	1.94009
3954.87832	0.00977
3955.17688	0.92094
3955.47548	8.73711
3955.77412	23.28082
3956.07278	36.86561
3956.37149	38.43301
3956.67022	24.66987
3956.96899	4.58124
3957.26779	0.02295
3957.56663	0
3957.8655	0
3958.1644	0
3958.46334	0
3958.76231	0.1276
3959.06132	10.77798
3959.36036	16.22153
3959.65943	13.8405
3959.95854	8.6688
3960.25768	4.04365
3960.55685	0.96439
3960.85606	1.98026
3961.15531	9.71955
3961.45458	23.09216
3961.75389	39.2468
3962.05324	55.54703
3962.35262	65.62146
3962.65203	59.67891
3962.95148	36.52292
3963.25096	12.0283
3963.55047	6.599
3963.85002	23.48032
3964.1496	45.79596
3964.44922	55.10102
3964.74887	47.07772
3965.04855	29.3079
3965.34827	9.73114
3965.64802	0.09842
3965.94781	2.53E-4
3966.24763	1.74616
3966.54748	11.09077
3966.84737	23.03986
3967.14729	31.8931
3967.44725	34.85976
3967.74724	31.41524
3968.04726	23.01993
3968.34732	9.61576
3968.64742	3.37255
3968.94754	3.64271
3969.2477	12.07254
3969.5479	22.86432
3969.84812	25.91694
3970.14839	17.06959
3970.44868	3.34542
3970.74901	0.01668
3971.04938	0.77811
3971.34978	9.78155
3971.65021	17.5839
3971.95068	17.75386
3972.25118	11.56201
3972.55171	4.26403
3972.85228	0.26302
3973.15289	0.00123
3973.45353	2.24831
3973.7542	8.32723
3974.0549	16.91034
3974.35564	23.19722
3974.65642	22.44023
3974.95723	15.18134
3975.25807	0.07688
3975.55894	0
3975.85985	10.11105
3976.1608	47.34778
3976.46178	85.87639
3976.76279	105.57138
3977.06384	51.07248
3977.36492	34.30591
3977.66604	13.71641
3977.96719	0.06901
3978.26837	0
3978.56959	10.26332
3978.87084	36.64332
3979.17213	55.67746
3979.47345	56.76092
3979.77481	38.43484
3980.07619	12.98165
3980.37762	0.52326
3980.67908	12.05432
3980.98057	46.38499
3981.2821	78.01124
3981.58366	44.49329
3981.88525	0.22418
3982.18688	0
3982.48854	0
3982.79024	2.92073
3983.09197	54.38524
3983.39374	107.96779
3983.69554	105.21862
3983.99738	63.7025
3984.29924	21.27093
3984.60115	9.12412
3984.90309	24.59165
3985.20506	49.15197
3985.50707	58.56143
3985.80911	44.32046
3986.11118	18.80965
3986.41329	0.31194
3986.71544	0.00111
3987.01761	0
3987.31983	6.45453
3987.62207	16.74682
3987.92435	21.17694
3988.22667	15.18957
3988.52902	3.07645
3988.8314	0.01521
3989.13382	0
3989.43628	0
3989.73876	0
3990.04129	3.70838
3990.34384	20.26668
3990.64643	39.31573
3990.94906	47.99696
3991.25172	37.76268
3991.55441	16.26015
3991.85714	4.5858
3992.15991	17.27187
3992.4627	44.75837
3992.76553	61.49225
3993.0684	53.17713
3993.3713	29.73995
3993.67424	8.85265
3993.97721	0.21249
3994.28021	8.54E-4
3994.58325	0
3994.88632	5.80211
3995.18943	18.41023
3995.49257	27.36374
3995.79575	25.2897
3996.09896	14.31836
3996.40221	3.74485
3996.70549	2.81698
3997.0088	12.20497
3997.31215	19.06902
3997.61554	16.60171
3997.91895	9.28836
3998.22241	7.21722
3998.52589	13.89777
3998.82942	21.73252
3999.13297	21.9525
3999.43656	16.01204
3999.74019	12.68585
4000.04385	14.55155
4000.34755	15.78243
4000.65128	12.10356
4000.95504	4.95596
4001.25884	0.0247
4001.56267	0
4001.86654	0
4002.17044	0
4002.47438	2.8471
4002.77835	11.23501
4003.08236	16.52265
4003.3864	12.54218
4003.69047	0.70987
4003.99458	0.00326
4004.29873	0.21797
4004.60291	22.02448
4004.90712	36.55089
4005.21137	30.49242
4005.51566	10.97537
4005.81997	0.05445
4006.12433	0
4006.42872	4.84848
4006.73314	16.7871
4007.03759	17.02601
4007.34209	9.64375
4007.64661	2.5901
4007.95117	0.16698
4008.25577	0.16995
4008.5604	0.61467
4008.86507	3.14103
4009.16977	10.09047
4009.4745	20.33451
4009.77927	28.9074
4010.08408	31.5311
4010.38891	28.82894
4010.69379	23.79158
4010.9987	16.05629
4011.30364	7.95136
4011.60862	5.70047
4011.91363	7.30406
4012.21868	43.59986
4012.52376	94.10986
4012.82888	155.06783
4013.13403	200.19127
4013.43922	211.84561
4013.74444	150.72883
4014.0497	91.8222
4014.35499	33.80979
4014.66031	3.30834
4014.96568	27.94156
4015.27107	42.84567
4015.5765	20.95529
4015.88197	5.34533
4016.18747	0.02188
4016.493	0
4016.79857	0
4017.10418	0
4017.40982	0
4017.71549	0
4018.0212	76.58668
4018.32695	266.03222
4018.63273	468.94056
4018.93854	579.77025
4019.24439	485.70925
4019.55028	334.74256
4019.85619	216.41842
4020.16215	214.94977
4020.46814	226.73263
4020.77416	305.08926
4021.08022	366.09041
4021.38631	296.27721
4021.69244	151.43993
4021.99861	6.94416
4022.30481	0.0309
4022.61104	0
4022.91731	20.75949
4023.22361	9.48975
4023.52995	0.04677
4023.83632	32.3226
4024.14273	172.52532
4024.44918	370.83428
4024.75566	562.4026
4025.06217	533.34115
4025.36872	348.65937
4025.6753	176.21186
4025.98192	100.18642
4026.28857	167.89078
4026.59526	276.67005
4026.90199	351.15948
4027.20874	288.59644
4027.51554	151.17611
4027.82237	54.25131
4028.12923	50.02768
4028.43613	79.82577
4028.74307	92.16855
4029.05003	67.38139
4029.35704	40.56605
4029.66408	35.22914
4029.97115	96.06776
4030.27826	188.54496
4030.58541	236.98864
4030.89259	164.95425
4031.1998	86.1481
4031.50705	6.55392
4031.81434	0.03042
4032.12166	31.08369
4032.42901	89.77343
4032.7364	143.87498
4033.04383	140.33347
4033.35129	83.9365
4033.65879	27.27519
4033.96632	3.64884
4034.27388	20.3143
4034.58149	40.31175
4034.88912	54.75426
4035.19679	48.64672
4035.5045	5.9991
4035.81224	0.02853
4036.12002	0
4036.42783	35.92115
4036.73568	71.2249
4037.04357	46.21565
4037.35148	16.49788
4037.65944	2.96753
4037.96743	18.29994
4038.27545	47.48985
4038.58351	72.96025
4038.89161	35.67543
4039.19974	0.31353
4039.5079	6.88E-4
4039.8161	0
4040.12434	0
4040.43261	39.8576
4040.74091	61.40166
4041.04926	49.20341
4041.35763	28.46361
4041.66604	7.4003
4041.97449	0.03588
4042.28297	0
4042.59149	0
4042.90005	3.05823
4043.20863	3.16891
4043.51726	0.01557
4043.82592	0
4044.13461	0
4044.44334	8.19205
4044.75211	15.31499
4045.06091	12.84808
4045.36975	3.29828
4045.67862	0.01595
4045.98752	9.372
4046.29647	33.41792
4046.60544	53.62253
4046.91446	54.27813
4047.22351	36.6838
4047.53259	0.17925
4047.84171	0
4048.15086	0.42078
4048.46005	36.44366
4048.76928	69.96843
4049.07854	50.67628
4049.38784	24.28017
4049.69717	0.31993
4050.00654	9.93E-4
4050.31594	13.86306
4050.62538	34.62769
4050.93485	41.53814
4051.24436	33.31772
4051.5539	17.4477
4051.86348	2.55202
4052.1731	0.01212
4052.48275	0
4052.79244	0
4053.10216	0
4053.41192	8.91695
4053.72171	30.56312
4054.03154	54.21649
4054.3414	83.25987
4054.6513	51.3868
4054.96124	11.32778
4055.27121	14.12572
4055.58121	4.69556
4055.89126	4.52912
4056.20133	0.10325
4056.51145	3.98E-4
4056.8216	0
4057.13178	0.87539
4057.442	12.72716
4057.75225	16.27458
4058.06255	3.84224
4058.37287	0.01844
4058.68323	0
4058.99363	14.33397
4059.30406	31.95279
4059.61453	40.06838
4059.92504	36.77894
4060.23558	24.25323
4060.54615	8.17497
4060.85676	0.03944
4061.16741	0
4061.47809	0
4061.78881	0.06553
4062.09957	3.2E-4
4062.41036	0
4062.72118	0
4063.03204	0.00485
4063.34294	3.54549
4063.65387	1.77595
4063.96484	0.00859
4064.27584	0
4064.58688	5.64138
4064.89796	30.38306
4065.20907	55.60721
4065.52021	65.37834
4065.8314	55.26718
4066.14262	34.07004
4066.45387	14.03621
4066.76516	1.72341
4067.07648	0.69531
4067.38784	4.7221
4067.69924	10.82751
4068.01067	15.51147
4068.32214	15.67277
4068.63365	9.96513
4068.94519	1.11153
4069.25676	0.00518
4069.56837	0.0787
4069.88002	8.342
4070.1917	13.85172
4070.50342	10.59154
4070.81518	2.58743
4071.12697	0.01234
4071.43879	0
4071.75065	1.12126
4072.06255	15.31251
4072.37449	37.59644
4072.68646	79.20895
4072.99846	89.59114
4073.3105	50.26546
4073.62258	22.07338
4073.93469	5.00103
4074.24684	0.02383
4074.55903	0
4074.87125	0
4075.1835	0
4075.4958	1.65539
4075.80812	16.98644
4076.12049	31.21555
4076.43289	28.66436
4076.74532	8.73606
4077.0578	0.04176
4077.3703	0
4077.68285	16.42432
4077.99543	28.95534
4078.30804	29.92742
4078.6207	24.65818
4078.93338	17.63728
4079.24611	8.02875
4079.55887	3.9799
4079.87166	7.77238
4080.18449	17.48047
4080.49736	22.57358
4080.81026	15.27748
4081.1232	1.17459
4081.43618	0.00534
4081.74919	0
4082.06224	7.55369
4082.37532	15.58644
4082.68844	16.37525
4083.0016	11.30361
4083.31479	4.81374
4083.62802	0.3151
4083.94128	0.00141
4084.25458	0
4084.56791	0
4084.88129	1.88515
4085.19469	5.3624
4085.50814	8.26284
4085.82162	7.90602
4086.13513	0.038
4086.44869	23.01286
4086.76227	86.18129
4087.0759	157.59314
4087.38956	236.88864
4087.70326	242.34026
4088.01699	225.96002
4088.33076	159.18899
4088.64456	92.94079
4088.9584	39.33337
4089.27228	4.28337
4089.58619	4.61137
4089.90014	6.05425
4090.21413	10.82745
4090.52815	13.45733
4090.84221	10.28391
4091.1563	2.23548
4091.47043	0.01056
4091.7846	0
4092.0988	0.3824
4092.41304	0.78542
4092.72732	0.00479
4093.04163	5E-6
4093.35597	0.18454
4093.67036	4.9891
4093.98478	8.77509
4094.29923	4.60529
4094.61373	0.02199
4094.92826	0
4095.24282	0
4095.55742	4.88733
4095.87206	15.35425
4096.18673	20.65048
4096.50144	17.19657
4096.81619	7.98622
4097.13097	0.55684
4097.44579	0.0025
4097.76064	1.35289
4098.07554	0.4666
4098.39046	0.00221
4098.70543	0
4099.02043	0
4099.33546	3.73785
4099.65054	6.66494
4099.96565	4.66876
4100.28079	3.23169
4100.59597	2.82465
4100.91119	3.55564
4101.22645	6.07036
4101.54174	8.85095
4101.85706	9.31169
4102.17243	8.90541
4102.48783	13.82712
4102.80326	1.47712
4103.11874	38.24092
4103.43425	73.15404
4103.74979	106.06101
4104.06537	44.33076
4104.38099	40.34834
4104.69665	78.59754
4105.01234	98.82154
4105.32806	54.93385
4105.64383	6.29101
4105.95963	6.03573
4106.27547	162.69166
4106.59134	262.98521
4106.90725	340.2302
4107.22319	385.89087
4107.53918	399.07891
4107.8552	384.6505
4108.17125	281.30404
4108.48734	167.51057
4108.80347	57.10618
4109.11964	0.26878
4109.43584	0
4109.75208	0
4110.06835	0
4110.38466	0
4110.70101	0
4111.01739	9.2942
4111.33381	17.33167
4111.65027	1.56933
4111.96677	0.00709
4112.2833	0
4112.59986	2.33492
4112.91647	0.49041
4113.23311	0.00229
4113.54978	0
4113.8665	0.67082
4114.18324	18.41562
4114.50003	37.72995
4114.81685	48.6286
4115.13371	45.04144
4115.45061	29.57455
4115.76754	11.90974
4116.08451	1.96257
4116.40152	0.30008
4116.71856	0.00138
4117.03564	0.10888
4117.35275	10.9932
4117.66991	36.76841
4117.9871	61.53939
4118.30432	66.26942
4118.62158	48.97581
4118.93888	24.90614
4119.25622	9.51737
4119.57359	8.22079
4119.891	19.4387
4120.20844	38.15038
4120.52593	55.17219
4120.84345	60.05117
4121.161	48.67817
4121.47859	26.58084
4121.79622	4.73978
4122.11389	0.02196
4122.43159	0.777
4122.74933	18.05608
4123.06711	34.29757
4123.38492	35.16012
4123.70277	21.53954
4124.02066	6.96755
4124.33858	4.50766
4124.65654	15.74057
4124.97454	30.26949
4125.29257	34.36518
4125.61064	22.96822
4125.92875	5.28647
4126.24689	0.02457
4126.56507	0.40772
4126.88329	11.13714
4127.20154	19.60977
4127.51983	22.62742
4127.83816	22.1737
4128.15653	18.2815
4128.47493	10.4127
4128.79337	2.03428
4129.11184	0.0094
4129.43035	0
4129.7489	0
4130.06749	0
4130.38611	2.35966
4130.70477	13.58567
4131.02347	19.07907
4131.3422	15.43588
4131.66097	7.35131
4131.97978	0.84273
4132.29862	0.00382
4132.6175	0
4132.93642	0
4133.25537	0.27901
4133.57436	8.62761
4133.89339	15.95493
4134.21246	17.95324
4134.53156	14.14298
4134.8507	8.06942
4135.16988	4.06558
4135.48909	1.96033
4135.80834	0.21614
4136.12763	9.75E-4
4136.44695	0.34652
4136.76631	19.27781
4137.08571	43.44131
4137.40515	56.18638
4137.72462	48.39647
4138.04413	26.02635
4138.36367	5.84343
4138.68326	3.12784
4139.00288	19.25583
4139.32253	38.48503
4139.64223	41.11245
4139.96196	23.89153
4140.28173	4.00217
4140.60153	0.0183
4140.92137	4.26039
4141.24125	4.42815
4141.56117	0.02072
4141.88112	0
4142.20111	0
4142.52114	15.02502
4142.84121	32.8752
4143.16131	41.11864
4143.48145	36.48534
4143.80162	23.08583
4144.12184	9.05704
4144.44209	1.13687
4144.76238	1.91566
4145.0827	11.2845
4145.40306	26.07545
4145.72346	37.9623
4146.0439	36.58978
4146.36437	19.89129
4146.68488	0.36721
4147.00543	0.00129
4147.32601	0
4147.64663	4.26777
4147.96729	7.13106
4148.28799	1.90793
4148.60872	0.00879
4148.92949	0
4149.2503	5.09811
4149.57115	14.13493
4149.89203	10.87402
4150.21295	0.05061
4150.53391	0
4150.8549	0
4151.17593	7.035
4151.497	12.94004
4151.8181	6.58509
4152.13925	0.03051
4152.46043	0
4152.78165	0
4153.1029	0
4153.42419	0
4153.74552	0
4154.06689	0
4154.38829	13.65358
4154.70973	43.50986
4155.03121	63.47103
4155.35273	56.00047
4155.67428	28.29899
4155.99587	7.17133
4156.3175	11.43083
4156.63916	34.32049
4156.96087	53.11859
4157.28261	50.94981
4157.60438	28.95914
4157.9262	2.15601
4158.24805	0.00943
4158.56994	3.46975
4158.89187	27.70317
4159.21383	33.28076
4159.53583	22.49677
4159.85787	2.45427
4160.17995	0.01094
4160.50206	10.60172
4160.82421	60.32577
4161.1464	83.7103
4161.46863	68.73069
4161.79089	38.28982
4162.11319	11.79947
4162.43553	2.69658
4162.7579	11.4006
4163.08032	30.86332
4163.40277	52.58392
4163.72526	66.21574
4164.04778	61.83089
4164.37034	39.50685
4164.69294	13.37771
4165.01558	0.81464
4165.33826	5.06654
4165.66097	19.26819
4165.98372	30.65144
4166.30651	31.11597
4166.62933	20.12589
4166.9522	5.20968
4167.2751	0.02375
4167.59804	0.69837
4167.92101	5.7012
4168.24402	6.55434
4168.56707	3.32407
4168.89016	0.02054
4169.21329	2.4E-5
4169.53645	8.97732
4169.85965	32.01838
4170.18289	59.34679
4170.50617	75.91144
4170.82948	70.12145
4171.15283	45.70351
4171.47622	18.78908
4171.79965	3.82029
4172.12311	4.01649
4172.44661	12.9233
4172.77015	21.01172
4173.09373	22.18913
4173.41735	18.39133
4173.741	17.62449
4174.06469	22.69184
4174.38842	25.44837
4174.71218	18.70302
4175.03598	7.12489
4175.35982	3.32687
4175.6837	14.41087
4176.00762	34.83064
4176.33157	51.53257
4176.65556	53.8671
4176.97959	40.4165
4177.30366	19.60763
4177.62776	2.05847
4177.95191	0.00911
4178.27609	0
4178.6003	0
4178.92456	0
4179.24885	1.13329
4179.57318	7.81405
4179.89755	16.16828
4180.22196	23.22907
4180.5464	24.09852
4180.87088	15.48835
4181.1954	2.12632
4181.51996	0.00948
4181.84456	0.41955
4182.16919	10.28126
4182.49386	14.23733
4182.81857	11.1245
4183.14332	9.43046
4183.4681	14.51367
4183.79292	20.38992
4184.11778	20.45294
4184.44268	14.15872
4184.76762	5.17753
4185.09259	0.02353
4185.4176	0
4185.74265	0
4186.06774	0
4186.39286	0
4186.71803	0
4187.04323	4.00811
4187.36846	14.22421
4187.69374	21.62996
4188.01906	20.62924
4188.34441	12.99459
4188.6698	0.05921
4188.99523	0
4189.32069	22.68497
4189.6462	58.66795
4189.97174	88.52835
4190.29732	48.48709
4190.62294	35.41843
4190.94859	21.27878
4191.27429	6.18487
4191.60002	0.02791
4191.92579	0
4192.2516	15.2344
4192.57744	29.75524
4192.90333	28.00052
4193.22925	15.36274
4193.55521	7.14991
4193.8812	10.91755
4194.20724	33.39257
4194.53331	57.84068
4194.85943	85.84637
4195.18558	75.13606
4195.51176	39.84661
4195.83799	23.65727
4196.16425	11.47844
4196.49056	7.9055
4196.8169	6.43836
4197.14327	11.42825
4197.46969	18.98021
4197.79614	21.05466
4198.12264	13.83965
4198.44917	6.64887
4198.77574	10.87209
4199.10234	20.58593
4199.42899	25.5867
4199.75567	22.64682
4200.08239	16.54278
4200.40915	13.06646
4200.73595	12.9944
4201.06278	13.73246
4201.38966	13.29064
4201.71657	10.44369
4202.04352	5.07523
4202.37051	0.41638
4202.69753	0.00179
4203.0246	0
4203.3517	0
4203.67884	0
4204.00602	0
4204.66049	0
4204.98778	0
4205.31512	0
4205.64249	0
4205.96989	1.97797
4206.29734	21.22689
4206.62483	44.73335
4206.95235	55.43728
4207.27991	43.62682
4207.60751	20.35275
4207.93515	11.68923
4208.26282	28.50836
4208.59054	41.70931
4208.91829	35.01363
4209.24608	16.095
4209.57391	2.49394
4209.90178	2.44303
4210.22968	9.60858
4210.55763	13.66035
4210.88561	10.033
4211.21363	1.21907
4211.54169	0.00533
4211.86979	0
4212.19792	6.52845
4212.5261	23.40134
4212.85431	45.79293
4213.18256	66.03753
4213.51085	71.44072
4213.83918	56.57913
4214.16754	30.91115
4214.49595	9.17049
4214.82439	0.04092
4215.15287	0
4215.48139	0
4215.80995	0
4216.13854	0
4216.46718	1.48118
4216.79585	13.97927
4217.12456	31.50945
4217.45331	45.77969
4217.7821	46.69256
4218.11093	31.9835
4218.43979	10.97408
4218.7687	0.04896
4219.09764	0
4219.42662	16.46489
4219.75564	36.6879
4220.0847	42.64593
4220.41379	34.05941
4220.74293	20.44071
4221.0721	5.62811
4221.40131	0.02502
4221.73056	0
4222.05985	7.32381
4222.38918	46.61731
4222.71855	60.52713
4223.04795	11.5885
4223.37739	0.05107
4223.70687	0
4224.03639	0
4224.36595	0
4224.69555	0
4225.02519	0
4225.35486	0
4225.68457	0
4226.01432	549.8332
4226.34411	2297.01123
4226.67394	4474.30148
4227.00381	6703.47771
4227.33372	7184.55565
4227.66366	5492.27195
4227.99364	3535.80623
4228.32367	1852.56533
4228.65373	1122.51364
4228.98382	1104.10787
4229.31396	1464.69514
4229.64414	1453.78005
4229.97435	957.42422
4230.30461	231.17311
4230.6349	1.01904
4230.96523	0
4231.2956	0
4231.62601	0
4231.95646	18.13505
4232.28694	16.69291
4232.61747	5.25981
4232.94803	32.54055
4233.27863	128.14442
4233.60927	222.16382
4233.93995	228.97562
4234.27067	167.8157
4234.60143	81.46652
4234.93222	21.56435
4235.26306	14.50999
4235.59393	63.55989
4235.92484	104.26607
4236.25579	83.2417
4236.58678	11.37955
4236.91781	0.01573
4237.24888	0
4237.57999	0
4237.91113	0
4238.24231	14.41955
4238.57354	1.02973
4238.9048	11.38092
4239.2361	36.13558
4239.56744	64.38154
4239.89882	77.60952
4240.23023	65.0936
4240.56169	36.34318
4240.89318	12.51307
4241.22472	9.11843
4241.55629	27.77649
4241.8879	56.7583
4242.21955	77.19958
4242.55124	38.83565
4242.88297	0.17182
4243.21473	0
4243.54654	0
4243.87838	0
4244.21027	27.31128
4244.54219	22.85767
4244.87415	24.86595
4245.20615	41.5161
4245.53819	63.50485
4245.87027	74.79726
4246.20238	70.28224
4246.53454	51.32203
4246.86673	28.00713
4247.19897	21.26468
4247.53124	46.59514
4247.86355	85.11271
4248.19591	116.02941
4248.5283	99.91652
4248.86072	58.84624
4249.19319	12.99668
4249.5257	6.89294
4249.85825	4.76858
4250.19083	5.20153
4250.52345	11.73501
4250.85612	10.95759
4251.18882	5.96991
4251.52156	8.69135
4251.85434	14.80171
4252.18716	14.0588
4252.52002	12.21794
4252.85292	23.32998
4253.18585	46.03323
4253.51883	68.60194
4253.85185	78.14831
4254.1849	70.52577
4254.51799	51.43256
4254.85112	29.88332
4255.1843	11.68116
4255.51751	1.61742
4255.85076	14.15495
4256.18405	51.7559
4256.51737	93.67462
4256.85074	109.81517
4257.18415	73.59769
4257.51759	17.73731
4257.85108	4.92705
4258.1846	21.00597
4258.51816	47.46058
4258.85177	52.88312
4259.18541	34.96534
4259.51909	12.65327
4259.85281	0.52508
4260.18657	0.00208
4260.52037	0
4260.8542	0
4261.18808	0
4261.522	0.74199
4261.85595	3.10213
4262.18995	14.51403
4262.52398	38.37087
4262.85805	62.78447
4263.19217	68.54885
4263.52632	47.82691
4263.86051	13.94212
4264.19474	0.06066
4264.52901	5.43075
4264.86332	35.82522
4265.19766	55.33315
4265.53205	49.99782
4265.86648	28.65097
4266.20094	6.4602
4266.53545	0.02799
4266.87	0
4267.20458	0
4267.5392	0.1317
4267.87387	3.9592
4268.20857	8.09592
4268.54331	9.68211
4268.87809	7.5357
4269.21291	2.63966
4269.54777	0.01149
4269.88267	0
4270.21761	0
4270.55259	0
4270.8876	0
4271.22266	0.03344
4271.55776	0.41755
4271.89289	0.59321
4272.22807	1.77116
4272.56328	8.54391
4272.89854	1.42565
4273.23383	44.32094
4273.56916	83.4343
4273.90454	115.80112
4274.23995	62.09689
4274.5754	33.16654
4274.91089	12.75306
4275.24642	7.46144
4275.58199	18.37526
4275.9176	27.92025
4276.25325	29.56662
4276.58894	31.02667
4276.92466	37.73895
4277.26043	41.92429
4277.59624	36.2811
4277.93209	27.86736
4278.26797	33.97685
4278.6039	53.92051
4278.93986	43.84317
4279.27587	0.19109
4279.61191	0
4279.948	0
4280.28412	10.05082
4280.62028	5.70776
4280.95649	0.02485
4281.29273	0
4281.62901	0
4281.96533	10.46194
4282.30169	30.15965
4282.63809	40.9011
4282.97453	31.25949
4283.31101	9.9565
4283.64753	0.04304
4283.98409	2.81561
4284.32069	18.76097
4284.65733	30.40495
4284.99401	30.43546
4285.33073	21.34135
4285.66749	9.34391
4286.00428	0.29771
4286.34112	0.00113
4286.678	0
4287.01492	0
4287.35187	0
4287.68887	0
4289.03725	0
4289.37445	0
4289.71168	0
4290.04895	0
4290.38627	5.8734
4290.72362	14.41111
4291.06102	11.54243
4291.39845	1.91432
4291.73592	0.00812
4292.07344	1.00928
4292.41099	4.29811
4292.74858	9.3025
4293.08622	20.13159
4293.42389	37.04783
4293.7616	50.86818
4294.09935	51.26206
4294.43714	37.54001
4294.77498	19.04509
4295.11285	3.65456
4295.45076	0.30488
4295.78871	0.16657
4296.1267	2.35429
4296.46473	12.51295
4296.80281	32.41201
4297.14092	70.40101
4297.47907	97.75278
4297.81726	72.4847
4298.15549	31.29203
4298.49376	0.13442
4298.83207	0
4299.17042	6.58204
4299.50881	8.25365
4299.84724	11.17793
4300.18571	16.66016
4300.52422	31.14523
4300.86277	0.13476
4301.20137	0
4301.54	0
4301.87867	24.80872
4302.21738	169.38453
4302.55613	409.87036
4302.89492	679.58313
4303.23375	815.11753
4303.57262	621.06234
4303.91153	386.84099
4304.25048	167.89006
4304.58947	121.65034
4304.9285	243.8461
4305.26757	469.4127
4305.60668	708.02869
4305.94583	738.17207
4306.28502	520.51582
4306.62425	303.40092
4306.96353	153.98079
4307.30284	100.45008
4307.64219	102.48932
4307.98158	139.28768
4308.32101	148.22145
4308.66048	91.94588
4308.99999	10.56313
4309.33955	0.0439
4309.67914	0
4310.01877	0
4310.35844	45.64403
4310.69816	58.74277
4311.03791	54.62409
4311.3777	42.5423
4311.71753	25.63874
4312.05741	11.54374
4312.39732	1.71095
4312.73727	0.00718
4313.07727	0
4313.4173	0
4313.75738	0
4314.09749	2.39232
4314.43764	13.12448
4314.77784	22.20117
4315.11807	20.95426
4315.45835	9.20079
4315.79866	0.03931
4316.13902	0
4316.47942	0
4316.81985	0
4317.16033	0
4317.50085	0.52457
4317.8414	0.73153
4318.182	0.00314
4318.52264	0
4318.86332	0.6138
4319.20404	3.24974
4319.54479	2.5555
4319.88559	0.01093
4320.22643	0
4320.56731	0
4320.90823	0
4321.24919	0.06567
4321.59019	1.34585
4321.93123	2.52524
4322.27232	1.42187
4322.61344	0.00606
4322.9546	0
4323.2958	0
4323.63705	0
4323.97833	0
4324.31965	1.32305
4324.66102	2.2043
4325.00242	0.52184
4325.34387	0.0022
4325.68535	0
4326.02688	0
4326.36845	7.56239
4326.71005	18.34906
4327.0517	20.76138
4327.39339	10.9511
4327.73512	0.3282
4328.07688	2.05204
4328.41869	24.77135
4328.76054	53.96077
4329.10243	70.66697
4329.44437	71.76634
4329.78634	49.26063
4330.12835	20.56594
4330.4704	10.26268
4330.81249	8.60472
4331.15463	17.93157
4331.4968	30.39392
4331.83902	31.4039
4332.18127	18.28932
4332.52357	2.84672
4332.8659	0.01183
4333.20828	0
4333.5507	6.34033
4333.89315	19.70479
4334.23565	26.7721
4334.57819	20.97195
4334.92077	4.93691
4335.26339	0.02067
4335.60605	0
4335.94875	3.82935
4336.2915	20.5991
4336.63428	26.00148
4336.9771	17.88119
4337.31997	6.09829
4337.66287	5.47171
4338.00582	21.66542
4338.3488	45.18794
4338.69183	61.42471
4339.0349	63.90648
4339.37801	55.36974
4339.72116	40.50642
4340.06435	23.45505
4340.40758	6.39411
4340.75085	1.38327
4341.09416	0.05103
4341.43751	0.4669
4341.7809	4.8108
4342.12434	16.39157
4342.46781	38.90718
4342.81133	80.51863
4343.15489	110.55239
4343.49848	63.80091
4343.84212	34.94271
4344.1858	14.35007
4344.52952	5.3904
4344.87328	9.23618
4345.21708	14.29524
4345.56092	8.36363
4345.9048	0.20399
4346.24873	7.16E-4
4346.59269	0.11218
4346.9367	2.63719
4347.28074	8.56696
4347.62483	17.64577
4347.96896	24.49792
4348.31313	22.4867
4348.65734	13.79293
4349.00159	7.99423
4349.34588	10.79042
4349.69021	18.8066
4350.03458	24.44586
4350.379	21.44072
4350.72345	7.86737
4351.06795	0.03286
4351.41248	4.10074
4351.75706	28.17643
4352.10168	55.72719
4352.44634	71.6773
4352.79104	66.39224
4353.13578	43.96005
4353.48056	17.89278
4353.82538	0.97166
4354.17025	6.47187
4354.51515	22.58753
4354.8601	16.87864
4355.20509	0.02356
4355.55011	0
4355.89518	0
4356.24029	0
4356.58544	0.17049
4356.93064	24.21449
4357.27587	18.45842
4357.62114	6.37037
4357.96646	0.01257
4358.31182	0.0345
4358.65721	4.34106
4359.00265	11.51497
4359.34813	21.36019
4359.69365	70.04638
4360.03921	118.18891
4360.38482	123.57929
4360.73046	118.4894
4361.07614	112.32169
4361.42187	114.83832
4361.76764	124.75806
4362.11345	135.23605
4362.45929	145.73341
4362.80519	161.37979
4363.15112	182.82817
4363.49709	135.48264
4363.8431	71.44187
4364.18916	0.29731
4364.53525	0
4364.88139	0
4365.22757	0
4365.57379	7.96125
4365.92005	2.32316
4366.26635	0.1538
4366.6127	1.19588
4366.95908	2.60457
4367.30551	0.80639
4367.65197	0.00334
4367.99848	0
4368.34503	0
4368.69162	5.35998
4369.03825	13.80678
4369.38493	13.91105
4369.73164	4.79325
4370.0784	0.01983
4370.4252	0
4370.77203	0
4371.11891	2.29642
4371.46583	1.24563
4371.8128	0.00517
4372.1598	0
4372.50684	0
4372.85393	0.16386
4373.20106	2.23456
4373.54823	3.06936
4373.89544	2.0909
4374.24269	0.45763
4374.58998	0.04335
4374.93732	10.843
4375.28469	36.16048
4375.63211	61.71612
4375.97957	82.46328
4376.32707	54.52874
4376.67461	29.68397
4377.02219	10.27846
4377.36981	1.47682
4377.71748	0.00598
4378.06519	0.28632
4378.41293	5.11857
4378.76072	16.20289
4379.10856	31.36069
4379.45643	42.20277
4379.80434	38.46453
4380.1523	19.76502
4380.50029	0.89923
4380.84833	1.35783
4381.19641	18.66746
4381.54453	43.59453
4381.8927	90.23897
4382.2409	66.71326
4382.58915	29.42822
4382.93743	0.12111
4383.28576	0
4383.63413	0
4383.98255	39.32263
4384.331	45.58605
4384.67949	36.24925
4385.02803	17.8612
4385.37661	1.76482
4385.72523	0.00703
4386.07389	2.20082
4386.42259	15.25623
4386.77134	22.02683
4387.12012	17.64271
4387.46895	7.73149
4387.81782	0.64646
4388.16673	0.00255
4388.51568	0
4388.86468	0.47214
4389.21371	12.6209
4389.56279	25.69791
4389.91191	28.42389
4390.26107	19.91528
4390.61027	9.80055
4390.95952	4.8529
4391.3088	1.77417
4391.65813	0.00726
4392.0075	3.25754
4392.35691	25.6313
4392.70636	57.06601
4393.05586	74.7861
4393.40539	63.66532
4393.75497	33.27131
4394.10459	9.19517
4394.45425	6.3512
4394.80395	14.11517
4395.1537	11.47521
4395.50348	0.04724
4395.85331	0
4396.20318	0
4396.55309	6.92807
4396.90305	9.01584
4397.25304	0.07898
4397.60308	1.73E-4
4397.95316	0
4398.30328	11.23638
4398.65344	23.29742
4399.00364	21.19227
4399.35389	7.63792
4399.70418	0.03115
4400.05451	4.21419
4400.40488	22.67644
4400.75529	34.31127
4401.10575	26.76712
4401.45624	9.45531
4401.80678	3.125
4402.15736	14.62238
4402.50799	30.50747
4402.85865	35.22957
4403.20936	27.19626
4403.56011	15.13327
4403.9109	5.63538
4404.26173	0.02291
4404.6126	0
4404.96352	0.14634
4405.31448	15.08766
4405.66548	39.86702
4406.01652	57.34439
4406.3676	52.28235
4406.71873	27.63151
4407.06989	4.18593
4407.4211	0.02746
4407.77236	5.57346
4408.12365	8.38965
4408.47499	1.7084
4408.82636	0.00687
4409.17778	0
4409.52924	4.19957
4409.88075	13.31213
4410.23229	10.07536
4410.58388	0.04107
4410.93551	0
4411.28718	0.15413
4411.6389	25.72398
4411.99065	46.53122
4412.34245	47.95371
4412.69429	32.42067
4413.04617	15.16007
4413.3981	11.1117
4413.75007	25.04885
4414.10207	48.62016
4414.45413	64.21233
4414.80622	57.84463
4415.15835	32.7713
4415.51053	6.12045
4415.86275	0.02448
4416.21501	0
4416.56731	0
4416.91966	0
4417.27205	0
4417.62448	1.76886
4417.97695	13.13569
4418.32946	27.72647
4418.68202	0.11293
4419.03462	0
4419.38726	0
4419.73994	3.81561
4420.09267	126.1402
4420.44544	254.17842
4420.79825	366.29384
4421.1511	320.68634
4421.50399	208.04716
4421.85693	94.65175
4422.20991	74.74315
4422.56293	125.7364
4422.91599	184.99111
4423.2691	218.44835
4423.62225	167.38523
4423.97544	66.01995
4424.32867	14.62788
4424.68194	0
4425.03526	6.86281
4425.38862	35.24355
4425.74202	9.99773
4426.09547	41.13031
4426.44895	114.36833
4426.80248	225.18073
4427.15605	348.79087
4427.50967	367.23077
4427.86332	265.79919
4428.21702	152.99408
4428.57076	120.00134
4428.92455	218.03966
4429.27837	322.93991
4429.63224	349.41671
4429.98615	237.26244
4430.3401	117.64784
4430.6941	41.53693
4431.04814	51.7199
4431.40222	77.29529
4431.75634	74.7072
4432.1105	41.35783
4432.46471	4.84206
4432.81896	9.85017
4433.17325	61.45907
4433.52759	115.54029
4433.88196	100.07439
4434.23638	54.34134
4434.59085	5.44287
4434.94535	0.02114
4435.2999	13.09413
4435.65449	49.28824
4436.00912	74.17378
4436.3638	51.89708
4436.71851	23.31901
4437.07327	3.91356
4437.42807	0.01546
4437.78292	0
4438.13781	0
4438.49274	0
4438.84771	0
4439.20273	0
4439.55778	0
4439.91288	14.53886
4440.26803	29.63804
4440.62321	18.00805
4440.97844	0.0722
4441.33371	0
4441.68903	0
4442.04438	0
4442.39978	31.25546
4442.75522	15.76749
4443.11071	1.08959
4443.46623	7.12634
4443.8218	23.80081
4444.17742	38.27916
4444.53307	39.7129
4444.88877	26.74098
4445.24451	9.65701
4445.60029	3.24988
4445.95612	5.1449
4446.31199	11.38307
4446.6679	22.8165
4447.02385	38.02814
4447.37985	49.93651
4447.73589	54.63856
4448.09197	75.06277
4448.44809	103.33269
4448.80426	64.34217
4449.16047	20.8544
4449.51673	0.08268
4449.87302	0
4450.22936	0
4450.58574	0
4450.94217	0
4451.29863	40.44921
4451.65514	57.01587
4452.0117	47.96894
4452.36829	27.62254
4452.72493	6.63056
4453.08161	0.02621
4453.43834	0.0554
4453.7951	2.98645
4454.15192	2.28321
4454.50877	0.00912
4454.86566	0
4455.2226	0
4455.57958	4.72962
4455.93661	13.89891
4456.29368	15.10165
4456.65079	9.91607
4457.00794	4.46852
4457.36514	0.78195
4457.72238	0.00307
4458.07966	0
4458.43698	0
4458.79435	0
4459.15176	0
4459.50922	0
4459.86671	0
4460.22425	2.10753
4460.58184	8.10622
4460.93946	5.42959
4461.29713	0.02156
4461.65484	0
4462.0126	0
4462.3704	18.62784
4462.72824	38.56636
4463.08612	42.57838
4463.44405	27.53784
4463.80202	6.11357
4464.16003	0.02398
4464.51809	0
4464.87619	6.14465
4465.23433	5.23128
4465.59252	0.71395
4465.95074	0.04085
4466.30902	1.56891
4466.66733	3.27103
4467.02569	3.24189
4467.38409	4.84251
4467.74254	11.36414
4468.10102	21.03909
4468.45955	27.11064
4468.81813	22.79405
4469.17674	9.05339
4469.5354	0.03565
4469.89411	0
4470.25285	0.99025
4470.61164	9.4838
4470.97048	7.14462
4471.32935	1.18707
4471.68827	0.03199
4472.04724	1.62386
4472.40624	3.31348
4472.76529	2.20346
4473.12438	0.46728
4473.48352	0.00182
4473.8427	0
4474.20192	0
4474.56118	0
4474.92049	0.25474
4475.27984	16.38808
4475.63924	38.30731
4475.99868	57.22201
4476.35816	83.26645
4476.71768	87.80049
4477.07725	59.39147
4477.43686	28.9828
4477.79652	13.74857
4478.15622	5.82201
4478.51596	4.50465
4478.87574	7.0927
4479.23557	6.64546
4479.59544	1.26606
4479.95536	0.00491
4480.31532	0
4480.67532	0
4481.03536	4.55362
4481.39545	17.57232
4481.75559	25.10061
4482.11576	21.4651
4482.47598	10.62716
4482.83624	1.54267
4483.19655	0.00593
4483.5569	0
4483.91729	0
4484.27773	0
4484.6382	0
4484.99873	0.49094
4485.35929	3.41628
4485.7199	1.18273
4486.08056	0.00461
4486.44125	0.81576
4486.802	24.99453
4487.16278	99.29658
4487.52361	158.3013
4487.88448	193.99744
4488.24539	191.52354
4488.60635	148.43269
4488.96735	93.97269
4489.3284	47.07874
4489.68949	8.63268
4490.05062	40.6102
4490.41179	70.89684
4490.77301	76.78668
4491.13428	60.11615
4491.49558	37.62343
4491.85693	21.12696
4492.21833	11.5987
4492.57976	5.90267
4492.94125	3.85194
4493.30277	7.87426
4493.66434	19.0009
4494.02595	34.05597
4494.38761	44.7641
4494.74931	42.02147
4495.11105	25.06527
4495.47284	4.60992
4495.83467	0.0177
4496.19654	0
4496.55846	0
4496.92042	0
4497.28242	0
4497.64447	0
4498.00657	0
4498.3687	0
4498.73088	1.10015
4499.09311	0.8698
4499.45537	0.00339
4499.81768	0
4500.18004	0
4500.54244	0
4500.90488	0
4501.26737	11.06581
4501.6299	33.03031
4501.99247	54.18062
4502.35509	63.24676
4502.71775	56.03054
4503.08046	36.87416
4503.44321	15.37536
4503.806	3.08784
4504.16884	7.43963
4504.53172	24.22516
4504.89464	39.96121
4505.25761	45.74309
4505.62062	45.06735
4505.98368	44.01639
4506.34678	39.59758
4506.70992	26.70377
4507.07311	11.2423
4507.43634	5.77843
4507.79962	13.64706
4508.16294	24.92079
4508.5263	28.42334
4508.88971	22.02201
4509.25316	10.63506
4509.61665	1.50804
4509.98019	0.00571
4510.34378	0
4510.7074	6.59766
4511.07108	18.86166
4511.43479	26.11173
4511.79855	22.294
4512.16235	9.52594
4512.5262	0.6089
4512.89009	8.78568
4513.25403	34.6323
4513.61801	58.23847
4513.98203	58.01464
4514.3461	32.67886
4514.71021	1.95394
4515.07436	0.00711
4515.43856	10.97935
4515.80281	33.08646
4516.16709	35.14481
4516.53143	21.19608
4516.8958	6.97633
4517.26022	3.54002
4517.62469	7.19285
4517.98919	7.06111
4518.35375	1.68974
4518.71834	0.55796
4519.08298	2.19588
4519.44767	5.03118
4519.8124	2.16584
4520.17717	0.00832
4520.54199	0
4520.90685	0
4521.27175	0
4521.6367	4.98972
4522.0017	16.52227
4522.36673	26.28477
4522.73182	26.9077
4523.09694	19.59184
4523.46211	15.3123
4523.82733	20.84722
4524.19259	29.69295
4524.55789	33.26352
4524.92324	29.28004
4525.28863	20.22444
4525.65407	9.76496
4526.01955	1.19467
4526.38507	0.00446
4526.75064	0
4527.11625	0
4527.48191	0
4527.84761	0
4528.21336	0
4528.57915	0
4528.94498	7.25007
4529.31086	20.96273
4529.67679	34.61332
4530.04275	42.72137
4530.40877	43.86057
4530.77482	38.60169
4531.14092	27.1477
4531.50707	14.41592
4531.87326	16.08268
4532.23949	37.15199
4532.60577	59.80379
4532.97209	67.76213
4533.33846	39.9884
4533.70487	0.15248
4534.07133	0
4534.43783	0
4534.80437	23.04338
4535.17096	38.30628
4535.5376	46.04412
4535.90427	38.24208
4536.271	20.04567
4536.63776	3.10672
4537.00458	0.01163
4537.37143	0
4537.73833	0
4538.10528	0.11955
4538.47227	1.74778
4538.8393	0.60461
4539.20638	0.00229
4539.5735	0
4539.94067	0
4540.30788	16.40594
4540.67514	36.01812
4541.04244	43.97107
4541.40979	33.90478
4541.77718	13.23741
4542.14461	0.05013
4542.51209	0
4542.87962	0
4543.24719	0
4543.6148	0
4543.98246	1.31053
4544.35016	22.89315
4544.71791	46.75619
4545.0857	58.45222
4545.45354	50.5093
4545.82142	28.08081
4546.18935	3.70993
4546.55732	7.98E-4
4546.92533	0
4547.29339	0
4547.6615	0.20584
4548.02965	4.4E-5
4548.39784	0
4548.76608	0
4549.13436	0
4549.50269	0
4549.87107	0
4550.23948	0
4550.60795	0
4550.97645	4.35218
4551.34501	18.05608
4551.7136	19.19413
4552.08224	6.92259
4552.45093	0.05799
4552.81966	11.5874
4553.18844	40.05846
4553.55726	60.91891
4553.92613	58.12553
4554.29504	36.71071
4554.66399	12.72347
4555.03299	0.00257
4555.40204	0
4555.77113	0
4556.14026	0
4556.50944	0
4557.61725	0
4557.98661	0
4558.35601	0
4558.72546	0
4559.09495	1.70122
4559.46449	0.99384
4559.83408	1.92E-4
4560.20371	0
4560.57338	0
4560.9431	8.14183
4561.31286	26.35996
4561.68267	40.51855
4562.05252	43.11004
4562.42242	35.01771
4562.79237	24.92301
4563.16235	18.74232
4563.53239	12.71934
4563.90247	3.38341
4564.27259	6.33E-4
4564.64276	2.97238
4565.01297	13.66651
4565.38323	16.53892
4565.75353	8.0195
4566.12388	0.16413
4566.49428	3E-5
4566.86471	7.79122
4567.2352	24.17701
4567.60573	33.58492
4567.9763	29.12514
4568.34692	13.204
4568.71758	0.00237
4569.08829	0
4569.45905	0
4569.82985	0.03719
4570.20069	5.4684
4570.57158	6.48209
4570.94252	3.24306
4571.3135	5.68E-4
4571.68452	0
4572.05559	0
4572.42671	8.9424
4572.79787	26.8711
4573.16908	45.85624
4573.54033	54.33914
4573.91163	43.93131
4574.28297	19.58697
4574.65435	0.00334
4575.02579	0
4575.39726	0
4575.76879	0.56467
4576.14035	0.36128
4576.51197	6E-5
4576.88363	0
4577.25533	0
4577.62708	0
4577.99887	8.20874
4578.37071	24.77894
4578.7426	32.75969
4579.11453	24.0697
4579.4865	5.53694
4579.85852	8.94E-4
4580.23059	1.75329
4580.6027	21.26351
4580.97486	35.47712
4581.34706	31.14103
4581.71931	13.15991
4582.0916	0.00208
4582.46394	0
4582.83632	8.68104
4583.20875	27.75794
4583.58123	49.75367
4583.95375	65.40586
4584.32631	61.0197
4584.69892	8.86451
4585.07158	0.00136
4585.44428	0
4585.81703	33.8305
4586.18982	46.60438
4586.56266	35.61298
4586.93554	9.53935
4587.30847	0.00144
4587.68145	0
4588.05447	9.71621
4588.42753	20.03139
4588.80064	17.59165
4589.1738	5.85734
4589.547	8.63E-4
4589.92025	0
4590.29354	1.11051
4590.66688	2.30494
4591.04026	0.55127
4591.41369	7.8E-5
4591.78717	0
4592.16069	0
4592.53426	0
4592.90787	0
4593.28153	0
4593.65523	0
4594.02898	0
4594.40277	0
4594.77661	3.15946
4595.1505	1.88216
4595.52443	2.58E-4
4595.89841	0
4596.27243	6.62567
4596.6465	21.44235
4597.02061	24.59177
4597.39477	14.04663
4597.76898	0.64736
4598.14323	8.6E-5
4598.51752	6.36475
4598.89187	23.04102
4599.26625	32.29918
4599.64069	26.26103
4600.01517	9.95169
4600.38969	0.00128
4600.76426	0
4601.13888	0
4601.51354	0
4601.88825	0
4602.263	0
4602.6378	0
4603.01265	0
4603.38754	0.65434
4603.76248	1.17693
4604.13746	1.44E-4
4604.51249	0
4604.88757	5.51092
4605.26269	20.99164
4605.63785	40.36647
4606.01306	57.61545
4606.38832	64.32576
4606.76363	54.34437
4607.13898	31.98769
4607.51437	8.40199
4607.88981	6.85E-4
4608.2653	0
4608.64083	0
4609.01641	0
4609.39204	0
4609.76771	0.13368
4610.14343	1.34323
4610.51919	4.01933
4610.895	6.96226
4611.27085	11.12751
4611.64675	10.5569
4612.0227	3.54214
4612.39869	2.05395
4612.77473	3.93376
4613.15082	19.87395
4613.52695	75.1796
4613.90312	136.5367
4614.27935	168.95406
4614.65561	125.05058
4615.03193	44.57532
4615.40829	16.67619
4615.7847	6.98991
4616.16115	20.77066
4616.53765	92.26667
4616.91419	150.74711
4617.29078	192.54685
4617.66742	223.82588
4618.0441	245.82406
4618.42083	262.48866
4618.79761	224.49381
4619.17443	138.31467
4619.5513	44.17548
4619.92821	0.00429
4620.30517	0
4620.68218	0
4621.05923	0
4621.43633	0
4621.81347	5.46263
4622.19066	4.12134
4622.5679	3.81E-4
4622.94518	0
4623.32251	44.35073
4623.69989	78.57683
4624.07731	67.08497
4624.45478	47.20487
4624.83229	25.89359
4625.20985	8.05839
4625.58746	4.83566
4625.96511	14.95239
4626.34281	24.84365
4626.72055	21.0449
4627.09835	6.9845
4627.47618	6.02E-4
4627.85407	0
4628.232	0
4628.60997	0
4628.988	0
4629.36607	1.84307
4629.74418	2.74097
4630.12234	2.26E-4
4630.50055	0
4630.87881	0
4631.25711	0
4631.63546	2.34195
4632.01385	16.14101
4632.39229	21.31076
4632.77078	13.95352
4633.14931	1.78913
4633.52789	1.36E-4
4633.90651	3.41889
4634.28519	19.96351
4634.6639	34.87452
4635.04267	38.28661
4635.42148	27.70487
4635.80034	10.78904
4636.17924	0.00228
4636.55819	0
4636.93719	0.10049
4637.31623	0.24465
4637.69532	0.54007
4638.07446	2.19132
4638.45364	4.77406
4638.83287	6.65287
4639.21215	11.04944
4639.59147	17.55955
4639.97084	18.58509
4640.35026	9.73246
4640.72972	0.57823
4641.10923	0.06669
4641.48878	10.35583
4641.86838	21.93186
4642.24803	23.53794
4642.62773	15.9941
4643.00747	6.11657
4643.38726	0.80906
4643.76709	4.9E-5
4644.14697	0
4644.5269	0.216
4644.90688	14.74187
4645.2869	35.70181
4645.66696	53.40867
4646.04708	56.13215
4646.42724	40.74911
4646.80745	16.99458
4647.1877	9.43E-4
4647.568	0
4647.94835	0
4648.32875	0
4648.70919	0
4651.7544	0
4652.13526	0
4652.51617	0
4652.89713	0
4653.27813	4.56094
4653.65918	16.49198
4654.04027	19.19303
4654.42141	11.55961
4654.8026	0.80233
4655.18384	3.3E-5
4655.56512	0
4655.94645	7.85651
4656.32783	23.45589
4656.70925	31.7812
4657.09072	26.27993
4657.47224	11.7381
4657.85381	4.44E-4
4658.23542	0
4658.61708	0
4658.99878	0
4659.38053	2.10147
4659.76233	14.19992
4660.14418	25.40894
4660.52607	30.10126
4660.90801	25.65368
4661.29	13.86719
4661.67203	2.66135
4662.05411	1.84518
4662.43624	10.88661
4662.81841	17.0683
4663.20063	7.84298
4663.5829	2.24E-4
4663.96522	0
4664.34758	0.33495
4664.72999	8.56203
4665.11245	15.94763
4665.49495	20.76652
4665.8775	29.22135
4666.2601	40.12833
4666.64274	44.56022
4667.02544	35.71468
4667.40817	17.33932
4667.79096	2.46113
4668.17379	1.55804
4668.55667	11.57336
4668.9396	19.30292
4669.32258	15.72173
4669.7056	3.84446
4670.08867	7.2E-5
4670.47178	0
4670.85494	0.24439
4671.23816	15.06099
4671.62141	29.37074
4672.00472	30.86029
4672.38807	17.11511
4672.77147	1.46254
4673.15491	1.9E-5
4673.53841	7.62943
4673.92195	13.97514
4674.30553	5.99572
4674.68917	6.5E-5
4675.07285	0
4675.45658	5.51159
4675.84036	32.18722
4676.22418	52.93717
4676.60805	54.67615
4676.99197	38.07145
4677.37594	16.23838
4677.75995	1.82887
4678.14401	1.1E-5
4678.52812	0.52042
4678.91227	4.35702
4679.29647	10.05141
4679.68072	12.61511
4680.06502	8.42027
4680.44936	0.14518
4680.83376	0
4681.21819	0
4681.60268	0
4681.98721	0
4682.3718	0
4682.75642	0
4683.1411	0
4683.52582	0.23214
4683.91059	9.11295
4684.29541	17.44204
4684.68028	15.93419
4685.06519	4.86309
4685.45015	0
4685.83516	3.3E-5
4686.22021	5.36899
4686.60531	24.70726
4686.99047	32.17335
4687.37566	24.92913
4687.76091	10.48481
4688.1462	0
4688.53154	0
4688.91693	1.9E-5
4689.30236	1.74749
4689.68785	0.47312
4690.07338	0
4690.45895	0
4690.84458	0.02739
4691.23025	3.48659
4691.61597	0.65923
4692.00174	19.25855
4692.38756	0
4692.77342	0
4693.15933	0
4693.54529	0
4693.93129	0
4694.31735	0
4694.70345	0
4695.0896	0.01725
4695.47579	831.69406
4695.86204	2655.38712
4696.24833	4698.30047
4696.63467	6618.3856
4697.02106	6402.47209
4697.40749	4579.25845
4697.79397	2704.45991
4698.1805	1332.73115
4698.56708	801.77444
4698.95371	803.30378
4699.34038	1021.21827
4699.7271	873.39485
4700.11387	393.20654
4700.50069	0
4700.88755	0
4701.27446	0
4701.66142	0
4702.04843	0
4702.43549	1.21E-4
4702.82259	3.758
4703.20974	42.7801
4703.59694	117.56164
4703.98419	133.08015
4704.37148	65.6057
4704.75882	0
4705.14621	0
4705.53365	0.00103
4705.92114	28.23105
4706.30867	15.6189
4706.69625	11.41188
4707.08388	13.5109
4707.47156	9.91674
4707.85928	9.56024
4708.24706	13.77287
4708.63488	17.68873
4709.02275	15.48049
4709.41066	9.10709
4709.79863	10.44604
4710.18664	23.68762
4710.5747	41.84112
4710.96281	53.09568
4711.35097	48.74254
4711.73917	31.03846
4712.12742	11.0427
4712.51573	0
4712.90407	0
4713.29247	3.3E-5
4713.68092	0.67461
4714.06941	4.55541
4714.45795	13.22546
4714.84654	21.02326
4715.23517	19.35043
4715.62386	8.22417
4716.01259	0.97598
4716.40137	11.75249
4716.7902	38.23789
4717.17908	62.0112
4717.568	66.16287
4717.95698	49.12011
4718.346	23.03645
4718.73507	4.19656
4719.12419	3.6968
4719.51335	21.59211
4719.90257	47.41132
4720.29183	66.95405
4720.68114	70.92596
4721.0705	58.41225
4721.4599	13.70278
4721.84936	12.29426
4722.23886	3.67122
4722.62841	2.57254
4723.01801	0.30155
4723.40766	0
4723.79735	2.1E-5
4724.1871	0.31828
4724.57689	6.87087
4724.96673	17.92761
4725.35662	65.50993
4725.74656	125.36195
4726.13654	189.8385
4726.52658	216.71856
4726.91666	164.85414
4727.30679	97.8154
4727.69697	30.33861
4728.08719	3.2E-4
4728.47747	4.43232
4728.86779	40.85834
4729.25816	74.42593
4729.64858	48.34543
4730.03905	28.29897
4730.42957	10.57935
4730.82013	0.32006
4731.21075	0
4731.60141	6E-4
4731.99212	7.7528
4732.38288	34.52804
4732.77368	52.94162
4733.16454	51.85343
4733.55544	35.94973
4733.9464	18.21952
4734.3374	8.99676
4734.72845	12.16019
4735.11954	25.7616
4735.51069	43.11588
4735.90188	55.83056
4736.29313	58.19429
4736.68442	49.02945
4737.07576	31.08672
4737.46715	9.98117
4737.85858	0
4738.25007	0
4738.6416	6.42E-4
4739.03319	7.33174
4739.42482	13.76247
4739.8165	13.40169
4740.20823	0
4740.6	0
4740.99183	0.00363
4741.3837	39.70831
4741.77562	95.88342
4742.1676	146.9323
4742.55961	135.14383
4742.95168	106.331
4743.3438	18.58766
4743.73597	0.7435
4744.12818	4.16564
4744.52044	22.42268
4744.91275	40.67942
4745.30511	50.91941
4745.69752	81.88443
4746.08998	91.11167
4746.48249	54.4885
4746.87504	20.43793
4747.26765	0
4747.6603	0.00288
4748.053	28.3048
4748.44575	47.4874
4748.83855	55.14446
4749.23139	43.40804
4749.62429	21.66677
4750.01724	8.92281
4750.41023	12.26922
4750.80327	18.39518
4751.19636	7.62364
4751.5895	0
4751.98269	0.00171
4752.37593	15.75431
4752.76921	47.80465
4753.16255	72.758
4753.55593	75.70147
4753.94937	56.82178
4754.34285	28.84869
4754.73638	5.19339
4755.12996	0.32248
4755.52359	3.97745
4755.91726	10.06492
4756.31099	12.85738
4756.70476	12.36494
4757.09859	10.8561
4757.49246	7.86885
4757.88638	2.05704
4758.28035	0
4758.67437	3E-5
4759.06844	0.25366
4759.46256	2.95188
4759.85672	2.62683
4760.25094	0.11721
4760.6452	0.84998
4761.03952	18.81425
4761.43388	77.45263
4761.82829	120.61955
4762.22275	112.8933
4762.61726	57.42507
4763.01182	5.55181
4763.40643	0
4763.80108	0.00249
4764.19579	19.78773
4764.59054	22.66835
4764.98535	16.84345
4765.3802	5.3633
4765.7751	0
4766.17005	0
4766.56505	2.3E-5
4766.9601	0.1814
4767.3552	6.39159
4767.75035	19.14055
4768.14554	36.9788
4768.54079	53.46022
4768.93608	106.05369
4769.33143	70.20818
4769.72682	34.56299
4770.12226	8.31E-4
4770.51775	6.12756
4770.91329	5.34066
4771.30888	6.4429
4771.70452	4.77328
4772.10021	0
4772.49595	0
4772.89173	0
4773.28757	0.00125
4773.68345	8.90288
4774.07939	22.19238
4774.47537	33.0704
4774.8714	37.3505
4775.26749	33.15474
4775.66362	23.65333
4776.0598	0
4776.45603	0
4776.85231	7.78E-4
4777.24864	5.33292
4777.64501	66.35911
4778.04144	104.13662
4778.43792	68.30658
4778.83444	6.0875
4779.23102	0
4779.62764	0.01854
4780.02432	123.46324
4780.42104	373.19074
4780.81781	643.37895
4781.21464	782.65803
4781.61151	576.31404
4782.00843	340.53763
4782.4054	141.88777
4782.80242	122.64097
4783.19949	266.18655
4783.59661	471.14358
4783.99378	662.6625
4784.39099	622.6007
4784.78826	414.12211
4785.18558	226.8299
4785.58294	145.02752
4785.98036	157.66187
4786.37783	223.02241
4786.77534	279.99339
4787.1729	269.89129
4787.57052	223.40603
4787.96818	127.94533
4788.36589	21.58793
4788.76366	0.00984
4789.16147	60.2174
4789.55933	72.45947
4789.95724	3.90104
4790.3552	0
4790.75321	0
4791.15127	0
4791.54938	0.00703
4791.94754	41.94427
4792.34575	27.24712
4792.74401	13.16248
4793.14232	2.73614
4793.54067	0.62324
4793.93908	1.78477
4794.33754	3.39215
4794.73604	6.4193
4795.1346	9.9299
4795.53321	10.31836
4795.93186	10.32099
4796.33057	21.27948
4796.72932	44.17275
4797.12813	63.43135
4797.52698	25.75698
4797.92589	0
4798.32484	0
4798.72385	0
4799.1229	0.00765
4799.522	42.64288
4799.92116	32.58595
4800.32036	15.07691
4800.71961	13.02615
4801.11892	29.00139
4801.51827	44.74436
4801.91767	46.37149
4802.31712	32.9917
4802.71662	15.12368
4803.11618	2.79901
4803.51578	1.09E-4
4803.91543	0.58829
4804.31513	10.65731
4804.71488	29.62054
4805.11468	44.0676
4805.51454	40.88504
4805.91444	22.88
4806.31439	2.82602
4806.71439	3.3768
4807.11444	36.31296
4807.51454	65.74925
4807.91469	81.91758
4808.31489	52.60538
4808.71514	35.94792
4809.11544	19.41601
4809.51579	9.09212
4809.91619	0.68006
4810.31665	2.11907
4810.71715	9.34022
4811.1177	9.39961
4811.5183	2.54992
4811.91895	0.00137
4812.31965	6.88415
4812.7204	35.70639
4813.1212	66.6824
4813.52205	75.52637
4813.92295	58.22136
4814.3239	31.29013
4814.72491	9.85969
4815.12596	1.56375
4815.52706	4.68696
4815.92821	18.62325
4816.32941	62.45454
4816.73066	100.64033
4817.13197	113.08075
4817.53332	81.29189
4817.93472	42.7513
4818.33617	13.88129
4818.73768	7.3218
4819.13923	0.97812
4819.54083	1.33308
4819.94248	5.99011
4820.34419	16.66787
4820.74594	30.12052
4821.14775	38.55346
4821.5496	35.78122
4821.9515	23.22304
4822.35346	7.35538
4822.75546	0
4823.15752	0
4823.55962	0
4823.96178	0
4824.36399	0
4824.76624	0
4825.16855	1.2E-5
4825.57091	0.0562
4825.97331	13.65507
4826.37577	14.54817
4826.77828	5.60569
4827.18084	6.54124
4827.58345	27.87101
4827.98611	57.74898
4828.38882	74.08515
4828.79158	65.05331
4829.19439	37.43598
4829.59725	9.59028
4830.00016	1.96E-4
4830.40312	0.87319
4830.80613	6.93423
4831.20919	8.67824
4831.61231	3.24052
4832.01547	0
4832.41868	8.39E-4
4832.82195	3.68743
4833.22526	8.49234
4833.62863	3.66584
4834.03204	0
4834.43551	3.68E-4
4834.83903	1.60288
4835.24259	17.98855
4835.64621	27.23963
4836.04988	21.58397
4836.4536	7.24478
4836.85737	0
4837.26119	0
4837.66506	0
4838.06898	0
4838.47295	0
4838.87697	0
4839.28105	0
4839.68517	0
4840.08934	4.3E-5
4840.49357	0.18093
4840.89784	5.56942
4841.30217	9.08326
4841.70655	8.04241
4842.11097	3.30728
4842.51545	0.00126
4842.91998	2.62458
4843.32456	16.34907
4843.72919	32.20582
4844.13387	36.29749
4844.5386	22.8201
4844.94338	0.8347
4845.34822	3.24E-4
4845.7531	1.31189
4846.15804	21.4349
4846.56302	32.78826
4846.96806	29.32049
4847.37314	16.6286
4847.77828	4.79777
4848.18347	0.3442
4848.58871	0.96467
4848.994	6.23696
4849.39934	13.60578
4849.80473	16.63655
4850.21017	10.33045
4850.61567	0.26827
4851.02121	0
4851.42681	0.00113
4851.83245	4.40903
4852.23815	3.02427
4852.6439	0
4853.0497	0
4853.45555	0.00136
4853.86145	5.2407
4854.2674	21.83211
4854.6734	41.56828
4855.07945	56.26371
4855.48556	58.99012
4855.89171	25.89242
4856.29792	0.03032
4856.70418	4.92046
4857.11048	11.08604
4857.51684	21.3185
4857.92325	26.81756
4858.32971	22.49545
4858.73623	11.35339
4859.14279	1.10198
4859.5494	0.00411
4859.95607	0
4860.36278	0
4860.76955	0.93515
4861.17637	8.72966
4861.58324	17.92679
4861.99016	22.37119
4862.39713	20.22446
4862.80415	16.10325
4863.21123	14.28038
4863.61835	12.65806
4864.02553	7.35527
4864.43276	0.02084
4864.84003	0
4865.24736	1.44E-4
4865.65474	0.05985
4866.06218	8.9242
4866.46966	11.23055
4866.87719	6.56999
4867.28478	0.01404
4867.69241	0.05873
4868.1001	13.17164
4868.50784	23.98744
4868.91563	14.92835
4869.32347	5.75664
4869.73137	12.54853
4870.13931	109.68302
4870.5473	155.41557
4870.95535	182.96337
4871.36345	183.15055
4871.7716	153.19328
4872.1798	83.97865
4872.58805	30.73476
4872.99635	38.44825
4873.40471	77.67497
4873.81311	126.83499
4874.22157	126.00487
4874.63008	85.92805
4875.03864	33.40546
4875.44725	6.90299
4875.85591	0
4876.26462	0
4876.67339	0
4877.08221	0
4877.49107	0.00824
4877.89999	27.8671
4878.30896	39.84144
4878.71799	39.67794
4879.12706	32.59957
4879.53619	16.12589
4879.94536	8.26E-4
4880.35459	0.00341
4880.76387	11.36199
4881.1732	35.22531
4881.58258	45.25218
4881.99202	32.53334
4882.4015	10.56118
4882.81104	2.03712
4883.22063	17.92963
4883.63027	47.87973
4884.03996	68.6723
4884.4497	63.97965
4884.8595	38.73952
4885.26934	13.35748
4885.67924	3.0499
4886.08919	6.04693
4886.49919	12.58604
4886.90925	18.10942
4887.31935	22.0575
4887.72951	20.58133
4888.13971	9.99604
4888.54997	0
4888.96028	0.00102
4889.37065	3.2548
4889.78106	23.04426
4890.19153	34.96136
4890.60204	28.60153
4891.01261	9.77395
4891.42324	0.00243
4891.83391	7.682
4892.24463	32.05261
4892.65541	46.57505
4893.06624	36.23324
4893.47712	11.35772
4893.88805	0
4894.29903	0
4894.71007	2.99E-4
4895.12115	0.93362
4895.53229	0.08155
4895.94348	0.29755
4896.35472	12.76939
4896.76602	35.02159
4897.17736	55.47493
4897.58876	61.63962
4898.00021	49.51233
4898.41171	27.1663
4898.82326	8.07528
4899.23487	1.28329
4899.64653	7.76351
4900.05824	22.02642
4900.47	34.12579
4900.88181	34.07676
4901.29367	20.01876
4901.70559	1.36981
4902.11756	0
4902.52958	0
4902.94165	0
4903.35378	0
4903.76595	0
4904.17818	0
4904.59046	3.58E-4
4905.00279	1.07366
4905.41518	15.56808
4905.82761	29.36525
4906.2401	37.4866
4906.65264	39.87806
4907.06523	39.15058
4907.47788	35.25156
4907.89057	26.59468
4908.30332	12.36825
4908.71612	1.85536
4909.12897	6.28732
4909.54188	32.8629
4909.95484	48.24561
4910.36784	50.38038
4910.78091	33.59596
4911.19402	6.85211
4911.60718	0
4912.0204	0
4912.43367	0
4912.84699	0
4913.26037	0
4913.67379	0.00152
4914.08727	4.35722
4914.5008	7.22395
4914.91438	0.82336
4915.32802	0
4915.7417	0
4916.15544	0
4916.56924	0
4916.98308	0
4917.39697	6.24E-4
4917.81092	1.76991
4918.22492	14.82483
4918.63898	27.55134
4919.05308	27.7552
4919.46724	14.71342
4919.88145	6.53915
4920.29571	18.85643
4920.71002	36.52884
4921.12439	43.12396
4921.53881	35.31832
4921.95328	21.53974
4922.3678	6.90363
4922.78238	3.09024
4923.19701	5.00217
4923.61169	11.38716
4924.02642	47.83679
4924.44121	94.31251
4924.85605	128.69711
4925.27094	104.11521
4925.68588	60.25486
4926.10088	13.52819
4926.51592	8.69E-4
4926.93102	2.38498
4927.34618	44.90846
4927.76138	87.45864
4928.17664	99.73603
4928.59195	63.75222
4929.00731	25.047
4929.42273	6.03046
4929.83819	19.23988
4930.25371	48.03393
4930.66929	69.94814
4931.08491	71.14052
4931.50059	55.34929
4931.91632	34.4802
4932.3321	16.20871
4932.74794	4.737
4933.16383	1.17845
4933.57977	1.39937
4933.99576	6.04257
4934.41181	1.43174
4934.82791	47.8445
4935.24406	104.71726
4935.66026	159.4714
4936.07652	145.69
4936.49283	89.95382
4936.90919	34.11429
4937.3256	8.79032
4937.74207	24.78111
4938.15859	44.30003
4938.57516	47.35974
4938.99179	29.43425
4939.40847	6.13366
4939.8252	0
4940.24198	0.00184
4940.65882	4.74828
4941.07571	5.96116
4941.49265	2.56162
4941.90964	0.62821
4942.32669	0.12826
4942.74379	0
4943.16094	0
4943.57815	0
4943.99541	0
4944.41272	0.00376
4944.83008	9.59136
4945.2475	29.90286
4945.66497	46.00049
4946.08249	46.31701
4946.50007	30.93543
4946.9177	10.99376
4947.33538	0
4947.75311	0
4948.1709	0
4948.58874	0
4949.00663	6.18E-4
4949.42458	1.55334
4949.84258	19.23813
4950.26063	48.43825
4950.67873	75.27147
4951.09689	51.70307
4951.5151	0.57517
4951.93337	0
4952.35168	0
4952.77005	8.3E-5
4953.18848	0.22227
4953.60695	42.34776
4954.02548	79.31842
4954.44406	35.14258
4954.8627	10.87299
4955.28139	10.79423
4955.70013	21.07819
4956.11892	22.90617
4956.53777	18.80569
4956.95667	23.32671
4957.37562	35.49733
4957.79463	41.63729
4958.21369	37.95764
4958.6328	36.22165
4959.05197	48.91229
4959.47119	67.30174
4959.89046	46.60485
4960.30979	0
4960.72916	0
4961.1486	0
4961.56808	0
4961.98762	0.02277
4962.40721	54.47386
4962.82686	53.64726
4963.24655	42.3561
4963.66631	28.45174
4964.08611	13.2897
4964.50597	4.83279
4964.92588	2.19715
4965.34584	7.38355
4965.76586	20.37516
4966.18593	46.10577
4966.60606	81.00397
4967.02623	92.5018
4967.44646	66.2992
4967.86675	29.07655
4968.28709	7.71785
4968.70748	0.0158
4969.12792	0
4969.54842	0
4969.96897	0
4970.38957	0
4970.81023	2.94E-4
4971.23094	0.68991
4971.65171	15.85066
4972.07253	37.05016
4972.4934	53.95422
4972.91432	54.7806
4973.3353	37.52408
4973.75633	12.21931
4974.17742	0
4974.59856	3.18E-4
4975.01975	0.7361
4975.44099	16.22492
4975.86229	17.61316
4976.28365	8.45182
4976.70505	4.66337
4977.12651	18.8482
4977.54802	46.03373
4977.96959	67.66083
4978.39121	68.84411
4978.81289	49.62646
4979.23461	22.21874
4979.65639	1.36396
4980.07823	7.12E-4
4980.50012	1.61245
4980.92206	8.89449
4981.34405	10.87653
4981.7661	6.29123
4982.18821	0.91786
4982.61036	0
4983.03257	0.00273
4983.45484	6.10034
4983.87715	20.32149
4984.29953	27.33768
4984.72195	16.11928
4985.14443	0.05592
4985.56696	0.00231
4985.98955	5.12823
4986.41219	24.80389
4986.83488	31.73748
4987.25763	20.10182
4987.68043	2.46484
4988.10328	1.25769
4988.52619	23.48905
4988.94915	43.81389
4989.37217	44.7901
4989.79524	23.69502
4990.21836	7.80919
4990.64154	8.54662
4991.06477	12.23064
4991.48806	18.09635
4991.9114	23.83803
4992.33479	29.66429
4992.75824	33.37949
4993.18174	32.37968
4993.60529	27.20514
4994.0289	19.7412
4994.45256	10.77696
4994.87628	2.28078
4995.30005	0
4995.72387	0
4996.14775	4E-6
4996.57168	0.01262
4996.99567	10.75054
4997.41971	32.24623
4997.8438	53.77511
4998.26795	57.07553
4998.69215	33.36799
4999.11641	0.11959
4999.54072	4.87883
4999.96508	34.84224
5000.3895	115.64153
5000.81397	144.34398
5001.2385	114.16812
5001.66308	58.64826
5002.08771	2.41808
5002.5124	0
5002.93714	0
5003.36194	0
5003.78679	0.00467
5004.2117	9.81329
5004.63665	51.01722
5005.06167	45.46379
5005.48673	25.74874
5005.91186	9.42229
5006.33703	12.2278
5006.76226	21.02163
5007.18754	19.58863
5007.61288	8.30357
5008.03827	4.3E-5
5008.46372	0.09014
5008.88922	3.92677
5009.31478	1.60548
5009.74039	0
5010.16605	0
5010.59177	0.00867
5011.01754	17.80919
5011.44336	40.48829
5011.86924	48.5883
5012.29518	37.10998
5012.72117	16.26842
5013.14721	0.49004
5013.57331	0.00193
5013.99946	3.93494
5014.42567	15.91436
5014.85193	24.72111
5015.27824	25.32253
5015.70461	18.35653
5016.13104	8.24831
5016.55751	0.009
5016.98405	0
5017.41063	0
5017.83727	0
5018.26397	0
5020.39826	0
5020.82529	0
5021.25236	0
5021.67949	0
5022.10668	0.00439
5022.53392	8.73601
5022.96122	32.84608
5023.38857	44.72543
5023.81597	32.66938
5024.24343	8.02933
5024.67094	0
5025.09851	0.00179
5025.52613	3.53889
5025.95381	8.47012
5026.38154	5.89116
5026.80932	0.14864
5027.23717	0
5027.66506	0
5028.09301	0
5028.52101	0
5028.94907	0
5029.37719	3.59E-4
5029.80536	0.70302
5030.23358	8.54459
5030.66186	14.5855
5031.09019	12.56567
5031.51858	11.18781
5031.94702	23.0666
5032.37552	45.30078
5032.80407	65.67423
5033.23267	88.28767
5033.66133	56.62321
5034.09005	32.68659
5034.51882	13.71886
5034.94765	6.73412
5035.37653	10.01963
5035.80546	9.53699
5036.23445	4.11947
5036.66349	0
5037.09259	0
5037.52175	0
5037.95096	0
5038.38022	0
5038.80954	0
5039.23891	0.00204
5039.66834	3.87467
5040.09783	11.77146
5040.52736	18.40944
5040.95696	23.31984
5041.3866	32.26587
5041.81631	48.73647
5042.24607	115.52413
5042.67588	127.46141
5043.10575	125.8534
5043.53567	80.07362
5043.96565	24.69962
5044.39568	11.10681
5044.82577	6.44295
5045.25591	2.04033
5045.68611	0.67264
5046.11636	4.53835
5046.54667	13.74763
5046.97703	19.95685
5047.40745	15.14682
5047.83792	4.02882
5048.26845	0
5048.69903	0.00234
5049.12967	4.34485
5049.56037	11.41676
5049.99112	15.38421
5050.42192	16.98623
5050.85278	14.80491
5051.28369	8.52722
5051.71466	3.82671
5052.14568	5.68714
5052.57676	7.59767
5053.0079	2.82835
5053.43909	0.00122
5053.87033	2.24603
5054.30163	22.46186
5054.73299	41.47148
5055.1644	41.90503
5055.59587	23.30851
5056.02739	3.7992
5056.45896	3.95431
5056.89059	27.90924
5057.32228	58.20902
5057.75402	70.31402
5058.18582	54.95078
5058.61767	25.45256
5059.04958	1.18949
5059.48154	0
5059.91356	0
5060.34564	0
5060.77777	0
5061.20995	0
5061.64219	0
5062.07449	8.21E-4
5062.50684	1.47676
5062.93924	16.72271
5063.37171	76.40917
5063.80422	122.66883
5064.23679	153.79374
5064.66942	130.14456
5065.10211	74.01884
5065.53484	19.91088
5065.96764	0.00117
5066.40049	2.07306
5066.83339	13.53173
5067.26635	20.57904
5067.69937	28.92436
5068.13244	33.04578
5068.56557	26.80334
5068.99875	9.45208
5069.43199	0
5069.86528	0.00535
5070.29863	9.39858
5070.73204	37.21474
5071.1655	51.55338
5071.59901	41.89349
5072.03259	11.79417
5072.46621	0
5072.8999	0.03263
5073.33364	56.87638
5073.76743	67.51916
5074.20128	52.89414
5074.63518	25.32165
5075.06915	3.0125
5075.50316	0.00344
5075.93723	5.96693
5076.37136	23.87662
5076.80555	38.24941
5077.23979	40.98065
5077.67408	33.89977
5078.10843	24.35824
5078.54284	15.86401
5078.9773	7.17374
5079.41182	0.14629
5079.84639	0.00296
5080.28102	5.08366
5080.71571	13.93188
5081.15045	16.83536
5081.58525	10.76577
5082.0201	0.5331
5082.45501	2.03E-4
5082.88997	0.35696
5083.32499	19.42688
5083.76007	41.53057
5084.1952	52.31535
5084.63039	45.1201
5085.06563	24.83107
5085.50093	3.81722
5085.93629	0.00184
5086.3717	3.12629
5086.80717	18.77531
5087.24269	24.79005
5087.67827	13.3454
5088.11391	0.14205
5088.5496	0.00417
5088.98534	7.02303
5089.42115	26.53131
5089.85701	35.82511
5090.29292	30.81736
5090.72889	17.57089
5091.16492	5.8914
5091.601	4.27827
5092.03714	14.70035
5092.47334	29.99265
5092.90959	39.13287
5093.3459	35.97365
5093.78226	22.23947
5094.21868	4.94151
5094.65515	0
5095.09169	0.00728
5095.52827	12.06516
5095.96492	27.63008
5096.40162	29.15353
5096.83837	15.45609
5097.27519	0.38726
5097.71205	0
5098.14898	0
5098.58596	1.13E-4
5099.023	0.18556
5099.46009	0.00126
5099.89724	2.07498
5100.33444	19.90615
5100.77171	44.19929
5101.20902	59.23689
5101.6464	56.97991
5102.08383	44.26085
5102.52132	31.55095
5102.95886	17.84922
5103.39646	4.48237
5103.83411	0
5104.27183	0.00464
5104.70959	7.53543
5105.14742	18.04021
5105.5853	20.07493
5106.02324	12.63156
5106.46123	4.5285
5106.89928	7.28528
5107.33739	24.01052
5107.77555	57.10602
5108.21377	86.35597
5108.65204	67.59169
5109.09038	31.93939
5109.52876	10.83968
5109.96721	5.4138
5110.40571	10.84331
5110.84427	12.72274
5111.28288	7.04373
5111.72155	1.31645
5112.16028	0
5112.59906	3.46324
5113.0379	16.04568
5113.4768	28.40362
5113.91575	33.58104
5114.35476	30.53389
5114.79383	21.39183
5115.23295	7.82409
5115.67213	2.63701
5116.11137	6.51132
5116.55066	17.14168
5116.99001	26.09899
5117.42941	25.98152
5117.86888	16.58976
5118.30839	5.35903
5118.74797	0.05355
5119.1876	1.61836
5119.62729	12.32433
5120.06704	22.74254
5120.50684	3.73138
5120.9467	0
5121.38661	0
5121.82658	0
5122.26661	0
5122.7067	0
5123.14684	32.95657
5123.58704	92.40224
5124.02729	160.10354
5124.46761	181.96294
5124.90797	166.62225
5125.3484	131.19961
5125.78888	45.72593
5126.22942	4.82926
5126.67002	6.0557
5127.11067	13.24465
5127.55138	20.43453
5127.99215	135.87889
5128.43297	205.51541
5128.87385	251.17261
5129.31479	275.0396
5129.75578	223.27925
5130.19683	133.99632
5130.63794	41.16797
5131.07911	2.72129
5131.52033	0
5131.96161	0
5132.40294	0
5132.84433	31.31326
5133.28578	20.45344
5133.72729	3.14334
5134.16885	0
5134.61047	0
5135.05215	0
5135.49388	0
5135.93567	0
5136.37752	0
5136.81943	0
5137.26139	0
5137.70341	0.29859
5138.14549	1.42723
5138.58762	2.27502
5139.02981	1.01416
5139.47206	0.17153
5139.91436	0
5140.35672	0.90576
5140.79914	11.69538
5141.24162	27.05971
5141.68415	36.15234
5142.12674	30.58297
5142.56939	13.32254
5143.01209	1.10309
5143.45486	0
5143.89767	3.96128
5144.34055	6.12799
5144.78348	2.20334
5145.22647	0.20195
5145.66952	0.57355
5146.11263	9.48709
5146.55579	16.95448
5146.99901	12.09289
5147.44228	1.32911
5147.88562	0
5148.32901	0.00184
5148.77246	11.78866
5149.21596	20.24683
5149.65953	15.8732
5150.10315	6.26173
5150.54682	3.5059
5150.99056	14.28104
5151.43435	35.58362
5151.8782	56.05602
5152.32211	63.77258
5152.76607	56.55851
5153.2101	43.40867
5153.65417	33.40855
5154.09831	21.00458
5154.54251	9.95703
5154.98676	4.45164
5155.43107	5.54283
5155.87543	11.82835
5156.31986	16.71508
5156.76434	17.57825
5157.20888	17.6857
5157.65347	18.83278
5158.09813	17.93104
5158.54284	12.11886
5158.98761	3.24422
5159.43243	0
5159.87732	0.0045
5160.32226	6.50884
5160.76726	17.1357
5161.21231	20.00519
5161.65743	11.83399
5162.1026	0.79263
5162.54783	0
5162.99312	0
5163.43846	0
5163.88386	0
5164.32932	0.00722
5164.77484	10.34795
5165.22041	34.6315
5165.66605	77.86495
5166.11174	81.17768
5166.55748	44.7294
5167.00329	16.09559
5167.44915	5.91308
5167.89508	5.18233
5168.34105	10.56958
5168.78709	11.75397
5169.23319	8.67061
5169.67934	6.42748
5170.12555	4.80723
5170.57181	0.70236
5171.01814	0.10581
5171.46452	3.24E-4
5171.91096	0.45929
5172.35746	3.06112
5172.80402	3.48185
5173.25063	0.68909
5173.69731	0.24544
5174.14404	8.80526
5174.59082	29.42931
5175.03767	69.60042
5175.48457	102.25021
5175.93154	107.20374
5176.37856	77.80503
5176.82563	42.88422
5177.27277	13.45039
5177.71996	2.9375
5178.16721	5.33381
5178.61452	9.10024
5179.06189	0.21044
5179.50932	0
5179.9568	0.01108
5180.40434	15.42988
5180.85194	43.47954
5181.2996	51.97308
5181.74731	36.37706
5182.19508	2.55797
5182.64292	2.31453
5183.09081	9.15558
5183.53875	46.88196
5183.98676	70.96876
5184.43482	61.46734
5184.88294	45.20125
5185.33112	23.58729
5185.77936	6.87212
5186.22766	0
5186.67601	0
5187.12442	0
5187.57289	0
5188.47001	0
5188.91865	0
5189.36736	0
5189.81612	0
5190.26494	0.00299
5190.71382	4.08804
5191.16275	16.22292
5191.61175	16.81738
5192.0608	5.39686
5192.50991	0
5192.95908	0
5193.40831	0
5193.85759	0
5194.30694	0.00288
5194.75634	3.91339
5195.2058	21.94598
5195.65532	42.20005
5196.10489	55.05825
5196.55453	55.90755
5197.00422	43.90463
5197.45398	23.47991
5197.90379	5.56445
5198.35366	0.21012
5198.80358	1.97199
5199.25357	2.20741
5199.70361	0
5200.15372	0
5200.60388	0
5201.0541	0
5201.50438	0.00225
5201.95471	3.01127
5202.40511	13.88286
5202.85556	27.25835
5203.30607	39.03235
5203.75664	44.60767
5204.20727	42.10425
5204.65796	33.92435
5205.10871	24.2357
5205.55951	14.73098
5206.01038	4.99115
5206.4613	0
5206.91228	1.2E-4
5207.36332	0.15911
5207.81442	0.11893
5208.26557	0
5208.71679	0
5209.16806	0
5209.61939	0
5210.07078	3.27E-4
5210.52223	0.44173
5210.97374	14.72531
5211.42531	38.75672
5211.87693	60.32437
5212.32862	66.49061
5212.78036	53.4351
5213.23216	29.92323
5213.68402	13.01341
5214.13594	21.5867
5214.58792	43.96954
5215.03996	52.13783
5215.49205	0.09953
5215.94421	0.00664
5216.39642	8.65784
5216.84869	10.5124
5217.30103	8.91433
5217.75341	0
5218.20586	0
5218.65837	2.9E-5
5219.11094	0.04443
5219.56356	9.38356
5220.01625	16.52277
5220.46899	16.19042
5220.92179	11.13459
5221.37465	6.35639
5221.82757	2.80271
5222.28055	0.34211
5222.73359	0
5223.18668	0
5223.63984	9.48E-4
5224.09305	1.22561
5224.54633	7.99514
5224.99966	23.69779
5225.45305	43.77651
5225.9065	54.7192
5226.36001	46.03768
5226.81358	24.0544
5227.26721	6.45139
5227.72089	4.66439
5228.17464	16.43671
5228.62844	32.37237
5229.08231	42.97222
5229.53623	41.34513
5229.99021	27.01101
5230.44425	8.12979
5230.89835	0.10956
5231.35251	0
5231.80673	0
5232.26101	0
5232.71535	0.00142
5233.16974	1.8118
5233.6242	15.95323
5234.07871	30.8569
5234.53329	33.20439
5234.98792	19.60659
5235.44261	1.27668
5235.89736	0
5236.35217	0.00178
5236.80704	2.2349
5237.26197	1.54527
5237.71696	0
5238.17201	0.00373
5238.62712	4.69604
5239.08228	16.55964
5239.53751	25.87445
5239.99279	34.00029
5240.44814	41.33297
5240.90354	42.28359
5241.35901	32.3898
5241.81453	13.81189
5242.27011	0.63318
5242.72575	0
5243.18145	0
5243.63721	0
5244.09303	3.86E-4
5244.54891	0.48409
5245.00485	4.98456
5245.46085	10.30816
5245.9169	11.67224
5246.37302	7.88059
5246.8292	2.03077
5247.28543	7.21E-4
5247.74173	0.89855
5248.19808	7.86053
5248.6545	16.45596
5249.11097	21.4206
5249.5675	18.7407
5250.0241	10.33895
5250.48075	5.00282
5250.93746	7.83966
5251.39423	13.10457
5251.85107	12.30797
5252.30796	8.18207
5252.76491	12.66661
5253.22192	27.77401
5253.67899	83.82161
5254.13612	123.77344
5254.59331	133.65661
5255.05055	130.99396
5255.50786	105.13207
5255.96523	22.70814
5256.42266	3.72773
5256.88015	0
5257.33769	0.00449
5257.7953	5.46842
5258.25297	7.56092
5258.7107	3.48365
5259.16848	1.70912
5259.62633	9.46835
5260.08423	24.52983
5260.5422	34.24226
5261.00023	28.49929
5261.45831	11.72053
5261.91646	0
5262.37466	7.38E-4
5262.83293	0.89501
5263.29125	5.57247
5263.74964	6.58054
5264.20808	3.60982
5264.66658	0.75412
5265.12515	0.22413
5265.58377	1.63504
5266.04246	8.184
5266.5012	8.51401
5266.96001	2.27438
5267.41887	0
5267.87779	0.00693
5268.33678	8.30567
5268.79582	20.28365
5269.25493	27.61001
5269.71409	24.59781
5270.17331	11.73547
5270.6326	0.36081
5271.09194	0.00996
5271.55135	11.88081
5272.01081	32.91613
5272.47033	43.89718
5272.92992	36.2951
5273.38956	17.31095
5273.84927	1.97317
5274.30903	1.03991
5274.76886	4.57614
5275.22874	3.96017
5275.68869	0.16798
5276.14869	0
5276.60876	0
5277.06888	0
5277.52907	0
5277.98932	9.2E-5
5278.44962	0.11785
5278.90999	10.89062
5279.37042	21.05509
5279.8309	0
5280.29145	0
5280.75206	0
5281.21272	0
5281.67345	0.1083
5282.13424	127.26411
5282.59509	564.10437
5283.056	1119.46205
5283.51697	1689.63248
5283.978	1765.08093
5284.43909	1296.68689
5284.90024	788.46688
5285.36145	389.74111
5285.82272	236.57139
5286.28405	210.84305
5286.74544	235.82785
5287.20689	186.50994
5287.66841	75.01363
5288.12998	0
5288.59161	0
5289.05331	0.00748
5289.51506	8.66829
5289.97688	0.58605
5290.43875	0
5290.90069	0
5291.36268	0
5291.82474	0
5292.28686	6.78E-4
5292.74903	0.78622
5293.21127	6.34109
5293.67357	15.23615
5294.13593	21.60653
5294.59835	19.90358
5295.06083	11.35577
5295.52337	4.64384
5295.98598	8.24636
5296.44864	18.09273
5296.91136	26.72948
5297.37415	29.5887
5297.83699	31.00074
5298.2999	41.99506
5298.76286	109.37865
5299.22589	102.27784
5299.68897	51.29361
5300.15212	0
5300.61533	0
5301.0786	0
5301.54193	0.03354
5302.00532	38.1434
5302.46877	22.01042
5302.93229	5.22821
5303.39586	0.00954
5303.85949	10.84796
5304.32319	37.23774
5304.78694	56.82334
5305.25076	53.1944
5305.71464	31.06248
5306.17857	8.50299
5306.64257	0
5307.10663	0
5307.57075	0
5308.03493	0
5308.96348	0
5309.42784	0
5309.89227	0
5310.35676	0
5310.8213	0.0122
5311.28591	13.71485
5311.75058	38.43944
5312.21531	56.84271
5312.6801	59.53485
5313.14495	48.26565
5313.60987	31.19292
5314.07484	0
5314.53987	0
5315.00497	0.03035
5315.47013	33.88177
5315.93535	73.99551
5316.40063	106.22217
5316.86597	53.02053
5317.33137	32.14417
5317.79683	12.96537
5318.26235	0.51755
5318.72794	0
5319.19358	0
5319.65929	0
5320.12506	0
5320.59089	0.00196
5321.05678	2.17654
5321.52273	10.99578
5321.98874	14.0282
5322.45482	9.24029
5322.92095	3.71184
5323.38715	7.07378
5323.85341	22.93538
5324.31973	59.02129
5324.78611	97.81274
5325.25255	104.3158
5325.71905	62.57757
5326.18562	23.01361
5326.65224	0
5327.11893	0.01442
5327.58568	15.81644
5328.05249	27.40975
5328.51936	32.37014
5328.98629	18.98491
5329.45329	0
5329.92034	0.01115
5330.38746	12.19929
5330.85463	44.30735
5331.32187	63.54136
5331.78918	53.82925
5332.25654	24.60712
5332.72396	1.22645
5333.19145	0.0612
5333.65899	11.36885
5334.1266	22.8711
5334.59427	23.88437
5335.062	16.94608
5335.52979	9.24557
5335.99765	3.47587
5336.46556	0
5336.93354	0
5337.40158	0.0039
5337.86968	4.22056
5338.33784	6.83984
5338.80607	1.45391
5339.27435	0
5339.7427	0
5340.21111	0.00635
5340.67958	6.8576
5341.14811	19.63043
5341.6167	26.67459
5342.08536	22.7803
5342.55407	11.01957
5343.02285	2.12676
5343.49169	2.15249
5343.96059	5.08243
5344.42956	3.83968
5344.89858	3.55376
5345.36767	10.46601
5345.83682	18.10988
5346.30603	15.51033
5346.7753	1.49708
5347.24464	0
5347.71403	0.01176
5348.18349	12.56277
5348.65301	25.96967
5349.12259	24.48318
5349.59223	10.25269
5350.06194	0
5350.53171	9.96E-4
5351.00153	1.06626
5351.47143	10.20569
5351.94138	8.51927
5352.41139	0.07673
5352.88147	0.00487
5353.35161	5.16261
5353.82181	13.30235
5354.29207	11.38581
5354.76239	1.15973
5355.23278	0
5355.70323	0.00442
5356.17374	4.66859
5356.64431	9.26994
5357.11495	5.41435
5357.58564	0.05859
5358.0564	0.44484
5358.52722	9.29883
5358.9981	19.76763
5359.46905	24.40194
5359.94005	22.29785
5360.41112	15.60687
5360.88225	5.87605
5361.35345	0.3239
5361.8247	0.51109
5362.29602	15.7772
5362.7674	35.95767
5363.23884	43.20881
5363.71034	31.24669
5364.18191	10.51835
5364.65354	0
5365.12523	0.00568
5365.59698	5.9279
5366.06879	13.5351
5366.54067	14.03024
5367.01261	7.2498
5367.48461	0.07173
5367.95667	0
5368.4288	0.0018
5368.90099	1.86379
5369.37324	3.06356
5369.84555	2.27207
5370.31793	0.13885
5370.79036	0
5371.26286	0
5371.73542	0
5372.20805	0
5372.68074	0.00138
5373.15349	1.4335
5373.6263	18.60623
5374.09917	64.56109
5374.57211	106.49428
5375.04511	110.10591
5375.51817	52.69889
5375.99129	0.8085
5376.46448	0
5376.93773	0
5377.41104	0.03246
5377.88441	33.30416
5378.35785	91.83704
5378.83135	107.2583
5379.30491	74.20829
5379.77853	52.87818
5380.25222	94.729
5380.72597	174.82054
5381.19978	268.91088
5381.67365	324.86978
5382.14759	296.53039
5382.62159	234.72433
5383.09565	128.12059
5383.56978	13.96033
5384.04396	0.04831
5384.51821	49.1412
5384.99253	134.36887
5385.4669	73.63413
5385.94134	0
5386.41584	0
5386.8904	0
5387.36503	0
5387.83972	0
5388.31447	0
5388.78928	0.05959
5389.26416	60.1819
5389.7391	41.45877
5390.2141	11.67226
5390.68917	0
5391.1643	0.00138
5391.63949	1.39453
5392.11474	10.90766
5392.59006	11.44924
5393.06544	3.71934
5393.54088	0
5394.01638	0
5394.49195	0
5394.96758	0
5395.44328	0.00614
5395.91903	6.16932
5396.39485	23.63778
5396.87074	34.93461
5397.34668	29.22641
5397.82269	12.43253
5398.29876	3.18414
5398.7749	12.3107
5399.25109	31.99589
5399.72736	45.58634
5400.20368	43.04584
5400.68007	26.7155
5401.15652	7.5844
5401.63303	0.00318
5402.1096	3.17658
5402.58624	18.97225
5403.06294	34.4264
5403.53971	40.39838
5404.01654	34.07788
5404.49343	19.17558
5404.97038	3.49367
5405.4474	0
5405.92448	0
5406.40163	0
5406.87883	0.00142
5407.3561	1.42506
5407.83344	20.03034
5408.31083	39.3353
5408.78829	41.70048
5409.26582	24.83884
5409.7434	5.25034
5410.22105	0.28347
5410.69877	9.23863
5411.17654	23.70205
5411.65438	33.72182
5412.13228	36.18197
5412.61025	31.37168
5413.08828	20.82516
5413.56637	7.98329
5414.04453	0
5414.52275	0
5415.00103	0
5415.47938	0
5415.95778	0
5416.43626	0
5416.91479	0
5417.39339	0.01386
5417.87206	13.52559
5418.35078	33.03308
5418.82957	50.35195
5419.30843	54.03993
5419.78734	37.16242
5420.26632	10.26031
5420.74537	0.01248
5421.22448	12.13873
5421.70365	39.31965
5422.18288	50.24139
5422.66218	35.74074
5423.14154	12.79382
5423.62097	1.59519
5424.10045	5.50562
5424.58001	13.81992
5425.05962	14.87976
5425.5393	6.41547
5426.01905	0.17409
5426.49885	1.61593
5426.97872	10.81111
5427.45866	19.52417
5427.93866	15.54361
5428.41872	6.52761
5428.89884	8.21454
5429.37903	26.54303
5429.85928	50.2616
5430.3396	60.98658
5430.81998	49.03122
5431.30042	21.83432
5431.78093	0.24614
5432.2615	0.00958
5432.74214	9.17974
5433.22284	16.69857
5433.7036	7.307
5434.18443	0
5434.66532	0.01081
5435.14627	10.3331
5435.62729	23.88729
5436.10837	18.97085
5436.58952	1.91884
5437.07072	0
5437.552	8.22E-4
5438.03334	0.78018
5438.51474	0.08912
5438.9962	0
5439.47773	0.02035
5439.95932	19.33066
5440.44098	48.80224
5440.9227	60.4061
5441.40449	46.24976
5441.88634	21.11263
5442.36825	2.86668
5442.85023	0
5443.33227	0
5443.81437	0.00556
5444.29654	5.25463
5444.77878	16.29222
5445.26107	24.98857
5445.74343	31.16472
5446.22586	39.30441
5446.70835	47.77011
5447.1909	48.52179
5447.67352	38.29959
5448.1562	23.35375
5448.63895	11.11549
5449.12176	5.16941
5449.60463	1.76115
5450.08757	1.63591
5450.57058	9.37117
5451.05364	24.89833
5451.53677	38.21013
5452.01997	37.28655
5452.50323	20.96287
5452.98655	2.08221
5453.46994	0
5453.95339	0
5454.43691	0
5454.92049	0.00139
5455.40414	1.31685
5455.88785	19.50947
5456.37162	35.11005
5456.85546	33.44859
5457.33936	17.92271
5457.82333	6.75994
5458.30736	12.93539
5458.79146	22.14624
5459.27562	19.66006
5459.75984	9.06802
5460.24413	1.22287
5460.72849	0.41391
5461.2129	0.87552
5461.69739	0
5462.18193	0
5462.66655	0.00104
5463.15122	0.97314
5463.63596	11.32391
5464.12077	23.76361
5464.60564	48.60685
5465.09057	52.88483
5465.57557	45.73063
5466.06063	35.22311
5466.54576	36.32916
5467.03095	58.18286
5467.51621	81.9754
5468.00153	64.38409
5468.48692	30.65263
5468.97237	0.00371
5469.45788	3.4436
5469.94347	45.264
5470.42911	87.58454
5470.91482	32.47526
5471.40059	0
5471.88643	0
5472.37234	0
5472.8583	0.03941
5473.34434	35.96914
5473.83044	24.49341
5474.3166	0.49977
5474.80283	0.00944
5475.28912	8.63
5475.77547	35.34572
5476.2619	57.93459
5476.74838	72.02601
5477.23493	39.75082
5477.72155	1.33
5478.20823	9.6E-5
5478.69498	0.12496
5479.18179	34.46526
5479.66866	71.19479
5480.15561	65.33166
5480.64261	29.86253
5481.12968	8.48002
5481.61682	6.80787
5482.10402	24.00426
5482.59128	46.65812
5483.07861	57.88461
5483.56601	50.4596
5484.05347	29.20077
5484.54099	5.51277
5485.02858	0
5485.51624	0
5486.00396	0
5486.49174	0
5487.46751	0
5487.95549	0
5488.44354	0
5488.93165	0
5489.41982	0.00213
5489.90806	1.93828
5490.39637	25.90809
5490.88474	50.10285
5491.37318	54.4012
5491.86168	34.61044
5492.35025	9.02361
5492.83888	0
5493.32758	0
5493.81634	0
5494.30517	0.00578
5494.79406	5.1735
5495.28302	23.86598
5495.77204	74.63837
5496.26113	126.91062
5496.75028	149.01995
5497.2395	115.50355
5497.72879	71.02066
5498.21814	7.49321
5498.70755	0.00589
5499.19703	5.24428
5499.68658	26.50878
5500.17619	33.02049
5500.66587	21.23206
5501.15561	6.9431
5501.64542	5.62786
5502.13529	25.76227
5502.62523	65.83863
5503.11523	76.81126
5503.6053	64.53435
5504.09544	41.84992
5504.58564	22.17508
5505.0759	10.22937
5505.56624	3.46538
5506.05663	0.01507
5506.54709	13.31524
5507.03762	54.09223
5507.52822	47.41883
5508.01887	21.71329
5508.5096	0.00766
5509.00039	6.75159
5509.49125	28.22368
5509.98217	41.0143
5510.47315	36.55994
5510.96421	18.41437
5511.45532	0
5511.94651	0
5512.43776	0.00449
5512.92907	3.92617
5513.42045	4.63046
5513.9119	0
5514.40341	0
5514.89499	0
5515.38663	0
5515.87834	0.0031
5516.37012	2.71768
5516.86196	16.22926
5517.35387	26.66854
5517.84584	27.60609
5518.33788	20.37821
5518.82998	11.08171
5519.32215	4.00103
5519.81439	0.2403
5520.30669	4.32E-4
5520.79906	0.38853
5521.29149	12.97768
5521.78399	37.50684
5522.27656	63.11406
5522.76919	79.68377
5523.26188	56.073
5523.75465	26.70322
5524.24748	4.39571
5524.74037	0
5525.23333	0
5525.72636	0
5526.21945	0.00735
5526.71261	6.34746
5527.20584	23.64524
5527.69913	44.23794
5528.19248	85.7236
5528.68591	64.20082
5529.1794	21.45755
5529.67295	0
5530.16657	0
5530.66026	0.02427
5531.15401	20.81763
5531.64783	24.83527
5532.14172	19.61328
5532.63567	9.59634
5533.12969	9.80368
5533.62377	24.79342
5534.11792	45.52301
5534.61214	59.28278
5535.10642	58.46921
5535.60077	46.96095
5536.09519	33.87364
5536.58967	19.9151
5537.08422	7.49852
5537.57883	0.50902
5538.07351	0.00155
5538.56826	1.32488
5539.06307	3.74768
5539.55795	5.23713
5540.0529	3.87584
5540.54791	2.20124
5541.04299	7.7291
5541.53813	23.69936
5542.03334	61.5596
5542.52862	52.40309
5543.02396	36.40309
5543.51937	14.92813
5544.01485	8.71241
5544.51039	18.08552
5545.006	20.09687
5545.50168	6.80349
5545.99742	0.00296
5546.49323	2.53142
5546.9891	31.1899
5547.48504	56.1894
5547.98105	0.93699
5548.47713	0
5548.97327	0
5549.46948	0.01274
5549.96575	10.77588
5550.46209	64.41344
5550.9585	79.8892
5551.45497	43.54092
5551.95152	9.14129
5552.44812	0
5552.9448	0.01543
5553.44154	12.9567
5553.93835	35.99399
5554.43522	50.62993
5554.93216	46.79942
5555.42917	26.94086
5555.92624	4.61218
5556.42338	0
5556.92059	0
5557.41786	0
5557.91521	0
5558.41261	0
5558.91009	6.59E-4
5559.40763	0.56599
5559.90524	15.02885
5560.40291	36.89187
5560.90066	57.95395
5561.39846	68.05236
5561.89634	60.26453
5562.39428	37.47676
5562.89229	12.75341
5563.39037	1.36944
5563.88851	2.9778
5564.38672	7.00028
5564.885	7.79955
5565.38334	7.02759
5565.88175	6.12718
5566.38023	2.35063
5566.87877	0
5567.37739	0.00157
5567.87606	1.31178
5568.37481	14.1969
5568.87362	20.5711
5569.3725	14.76133
5569.87145	5.56788
5570.37046	3.89737
5570.86954	12.68544
5571.36869	28.26934
5571.86791	64.58442
5572.36719	98.45192
5572.86654	101.13761
5573.36596	99.7199
5573.86544	73.74176
5574.36499	43.48492
5574.86461	16.80698
5575.36429	7.52497
5575.86404	4.49427
5576.36386	11.95604
5576.86375	21.21957
5577.3637	22.61892
5577.86373	14.37155
5578.36381	3.81981
5578.86397	2.07393
5579.36419	12.0733
5579.86448	23.90962
5580.36484	26.23642
5580.86526	21.5948
5581.36576	23.22558
5581.86632	38.30897
5582.36694	59.57331
5582.86764	55.93567
5583.3684	15.36302
5583.86923	0
5584.37012	0
5584.87109	0.00472
5585.37212	3.87756
5585.87322	40.53602
5586.37438	79.9482
5586.87561	51.8244
5587.37692	29.45211
5587.87828	6.26131
5588.37972	0
5588.88122	0.00808
5589.38279	6.54556
5589.88443	13.61316
5590.38614	7.64363
5590.88791	0.09522
5591.38975	9.5E-5
5591.89166	0.07673
5592.39364	0.24413
5592.89568	0.24903
5593.39779	6.49774
5593.89997	28.57547
5594.40222	47.0879
5594.90453	45.16226
5595.40691	24.04822
5595.90936	2.21597
5596.41188	0
5596.91446	0
5597.41712	0
5597.91984	0
5598.42262	0.01311
5598.92548	10.51686
5599.4284	20.72391
5599.93139	15.88333
5600.43445	1.74591
5600.93758	0.0243
5601.44078	19.4767
5601.94404	55.41417
5602.44737	83.59856
5602.95077	70.9346
5603.45423	34.47518
5603.95777	4.94218
5604.46137	0.21279
5604.96504	8.60046
5605.46877	23.20396
5605.97258	22.36807
5606.47645	8.20549
5606.98039	0.43195
5607.4844	8.15176
5607.98848	20.97052
5608.49263	21.59907
5608.99684	10.71498
5609.50112	1.62134
5610.00547	9.45855
5610.50989	32.4443
5611.01437	52.85798
5611.51892	57.84327
5612.02355	49.73644
5612.52824	37.28712
5613.03299	24.99969
5613.53782	13.05141
5614.04271	2.02555
5614.54767	0
5615.0527	0
5615.5578	0
5616.06297	0
5616.5682	0.00202
5617.07351	1.62002
5617.57888	25.48553
5618.08431	56.08288
5618.58982	71.86152
5619.0954	56.90677
5619.60104	22.69951
5620.10675	4.93905
5620.61253	7.45071
5621.11838	16.47494
5621.6243	18.16977
5622.13028	9.86638
5622.63634	1.79254
5623.14246	0
5623.64865	3.14E-4
5624.15491	0.24511
5624.66123	0
5625.16763	0.00314
5625.67409	2.47302
5626.18062	13.38204
5626.68722	19.23905
5627.19389	14.06161
5627.70063	4.18565
5628.20744	0.09133
5628.71431	3.01897
5629.22125	9.56939
5629.72826	14.51503
5630.23534	16.59191
5630.74249	14.21944
5631.24971	8.44194
5631.75699	3.97028
5632.26435	2.46025
5632.77177	2.20029
5633.27926	5.48268
5633.78682	0.03399
5634.29445	26.47418
5634.80214	117.96528
5635.30991	205.41122
5635.81774	249.2884
5636.32565	216.69782
5636.83362	174.54527
5637.34166	139.92313
5637.84977	133.61784
5638.35794	159.0747
5638.86619	196.12265
5639.3745	223.59107
5639.88289	140.01115
5640.39134	54.75741
5640.89986	0
5641.40845	0
5641.91711	0
5642.42584	0
5642.93463	0
5643.4435	0
5643.95243	0.08405
5644.46143	64.5723
5644.9705	52.6109
5645.47964	15.92336
5645.98885	0
5646.49813	0.03703
5647.00748	28.40096
5647.51689	42.67554
5648.02638	31.64325
5648.53593	0
5649.04556	0.01527
5649.55525	11.70085
5650.06501	32.57222
5650.57484	56.92209
5651.08474	50.8136
5651.59471	29.69024
5652.10474	5.51532
5652.61485	0
5653.12502	0.00583
5653.63527	4.45048
5654.14558	11.10996
5654.65596	10.73592
5655.16641	4.37199
5655.67693	0
5656.18752	0
5656.69818	0
5657.20891	0.00211
5657.71971	1.60167
5658.23057	3.55641
5658.74151	0.84798
5659.25251	0
5659.76359	0
5660.27473	0
5660.78594	0
5661.29722	0
5661.80858	0
5662.32	0
5662.83148	4.21E-4
5663.34304	0.31855
5663.85467	0.86282
5664.36637	12.72989
5664.87814	32.96156
5665.38997	67.328
5665.90188	67.73894
5666.41385	38.50134
5666.9259	4.48785
5667.43801	0.01572
5667.95019	11.87249
5668.46245	36.50292
5668.97477	44.13678
5669.48716	30.93352
5669.99962	10.32574
5670.51215	0.06506
5671.02475	0.00211
5671.53742	1.5808
5672.05016	0.75176
5672.56297	0
5673.07584	0
5673.58879	0.00806
5674.10181	6.05104
5674.6149	18.07235
5675.12805	25.50997
5675.64128	21.9194
5676.15457	8.73592
5676.66794	0
5677.18137	0
5677.69488	3.54E-4
5678.20845	0.26323
5678.7221	0
5679.23581	0
5679.74959	0
5680.26345	0
5680.77737	0
5681.29136	0.01358
5681.80542	10.11689
5682.31956	21.85523
5682.83376	23.73231
5683.34803	14.63074
5683.86237	1.47748
5684.37678	0
5684.89126	0.00123
5685.40581	0.91493
5685.92043	3.80881
5686.43512	3.96943
5686.94989	2.68922
5687.46472	0.82742
5687.97962	0
5688.49459	0
5689.00963	0.02362
5689.52474	17.47106
5690.03992	34.44966
5690.55517	30.17358
5691.07049	10.97407
5691.58588	0.09316
5692.10134	6.44275
5692.61687	25.2087
5693.13247	39.35255
5693.64814	40.81648
5694.16388	30.19672
5694.67969	12.26766
5695.19557	0
5695.71152	9.88E-4
5696.22754	0.74514
5696.74363	14.72117
5697.25979	21.4274
5697.77602	14.66308
5698.29232	2.47595
5698.8087	0
5699.32514	0.00282
5699.84165	2.07172
5700.35823	8.78708
5700.87488	14.08967
5701.39161	14.96818
5701.9084	10.36643
5702.42526	2.22312
5702.9422	0
5703.4592	0
5703.97627	0
5704.49342	0.00776
5705.01063	5.68272
5705.52792	24.00182
5706.04527	45.74333
5706.5627	55.7808
5707.08019	44.56499
5707.59776	20.20186
5708.1154	0.04723
5708.6331	0.00193
5709.15088	1.40579
5709.66873	4.50419
5710.18665	2.6669
5710.70464	0.28718
5711.2227	2.6752
5711.74083	16.49301
5712.25903	39.27569
5712.7773	56.18221
5713.29564	48.97575
5713.81405	16.74284
5714.33254	0.00836
5714.85109	6.09203
5715.36971	40.70842
5715.88841	129.67889
5716.40717	116.36602
5716.92601	59.70324
5717.44492	4.39484
5717.96389	0
5718.48294	0
5719.00206	0
5719.52125	0.02536
5720.04051	18.29457
5720.55984	54.14642
5721.07924	89.53617
5721.59871	55.07334
5722.11825	45.4914
5722.63787	28.73241
5723.15755	11.46452
5723.67731	0.40136
5724.19713	0.00913
5724.71703	6.57269
5725.237	24.69524
5725.75704	40.00633
5726.27715	44.20424
5726.79733	35.57031
5727.31758	0
5727.8379	0
5728.35829	0.05271
5728.87875	37.72108
5729.39929	84.27258
5729.9199	103.19607
5730.44057	50.46138
5730.96132	15.47504
5731.48214	0
5732.00303	0.00812
5732.52399	5.79618
5733.04502	15.89497
5733.56612	18.76055
5734.0873	12.66176
5734.60854	3.7427
5735.12986	0.185
5735.65124	0.73578
5736.1727	0.49716
5736.69423	0
5737.21583	0.00532
5737.7375	3.79517
5738.25924	19.57119
5738.78106	48.91303
5739.30294	110.27885
5739.8249	114.59713
5740.34693	107.87961
5740.86903	39.0556
5741.39119	17.71796
5741.91344	3.98644
5742.43575	1.07645
5742.95813	7.70233
5743.48059	10.5814
5744.00311	5.6635
5744.52571	6.19104
5745.04838	22.23879
5745.57112	47.32485
5746.09393	63.62515
5746.61681	60.37104
5747.13977	43.2684
5747.66279	24.95361
5748.18589	12.0728
5748.70906	5.35647
5749.2323	6.57518
5749.75561	17.11012
5750.27899	30.22549
5750.80245	32.70821
5751.32597	17.21631
5751.84957	0
5752.37324	0.00956
5752.89698	6.74649
5753.42079	39.10236
5753.94467	67.15919
5754.46863	72.45552
5754.99265	46.58689
5755.51675	24.41851
5756.04092	4.59334
5756.56516	2.57197
5757.08947	4.98565
5757.61386	7.48188
5758.13832	8.88364
5758.66284	7.84569
5759.18744	3.65158
5759.71211	0.99794
5760.23686	0.78389
5760.76167	3.0584
5761.28656	5.24273
5761.81151	4.17862
5762.33654	1.51055
5762.86165	0
5763.38682	0.0139
5763.91206	9.71213
5764.43738	50.8296
5764.96277	106.69451
5765.48823	131.47311
5766.01376	106.05809
5766.53937	67.10177
5767.06504	23.05613
5767.59079	5.63687
5768.11661	19.72997
5768.6425	48.08279
5769.16847	54.19147
5769.6945	13.50059
5770.22061	0
5770.74679	0
5771.27304	0.03538
5771.79936	24.48161
5772.32576	66.63855
5772.85223	76.74828
5773.37877	40.89123
5773.90538	11.57842
5774.43206	0.01683
5774.95882	11.63045
5775.48564	41.53739
5776.01254	66.74016
5776.53952	72.85469
5777.06656	59.59084
5777.59368	36.57161
5778.12087	15.54174
5778.64813	3.14925
5779.17546	2.37879
5779.70286	5.53745
5780.23034	9.45074
5780.75789	13.40423
5781.28551	16.66106
5781.81321	17.50173
5782.34097	17.08885
5782.86881	21.03889
5783.39672	31.0503
5783.9247	38.59304
5784.45276	0
5784.98089	0
5785.50909	0
5786.03736	0.07012
5786.5657	47.92132
5787.09412	104.05051
5787.62261	144.58296
5788.15117	114.66229
5788.6798	65.48845
5789.20851	17.91152
5789.73729	3.21011
5790.26614	10.04255
5790.79507	15.23002
5791.32406	8.02714
5791.85313	0
5792.38227	0.01222
5792.91149	8.33909
5793.44077	36.0993
5793.97013	59.65793
5794.49956	63.3966
5795.02907	46.64794
5795.55864	23.15062
5796.08829	4.02509
5796.61801	0.19983
5797.14781	0
5797.67768	0.00343
5798.20762	2.33228
5798.73763	9.93607
5799.26771	13.16697
5799.79787	10.21951
5800.3281	6.09405
5800.8584	5.81873
5801.38878	7.7388
5801.91923	7.07027
5802.44975	4.68201
5802.98034	5.826
5803.51101	11.98577
5804.04175	17.05482
5804.57256	13.85663
5805.10345	8.26971
5805.63441	17.76195
5806.16544	106.36423
5806.69654	138.49842
5807.22772	153.08045
5807.75897	147.64885
5808.29029	126.1269
5808.82169	71.55721
5809.35316	21.72377
5809.8847	14.72934
5810.41631	10.97092
5810.948	3.63777
5811.47976	1.40411
5812.01159	9.39079
5812.5435	26.89308
5813.07548	44.32272
5813.60753	39.96709
5814.13966	0
5814.67185	0
5815.20413	0.02783
5815.73647	18.63029
5816.26889	58.70607
5816.80138	92.37726
5817.33394	73.35642
5817.86658	34.90884
5818.39929	10.34737
5818.93207	5.95138
5819.46493	10.93294
5819.99786	15.99751
5820.53086	3.5747
5821.06394	0
5821.59709	0.02315
5822.13031	15.41698
5822.66361	44.60035
5823.19698	61.64165
5823.73042	55.92176
5824.26394	34.0361
5824.79752	10.90485
5825.33119	0
5825.86492	0
5826.39873	0
5826.93261	0.01152
5827.46657	7.63513
5828.0006	19.57623
5828.5347	24.25384
5829.06888	17.59713
5829.60313	11.43086
5830.13745	21.04149
5830.67185	38.27671
5831.20632	45.46143
5831.74086	25.79302
5832.27548	4.33415
5832.81017	2.60841
5833.34493	5.32429
5833.87977	12.53638
5834.41468	20.9294
5834.94967	31.58642
5835.48473	44.01585
5836.01986	54.28506
5836.55506	84.59562
5837.09034	48.47259
5837.6257	13.85237
5838.16112	0
5838.69662	0.04596
5839.2322	30.16504
5839.76784	49.27718
5840.30356	59.7779
5840.83936	56.39882
5841.37523	38.62969
5841.91117	14.54934
5842.44719	1.34104
5842.98328	10.90074
5843.51944	33.72722
5844.05568	45.71146
5844.59199	34.4392
5845.12837	13.38097
5845.66483	5.8797
5846.20137	22.04892
5846.73797	60.09615
5847.27465	99.0315
5847.81141	71.48691
5848.34824	25.81505
5848.88514	1.03301
5849.42212	0.01657
5849.95917	10.80294
5850.49629	24.6677
5851.03349	22.90168
5851.57076	13.11809
5852.10811	5.21719
5852.64553	2.07076
5853.18302	2.47937
5853.72059	6.35537
5854.25823	0.05549
5854.79595	36.03879
5855.33374	77.20133
5855.8716	84.27511
5856.40954	41.34163
5856.94756	12.00893
5857.48564	0.48619
5858.0238	6.6501
5858.56204	15.36952
5859.10035	8.46781
5859.63873	0
5860.17719	0.00751
5860.71572	4.86989
5861.25433	16.43208
5861.79301	14.16868
5862.33177	2.69948
5862.87059	0
5863.4095	0
5863.94848	0.00527
5864.48753	3.39997
5865.02665	7.14987
5865.56586	7.12448
5866.10513	7.76614
5866.64448	10.64237
5867.1839	10.40839
5867.7234	4.18163
5868.26298	0
5868.80262	0
5869.34234	0
5869.88214	0
5870.42201	0
5870.96196	0.00227
5871.50198	1.47335
5872.04207	11.75514
5872.58224	18.62372
5873.12248	19.36874
5873.6628	13.68296
5874.20319	3.52905
5874.74366	0
5875.2842	0
5875.82482	0.00479
5876.36551	3.06829
5876.90627	9.52221
5877.44711	14.89952
5877.98803	20.21977
5878.52901	25.17947
5879.07008	27.76457
5879.61122	25.18522
5880.15243	16.74185
5880.69372	7.10803
5881.23508	4.03527
5881.77652	10.8691
5882.31803	24.25704
5882.85962	40.49045
5883.40128	58.50395
5883.94302	73.37121
5884.48483	73.86202
5885.02672	58.15661
5885.56868	24.34655
5886.11071	3.77477
5886.65282	0.83481
5887.19501	1.12765
5887.73727	1.71864
5888.27961	5.33368
5888.82202	6.00722
5889.3645	0.34039
5889.90706	0.46625
5890.4497	45.39516
5890.99241	93.78977
5891.5352	120.86081
5892.07806	128.11554
5892.62099	145.33
5893.164	162.80866
5893.70709	171.87368
5894.25025	170.95909
5894.79348	145.82181
5895.3368	91.59953
5895.88018	31.75837
5896.42364	5.78646
5896.96718	1.91747
5897.51079	5.54E-4
5898.05448	0.35214
5898.59824	2.76864
5899.14208	7.5308
5899.68599	18.24073
5900.22998	29.98054
5900.77404	37.53336
5901.31818	42.7043
5901.86239	47.82131
5902.40668	48.6933
5902.95104	39.53
5903.49548	22.3371
5904.04	8.39402
5904.58459	9.94523
5905.12925	29.5903
5905.67399	56.3049
5906.21881	72.44876
5906.7637	67.09379
5907.30867	44.26765
5907.85371	11.93232
5908.39883	0.01799
5908.94402	11.28416
5909.48929	47.98067
5910.03463	85.7134
5910.58005	110.36716
5911.12555	71.46097
5911.67112	28.78509
5912.21676	10.42702
5912.76249	1.57263
5913.30828	7.3E-5
5913.85416	0.05263
5914.40011	4.65632
5914.94613	14.40825
5915.49223	18.89132
5916.0384	13.62848
5916.58465	3.76528
5917.13098	1.04575
5917.67738	14.03293
5918.22386	39.07017
5918.77042	74.48472
5919.31704	77.489
5919.86375	44.21752
5920.41053	18.26309
5920.95739	3.58698
5921.50432	0
5922.05133	9.03E-4
5922.59841	0.56886
5923.14557	7.17737
5923.69281	25.34241
5924.24012	45.4407
5924.78751	56.27364
5925.33497	52.24347
5925.88251	36.6239
5926.43012	18.09895
5926.97781	4.98693
5927.52558	7.35426
5928.07342	33.37958
5928.62134	70.20073
5929.16934	104.46715
5929.71741	79.69259
5930.26555	31.9497
5930.81378	0
5931.36207	0
5931.91045	0.02609
5932.4589	16.05711
5933.00743	36.78229
5933.55603	22.31513
5934.10471	15.18041
5934.65346	17.45955
5935.20229	16.89632
5935.7512	8.94924
5936.30019	1.27747
5936.84924	0
5937.39838	0
5937.94759	0
5938.49688	0
5939.04625	0.002
5939.59569	1.22348
5940.1452	0.54773
5940.6948	0
5941.24447	0.0073
5941.79421	4.46024
5942.34403	8.09341
5942.89393	3.93578
5943.44391	2.81215
5943.99396	14.6513
5944.54409	40.43233
5945.09429	63.5427
5945.64457	67.10011
5946.19493	38.07576
5946.74536	4.16971
5947.29587	3.43221
5947.84645	4.17038
5948.39712	9.62592
5948.94786	20.10666
5949.49867	43.13476
5950.04956	83.13338
5950.60053	113.16695
5951.15158	104.97212
5951.7027	65.65842
5952.2539	28.70747
5952.80517	2.17586
5953.35652	10.4443
5953.90795	42.08418
5954.45945	75.8111
5955.01103	87.20638
5955.56269	63.83707
5956.11443	27.91649
5956.66624	7.95288
5957.21812	0.00179
5957.77009	1.08368
5958.32213	2.60308
5958.87425	0.22512
5959.42644	0
5959.97871	0
5960.53106	0.01023
5961.08349	6.17188
5961.63599	11.54535
5962.18857	11.40201
5962.74122	9.34453
5963.29395	5.32772
5963.84676	0.1226
5964.39965	0.00792
5964.95261	4.78772
5965.50565	22.15935
5966.05877	36.88925
5966.61196	39.87613
5967.16523	30.95788
5967.71858	15.59155
5968.272	1.18775
5968.82551	0.00164
5969.37908	0.99871
5969.93274	10.829
5970.48647	17.43406
5971.04028	13.78389
5971.59417	4.136
5972.14813	0.00125
5972.70217	0.50991
5973.25629	2.78226
5973.81049	0.82216
5974.36476	0
5974.91911	0.01159
5975.47353	6.95862
5976.02804	30.29022
5976.58262	51.36757
5977.13727	58.76541
5977.69201	52.23509
5978.24682	42.53492
5978.80171	33.32527
5979.35668	35.59473
5979.91172	48.05525
5980.46684	98.32029
5981.02204	54.68628
5981.57732	8.0306
5982.13267	0
5982.6881	0
5983.24361	0.0231
5983.7992	13.73213
5984.35486	18.08418
5984.9106	23.17893
5985.46642	22.75534
5986.02231	10.03094
5986.57829	0
5987.13434	0.00295
5987.69046	1.78675
5988.24667	24.04084
5988.80295	41.84998
5989.35931	41.40735
5989.91575	23.72527
5990.47226	4.30205
5991.02886	0.01315
5991.58553	7.79213
5992.14227	21.03702
5992.6991	30.54266
5993.256	37.55758
5993.81298	42.3346
5994.37004	38.02908
5994.92718	21.4966
5995.48439	3.16656
5996.04168	0.12666
5996.59905	9.30978
5997.1565	25.48264
5997.71402	33.30712
5998.27162	28.61047
5998.8293	16.4846
5999.38706	4.82076
5999.9449	0.15221
6000.50281	1.37636
6001.0608	11.16504
6001.61887	29.10077
6002.17702	52.8792
6002.73524	71.24096
6003.29355	68.73211
6003.85193	39.46217
6004.41039	2.98453
6004.96892	2.11355
6005.52754	26.3419
6006.08623	54.4282
6006.645	60.27445
6007.20385	47.10138
6007.76277	25.60284
6008.32178	5.60797
6008.88086	0
6009.44002	5.02E-4
6009.99926	0.31347
6010.55857	11.94174
6011.11797	18.37172
6011.67744	14.29084
6012.23699	5.37175
6012.79662	0
6013.35633	0.07231
6013.91611	42.19939
6014.47598	79.46943
6015.03592	53.45945
6015.59594	18.38212
6016.15604	0.42461
6016.71621	1.75368
6017.27647	7.28195
6017.8368	12.12052
6018.39721	21.91838
6018.9577	40.19697
6019.51827	110.00297
6020.07891	128.74262
6020.63964	131.57211
6021.20044	81.27034
6021.76132	34.34104
6022.32228	0
6022.88332	0.01299
6023.44443	7.53153
6024.00563	10.81921
6024.5669	8.16446
6025.12825	0
6025.68968	0
6026.25119	0.00866
6026.81277	5.03932
6027.37444	25.6521
6027.93618	39.49752
6028.49801	39.8694
6029.05991	32.58025
6029.62189	25.27996
6030.18394	17.98623
6030.74608	8.26997
6031.3083	6.81566
6031.87059	24.79448
6032.43296	39.91067
6032.99541	48.45848
6033.55794	55.53663
6034.12055	0
6034.68324	0
6035.246	0
6035.80885	33.07229
6036.37177	207.29745
6036.93477	544.85929
6037.49785	948.21135
6038.06101	1211.05472
6038.62425	1108.81126
6039.18757	769.75343
6039.75097	439.70941
6040.31444	228.57917
6040.87799	145.12984
6041.44163	121.78845
6042.00534	104.4142
6042.56913	70.87954
6043.133	36.88777
6043.69695	17.64153
6044.26097	11.08942
6044.82508	7.35419
6045.38926	3.59281
6045.95353	3.389
6046.51787	6.65268
6047.08229	10.59204
6047.64679	13.11769
6048.21137	12.90057
6048.77603	8.82474
6049.34077	3.59374
6049.90559	0.22909
6050.47049	0.00305
6051.03546	1.73833
6051.60052	3.74826
6052.16565	3.89303
6052.73086	3.15422
6053.29616	0.06195
6053.86153	35.30069
6054.42698	77.41443
6054.99251	113.47756
6055.55812	104.84157
6056.12381	58.04269
6056.68957	18.89906
6057.25542	2.63254
6057.82135	0
6058.38735	0
6058.95344	0
6059.5196	0
6060.08585	9.8E-4
6060.65217	0.37715
6061.21857	3.03193
6061.78505	6.86908
6062.35161	16.12354
6062.91825	34.47059
6063.48497	64.42742
6064.05177	101.79982
6064.61865	59.38112
6065.18561	16.68804
6065.75265	0.01769
6066.31977	6.68136
6066.88696	11.02547
6067.45424	21.81757
6068.0216	35.94687
6068.58903	44.01647
6069.15655	36.17965
6069.72414	14.59694
6070.29182	0
6070.85957	0.01784
6071.42741	6.74096
6071.99532	16.19709
6072.56331	15.47327
6073.13139	7.00257
6073.69954	1.63441
6074.26777	6.01115
6074.83608	16.67432
6075.40448	27.9962
6075.97295	40.4699
6076.5415	55.785
6077.11013	85.55849
6077.67884	93.8292
6078.24763	49.20303
6078.8165	26.37974
6079.38545	8.83248
6079.95448	0
6080.5236	0
6081.09279	0.01028
6081.66206	3.89199
6082.23141	17.15365
6082.80084	18.38332
6083.37035	8.34536
6083.93994	2.77562
6084.50961	10.46515
6085.07936	25.89253
6085.64919	38.79771
6086.2191	42.81123
6086.78909	35.86134
6087.35916	20.64511
6087.92931	4.55981
6088.49954	3.34015
6089.06985	10.00398
6089.64024	15.43246
6090.21071	9.79245
6090.78126	0.59564
6091.35189	0.02204
6091.92261	8.35991
6092.4934	54.94969
6093.06427	104.18113
6093.63522	153.76641
6094.20625	130.68591
6094.77737	39.80991
6095.34856	3.24963
6095.91983	2.19199
6096.49119	35.91017
6097.06262	95.85929
6097.63414	55.31725
6098.20573	16.05394
6098.77741	0.01351
6099.34916	5.07846
6099.921	22.2247
6100.49291	40.30285
6101.06491	62.74147
6101.63699	65.61935
6102.20914	33.67045
6102.78138	1.24908
6103.3537	0
6103.9261	0.0791
6104.49858	29.47205
6105.07114	49.87824
6105.64378	57.95364
6106.2165	63.66592
6106.7893	65.64254
6107.36219	6.55099
6107.93515	0
6108.50819	0
6109.08132	0
6109.65452	0.09143
6110.22781	34.04012
6110.80118	74.35937
6111.37462	108.5866
6111.94815	97.17461
6112.52176	95.54633
6113.09545	65.12049
6113.66922	23.31266
6114.24307	5.11374
6114.817	3.21142
6115.39101	11.78209
6115.96511	15.92695
6116.53928	8.60797
6117.11354	0.08085
6117.68787	1.04292
6118.26229	5.21894
6118.83679	9.98553
6119.41137	7.89618
6119.98602	5.72027
6120.56077	8.519
6121.13559	11.59846
6121.71049	8.56498
6122.28547	2.52984
6122.86054	0
6123.43568	0.44344
6124.01091	3.85486
6124.58622	7.60441
6125.16161	8.95494
6125.73708	7.02814
6126.31263	2.45117
6126.88826	0
6127.46397	0
6128.03977	1.57804
6128.61564	3.69921
6129.1916	3.21716
6129.76764	0.03354
6130.34375	0
6130.91996	0
6131.49624	0.43958
6132.0726	0.94058
6132.64904	0.54103
6133.22557	3.95521
6133.80218	17.80662
6134.37886	31.94235
6134.95563	35.35085
6135.53248	25.44357
6136.10942	10.5745
6136.68643	0.44087
6137.26352	0
6137.8407	0
6138.41796	0
6138.9953	1.48973
6139.57272	5.506
6140.15022	4.38658
6140.7278	2.49713
6141.30547	6.44367
6141.88321	15.31244
6142.46104	6.61197
6143.03895	3.98019
6143.61694	6.09104
6144.19501	0
6144.77317	34.45094
6145.3514	142.72632
6145.92972	276.99493
6146.50812	371.76436
6147.0866	360.90238
6147.66516	269.87406
6148.24381	141.94705
6148.82253	54.77278
6149.40134	58.80608
6149.98023	72.0705
6150.5592	190.45563
6151.13826	263.16051
6151.71739	229.93701
6152.29661	120.31164
6152.8759	22.35043
6153.45528	0.17192
6154.03475	10.0751
6154.61429	14.66317
6155.19392	26.11944
6155.77362	40.82629
6156.35341	42.8572
6156.93328	23.0112
6157.51324	10.21748
6158.09327	4.88273
6158.67339	2.9953
6159.25359	5.60536
6159.83387	13.27303
6160.41423	25.05583
6160.99468	35.48626
6161.5752	38.03483
6162.15581	30.53616
6162.73651	18.17413
6163.31728	2.21078
6163.89813	0.20963
6164.47907	0.46457
6165.06009	40.29585
6165.64119	71.3459
6166.22238	62.49762
6166.80364	44.38601
6167.38499	21.13392
6167.96642	4.89116
6168.54794	8.68658
6169.12953	30.51781
6169.71121	65.34301
6170.29297	66.1103
6170.87481	57.93564
6171.45673	38.46188
6172.03874	17.89175
6172.62083	2.08988
6173.203	0
6173.78525	0
6174.36759	0
6174.95001	0
6175.53251	0
6176.11509	0.01119
6176.69776	4.06385
6177.28051	6.84754
6177.86334	2.50285
6178.44625	0.53036
6179.02924	6.12673
6179.61232	18.84283
6180.19548	33.02415
6180.77873	44.56513
6181.36205	49.05631
6181.94546	42.06461
6182.52895	24.83402
6183.11253	5.83085
6183.69618	4.63903
6184.27992	19.97844
6184.86374	45.06181
6185.44765	71.60013
6186.03163	53.34454
6186.6157	16.00207
6187.19985	0
6187.78409	0.04737
6188.36841	17.20787
6188.95281	55.05169
6189.53729	93.22772
6190.12186	71.6786
6190.70651	39.71165
6191.29124	24.80598
6191.87605	14.1461
6192.46095	12.1949
6193.04593	7.37189
6193.63099	3.43133
6194.21614	0.48908
6194.80137	1.7E-5
6195.38668	0.01381
6195.97208	2.84591
6196.55755	8.88545
6197.14311	12.30296
6197.72876	8.7299
6198.31449	4.03924
6198.9003	11.15438
6199.48619	29.44822
6200.07216	49.71751
6200.65822	62.15209
6201.24437	61.86573
6201.83059	49.84158
6202.4169	31.22485
6203.00329	1.76518
6203.58977	0.05529
6204.17633	19.9835
6204.76297	67.11214
6205.34969	118.49081
6205.9365	177.17539
6206.52339	202.37044
6207.11036	215.65523
6207.69742	166.69708
6208.28456	99.1918
6208.87179	35.85548
6209.45909	4.42321
6210.04648	0.64027
6210.63396	0.00145
6211.22152	0.52892
6211.80916	3.68888
6212.39688	10.48946
6212.98469	18.55612
6213.57258	16.12636
6214.16055	7.71329
6214.74861	3.28633
6215.33675	7.24442
6215.92498	22.18618
6216.51329	43.4939
6217.10168	60.90893
6217.69015	61.73112
6218.27871	31.74485
6218.86736	0
6219.45608	0.03725
6220.04489	13.4501
6220.63378	65.57428
6221.22276	74.51534
6221.81182	36.48898
6222.40097	0.45473
6222.9902	0.22165
6223.57951	23.39523
6224.1689	45.52711
6224.75838	52.16075
6225.34794	47.61359
6225.93759	36.19313
6226.52732	17.14286
6227.11714	1.10887
6227.70703	0.47471
6228.29702	16.70368
6228.88708	37.62979
6229.47723	43.30463
6230.06746	16.37466
6230.65778	0
6231.24818	0.06427
6231.83867	22.98327
6232.42924	65.83229
6233.01989	108.59118
6233.61063	83.08823
6234.20145	38.49746
6234.79235	25.4612
6235.38334	29.87175
6235.97442	41.91637
6236.56557	0
6237.15681	0
6237.74814	0
6238.33955	0
6238.93104	0.07518
6239.52262	26.80123
6240.11428	71.11863
6240.70603	51.21702
6241.29786	34.42783
6241.88977	13.49
6242.48177	0.44246
6243.07385	7.26281
6243.66602	27.32657
6244.25827	26.54027
6244.85061	0
6245.44303	0
6246.03553	0
6246.62812	0.06811
6247.22079	24.22275
6247.81355	66.08995
6248.40639	50.46205
6248.99932	24.42275
6249.59233	3.46858
6250.18542	0
6250.7786	1.70609
6251.37187	4.69655
6251.96521	4.58158
6252.55865	1.61041
6253.15216	0
6253.74576	0
6254.33945	0
6254.93322	0
6255.52708	0
6256.12102	0
6256.71504	0.57561
6257.30915	4.42884
6257.90334	28.74008
6258.49762	80.4559
6259.09198	140.64654
6259.68643	178.22797
6260.28096	159.82225
6260.87558	106.90211
6261.47028	46.1973
6262.06507	4.48389
6262.65994	1.08628
6263.2549	11.07577
6263.84994	17.10153
6264.44506	8.64018
6265.04027	0
6265.63557	0.00916
6266.23095	3.24924
6266.82641	13.72627
6267.42196	11.9406
6268.0176	3.81755
6268.61332	0
6269.20912	0.00123
6269.80501	0.43822
6270.40098	3.11011
6270.99704	5.26836
6271.59319	0
6272.18942	0.0312
6272.78573	11.10969
6273.38213	67.92033
6273.97862	120.91805
6274.57519	137.43943
6275.17184	128.7307
6275.76858	121.90866
6276.36541	114.95653
6276.96232	98.94262
6277.55931	39.83715
6278.15639	17.31491
6278.75356	12.4811
6279.35081	5.51287
6279.94814	7.88489
6280.54556	20.47736
6281.14307	39.40218
6281.74066	57.35079
6282.33834	66.4312
6282.9361	61.84337
6283.53395	45.87268
6284.13188	27.09108
6284.7299	10.75199
6285.328	5.49532
6285.92619	6.02989
6286.52447	7.45725
6287.12283	1.64216
6287.72127	45.77896
6288.3198	77.25001
6288.91842	70.02553
6289.51712	43.34484
6290.11591	17.89757
6290.71478	0.90922
6291.31374	4.50489
6291.91279	25.82882
6292.51191	58.86975
6293.11113	102.09643
6293.71043	69.63985
6294.30982	28.3421
6294.90929	4.12693
6295.50885	6.97276
6296.10849	3.56503
6296.70822	3.15873
6297.30803	3.14106
6297.90793	0.51959
6298.50792	7.21E-4
6299.10799	0.28499
6299.70815	12.20407
6300.30839	35.7541
6300.90872	100.79753
6301.50913	104.92473
6302.10964	66.50618
6302.71022	23.09271
6303.31089	0.00622
6303.91165	2.29328
6304.5125	48.47709
6305.11343	102.9791
6305.71444	154.33983
6306.31554	134.48512
6306.91673	83.62967
6307.51801	37.26182
6308.11937	11.34241
6308.72081	9.57855
6309.32234	29.97673
6309.92396	56.33631
6310.52567	58.7498
6311.12746	16.19844
6311.72933	0
6312.33129	0
6312.93334	7.5E-5
6313.53548	0.17195
6314.1377	50.73663
6314.74	101.66369
6315.3424	67.90937
6315.94488	38.49391
6316.54744	54.10597
6317.15009	70.56171
6317.75283	65.3436
6318.35565	48.69222
6318.95856	34.63609
6319.56156	32.47202
6320.16464	35.0022
6320.76781	29.18663
6321.37107	0
6321.97441	2.93464
6322.57784	15.62995
6323.18135	42.92914
6323.78496	43.47188
6324.38864	23.27367
6324.99242	0.95145
6325.59628	0
6326.20023	0.00752
6326.80426	2.6895
6327.40838	4.63574
6328.01259	6.43829
6328.61688	12.84945
6329.22126	16.1728
6329.82573	10.93666
6330.43028	6.1764
6331.03492	14.78534
6331.63964	36.04442
6332.24446	53.73531
6332.84936	52.01697
6333.45434	30.88024
6334.05942	5.70199
6334.66457	3.22898
6335.26982	26.38694
6335.87515	3.67725
6336.48057	0
6337.08608	0
6337.69167	0
6338.29735	78.37373
6338.90312	230.67312
6339.50898	403.66432
6340.11492	523.48753
6340.72094	502.92148
6341.32706	392.34044
6341.93326	254.83412
6342.53955	141.18407
6343.14592	65.90183
6343.75239	13.61295
6344.35893	7.23801
6344.96557	7.10903
6345.57229	17.60907
6346.1791	28.4408
6346.786	0
6347.39299	0
6348.00006	0.0596
6348.60722	20.57502
6349.21446	76.88056
6349.82179	122.58398
6350.42921	92.8488
6351.03672	36.23916
6351.64432	0
6352.252	0.08102
6352.85977	27.82154
6353.46762	64.95353
6354.07557	61.40505
6354.6836	25.37052
6355.29171	4.26242
6355.89992	10.2596
6356.50821	38.71734
6357.11659	62.91085
6357.72506	65.97372
6358.33361	51.40413
6358.94225	32.0551
6359.55098	12.07045
6360.1598	4.1356
6360.7687	4.30739
6361.37769	13.82605
6361.98677	38.42212
6362.59594	70.92367
6363.20519	75.56468
6363.81454	39.08151
6364.42396	11.31501
6365.03348	2.69236
6365.64308	6.35284
6366.25278	13.05381
6366.86256	19.80966
6367.47242	21.54415
6368.08238	21.71466
6368.69242	25.88586
6369.30255	31.11786
6369.91277	28.21094
6370.52307	14.36106
6371.13346	4.53167
6371.74394	7.45765
6372.35451	21.48261
6372.96517	36.92581
6373.57591	0.02379
6374.18674	0
6374.79766	0
6375.40867	0
6376.01977	0.09915
6376.63095	5.79986
6377.24222	70.95938
6377.85358	142.96938
6378.46503	208.05968
6379.07656	244.55009
6379.68818	269.12252
6380.29989	276.69588
6380.91169	270.21191
6381.52358	255.04568
6382.13555	205.05528
6382.74762	119.71786
6383.35977	46.31767
6383.97201	0.22288
6384.58433	0.01898
6385.19675	6.43762
6385.80925	10.99874
6386.42184	25.23771
6387.03452	37.97258
6387.64729	34.87084
6388.26014	7.09033
6388.87309	5.5923
6389.48612	6.46575
6390.09924	6.55189
6390.71245	10.74127
6391.32575	20.07192
6391.93913	32.32191
6392.5526	40.90649
6393.16617	40.11531
6393.77982	29.87448
6394.39356	12.18139
6395.00738	0.14235
6395.6213	0.01765
6396.2353	6.00731
6396.84939	23.85626
6397.46357	38.09836
6398.07784	40.25725
6398.6922	15.20689
6399.30665	0
6399.92118	0.0018
6400.5358	0.70344
6401.15052	33.20719
6401.76532	25.72647
6402.3802	10.59858
6402.99518	23.4257
6403.61025	120.56868
6404.2254	176.21078
6404.84064	163.91506
6405.45598	83.31494
6406.0714	12.64356
6406.68691	0
6407.3025	0
6407.91819	0.07021
6408.53397	23.5824
6409.14983	17.67218
6409.76578	5.9214
6410.38182	0.97328
6410.99796	0
6411.61417	0.00445
6412.23048	1.51124
6412.84688	7.74573
6413.46337	0
6414.07994	0.04438
6414.6966	15.11581
6415.31336	90.18151
6415.9302	157.04616
6416.54713	182.44172
6417.16415	146.2498
6417.78126	110.22356
6418.39846	50.59995
6419.01574	72.07283
6419.63312	119.02106
6420.25058	142.31493
6420.86814	99.89981
6421.48578	46.00375
6422.10351	4.5235
6422.72133	0.04552
6423.33924	15.33405
6423.95724	49.06137
6424.57533	73.94602
6425.19351	62.91296
6425.81178	20.22078
6426.43013	0
6427.04858	0
6427.66712	0
6428.28574	0
6428.90445	0.03191
6429.52326	10.79457
6430.14215	56.15478
6430.76113	67.86339
6431.3802	39.5679
6431.99936	33.61061
6432.61861	37.96302
6433.23795	50.9901
6433.85738	110.89267
6434.4769	113.08028
6435.09651	64.02419
6435.7162	17.66206
6436.33599	0
6436.95587	0
6437.57583	0
6438.19589	3.8919
6438.81603	51.10935
6439.43627	63.51735
6440.05659	38.72787
6440.677	5.46026
6441.29751	1.707
6441.9181	30.33977
6442.53878	81.4836
6443.15956	121.67559
6443.78042	111.28932
6444.40137	61.16014
6445.02241	17.03238
6445.64354	3.51511
6446.26477	1.3694
6446.88608	0.28574
6447.50748	0
6448.12897	0
6448.75055	0
6449.37222	1.2006
6449.99398	3.77918
6450.61583	7.05038
6451.23777	4.77516
6451.8598	1.28007
6452.48192	0
6453.10413	21.33813
6453.72643	71.21825
6454.34882	135.9097
6454.9713	176.86132
6455.59387	168.87268
6456.21653	129.82475
6456.83929	43.94271
6457.46213	5.68671
6458.08506	0.03968
6458.70808	13.17314
6459.33119	25.84089
6459.95439	21.17646
6460.57768	8.24994
6461.20106	0
6461.82454	0
6462.4481	0.00514
6463.07175	1.69965
6463.69549	1.77288
6464.31933	0.1944
6464.94325	0
6465.56726	0.002
6466.19137	0.66241
6466.81556	1.13352
6467.43985	1.99852
6468.06422	5.43587
6468.68869	9.79804
6469.31324	11.59604
6469.93789	9.05113
6470.56263	3.74444
6471.18745	0.11861
6471.81237	0.01664
6472.43738	5.53931
6473.06248	22.74071
6473.68767	44.16667
6474.31295	94.56998
6474.93832	93.99939
6475.56378	59.21571
6476.18933	28.56674
6476.81498	7.34929
6477.44071	8.81168
6478.06653	26.32906
6478.69245	51.96927
6479.31845	66.76622
6479.94455	60.32782
6480.57074	30.39938
6481.19701	12.69731
6481.82338	1.2144
6482.44984	0.10912
6483.07639	0.00184
6483.70303	0.61952
6484.32976	5.00904
6484.95659	0.03709
6485.5835	12.3673
6486.21051	71.75164
6486.8376	132.58138
6487.46479	131.34267
6488.09206	44.41351
6488.71943	15.27915
6489.34689	10.19989
6489.97444	26.12969
6490.60208	33.67382
6491.22982	9.40617
6491.85764	0
6492.48555	0.01373
6493.11356	4.60811
6493.74166	39.464
6494.36984	71.94486
6494.99812	45.27282
6495.62649	23.84376
6496.25496	5.2936
6496.88351	9.92E-4
6497.51215	0.34864
6498.14089	8.11494
6498.76971	16.0956
6499.39863	15.2802
6500.02764	6.93701
6500.65674	1.75572
6501.28593	10.29357
6501.91522	39.52836
6502.54459	74.74761
6503.17406	98.54258
6503.80361	76.18366
6504.43326	32.72347
6505.063	8.77623
6505.69283	1.81E-4
6506.32276	0.05906
6506.95277	0
6507.58288	9.71E-4
6508.21307	0.36464
6508.84336	15.99024
6509.47374	39.52283
6510.10422	84.63988
6510.73478	62.94493
6511.36543	25.24816
6511.99618	0
6512.62702	0.00742
6513.25795	2.48242
6513.88897	23.4843
6514.52009	18.59206
6515.15129	4.62355
6515.78259	0
6516.41398	0
6517.04546	0
6517.67703	0
6518.3087	0.01569
6518.94045	5.15841
6519.5723	22.97164
6520.20424	35.14583
6520.83627	15.31119
6521.4684	0
6522.10061	0
6522.73292	0.13018
6523.36532	42.45199
6523.99781	90.3025
6524.63039	124.97404
6525.26307	89.06681
6525.89584	37.00253
6526.5287	0
6527.16165	0
6527.79469	0.12108
6528.42783	39.48575
6529.06106	102.93245
6529.69438	171.48455
6530.32779	153.75249
6530.96129	109.93124
6531.59489	35.12028
6532.22858	23.11213
6532.86236	30.65072
6533.49623	30.43539
6534.1302	22.34021
6534.76426	12.19345
6535.39841	8.76946
6536.03265	13.71258
6536.66698	15.27232
6537.30141	9.10728
6537.93593	7.62957
6538.57054	20.43619
6539.20525	41.28544
6539.84004	55.82458
6540.47493	56.42294
6541.10991	45.50876
6541.74499	23.11704
6542.38015	0
6543.01541	0
6543.65076	0.05057
6544.28621	16.46163
6544.92175	56.78534
6545.55737	99.61702
6546.1931	117.38039
6546.82891	114.12748
6547.46482	91.96996
6548.10082	25.30852
6548.73691	4.08378
6549.3731	0
6550.00937	0.03468
6550.64574	11.19825
6551.28221	17.68375
6551.91876	12.05378
6552.55541	5.37319
6553.19215	8.427
6553.82899	21.40237
6554.46592	33.03669
6555.10294	33.04714
6555.74005	20.98987
6556.37726	7.28843
6557.01455	3.68479
6557.65195	10.0221
6558.28943	14.26753
6558.92701	13.84582
6559.56468	13.64556
6560.20244	0
6560.8403	0.06137
6561.47825	19.95299
6562.11629	92.27344
6562.75443	154.96363
6563.39266	200.93926
6564.03098	173.61121
6564.66939	140.03811
6565.3079	106.99327
6565.9465	38.24633
6566.5852	31.22174
6567.22399	24.6982
6567.86287	15.24917
6568.50184	1.37605
6569.14091	0
6569.78007	0.00618
6570.41932	1.98435
6571.05867	3.28545
6571.69811	8.29E-4
6572.33765	0.31921
6572.97727	17.50919
6573.61699	46.89017
6574.25681	65.36258
6574.89672	55.38403
6575.53672	23.80432
6576.17681	0.00177
6576.817	0.64444
6577.45728	25.73538
6578.09766	0.85696
6578.73812	0
6579.37869	0
6580.01934	0
6580.66009	0.17707
6581.30093	56.82881
6581.94187	126.96233
6582.5829	154.96568
6583.22402	112.93607
6583.86524	66.24162
6584.50655	45.02633
6585.14796	74.20963
6585.78946	109.3564
6586.43105	120.38507
6587.07273	97.33733
6587.71451	51.28625
6588.35639	63.39134
6588.99835	92.57772
6589.64042	52.46481
6590.28257	6.20187
6590.92482	0
6591.56716	0
6592.2096	0.0267
6592.85213	8.64886
6593.49475	52.98431
6594.13747	49.77875
6594.78029	41.09703
6595.42319	29.34345
6596.06619	12.41632
6596.70929	4.11713
6597.35248	2.30393
6597.99576	2.05303
6598.63913	1.20318
6599.28261	1.0979
6599.92617	5.95411
6600.56983	14.16944
6601.21358	17.96485
6601.85743	14.39289
6602.50137	10.58607
6603.14541	15.41671
6603.78954	26.36107
6604.43376	33.22322
6605.07808	13.27207
6605.72249	0
6606.367	0
6607.0116	0.12325
6607.6563	39.26778
6608.30109	87.28029
6608.94597	118.13517
6609.59095	84.44715
6610.23603	20.89971
6610.8812	0.71841
6611.52646	0.03445
6612.17181	10.9937
6612.81727	34.49032
6613.46281	50.88312
6614.10845	51.88852
6614.75419	0
6615.40002	0
6616.04594	0.76621
6616.69196	7.6673
6617.33807	4.91093
6617.98428	0.18654
6618.63058	0.00426
6619.27698	1.38197
6619.92347	14.42166
6620.57006	73.20507
6621.21674	123.7788
6621.86352	153.99889
6622.51039	154.22801
6623.15736	159.08417
6623.80442	163.62376
6624.45157	130.9253
6625.09882	79.76196
6625.74617	46.1591
6626.39361	18.17181
6627.04114	28.53322
6627.68877	80.09318
6628.3365	119.16992
6628.98432	100.67605
6629.63223	60.5239
6630.28024	10.05294
6630.92835	0
6631.57655	13.88283
6632.22484	41.88636
6632.87323	34.90265
6633.52172	9.09725
6634.1703	0
6634.81897	0
6635.46774	0
6636.11661	14.02266
6636.76557	4.80302
6637.41462	0.87523
6638.06378	25.69066
6638.71302	70.14056
6639.36236	119.74797
6640.0118	136.4175
6640.66133	106.52578
6641.31096	48.37437
6641.96068	15.55928
6642.6105	5.62419
6643.26042	0.73543
6643.91042	5.6057
6644.56053	24.93189
6645.21073	49.61766
6645.86102	62.95263
6646.51141	51.55634
6647.1619	21.78299
6647.81248	1.31257
6648.46316	10.964
6649.11393	61.88834
6649.7648	103.09933
6650.41576	83.3429
6651.06682	25.14279
6651.71798	0
6652.36923	0
6653.02058	0
6653.67202	0
6654.32356	0.11018
6654.97519	34.49924
6655.62692	27.65396
6656.27874	45.1829
6656.93066	119.15741
6657.58268	150.06557
6658.23479	175.4715
6658.887	199.54291
6659.5393	226.61303
6660.1917	219.51513
6660.8442	139.13918
6661.49679	55.9027
6662.14948	0
6662.80226	4.68721
6663.45514	0.49066
6664.10812	6.13249
6664.76119	10.4412
6665.41435	5.5966
6666.06762	0.48094
6666.72098	0
6667.37443	24.93039
6668.02798	2.63785
6668.68163	0
6669.33537	0
6669.98921	0
6670.64315	0
6671.29718	21.08123
6671.95131	692.44519
6672.60554	1640.1346
6673.25986	2666.80042
6673.91427	3020.64567
6674.56879	2666.94814
6675.2234	1887.22296
6675.8781	1169.45318
6676.5329	671.25554
6677.1878	307.65319
6677.8428	71.14859
6678.49789	4.8179
6679.15308	0
6679.80836	0
6680.46374	0
6681.11922	0
6681.77479	0.19165
6682.43046	59.5674
6683.08623	46.85941
6683.74209	34.43099
6684.39805	0
6685.05411	0
6685.71026	0
6686.36651	0
6687.02285	0.14244
6687.6793	44.58471
6688.33584	150.65888
6688.99247	260.88214
6689.64921	260.97683
6690.30603	208.15509
6690.96296	155.86264
6691.61998	114.74911
6692.2771	55.97836
6692.93432	67.28483
6693.59163	115.89296
6694.24904	99.11614
6694.90655	39.64896
6695.56415	0
6696.22185	0
6696.87965	0
6697.53755	0
6698.19554	0
6698.85363	0.14042
6699.51181	43.64731
6700.17009	95.54048
6700.82847	77.79397
6701.48695	41.19517
6702.14552	23.07253
6702.8042	45.5061
6703.46296	67.94297
6704.12183	139.06303
6704.78079	202.09811
6705.43985	172.82036
6706.09901	88.35459
6706.75826	6.10507
6707.41761	0
6708.07706	0
6708.7366	0
6709.39625	0
6710.05599	0
6710.71582	0
6711.37576	0
6712.03579	0
6712.69592	433.96352
6713.35615	1220.27224
6714.01647	2033.82318
6714.67689	2483.17762
6715.33741	2393.80652
6715.99803	2135.64485
6716.65874	1834.28257
6717.31955	1530.57829
6717.98046	1098.14728
6718.64147	613.47042
6719.30257	245.83667
6719.96377	32.25615
6720.62507	0
6721.28647	0
6721.94796	0
6722.60956	0
6724.59492	0
6725.2569	0
6725.91898	0
6726.58116	0
6727.24344	0.08897
6727.90581	27.76538
6728.56828	156.09906
6729.23085	274.70946
6729.89352	269.17057
6730.55629	247.53392
6731.21915	262.43204
6731.88211	292.40309
6732.54517	313.61773
6733.20833	313.07274
6733.87158	230.09011
6734.53494	132.13281
6735.19839	48.75516
6735.86194	1.55857
6736.52558	2.51379
6737.18933	0.05954
6737.85317	18.19089
6738.51712	0
6739.18116	0
6739.84529	0
6740.50953	0
6741.17386	0
6741.8383	0.16664
6742.50283	51.21694
6743.16746	109.16295
6743.83218	101.73696
6744.49701	66.5374
6745.16193	23.97101
6745.82696	12.9779
6746.49208	12.6847
6747.1573	8.11944
6747.82261	0
6748.48803	0
6749.15354	0
6749.81916	0
6750.48487	0
6751.15068	0
6751.81659	0.15619
6752.48259	48.8702
6753.1487	406.19849
6753.8149	816.64593
6754.4812	1252.21702
6755.14761	1396.06707
6755.81411	1449.41893
6756.4807	1415.98442
6757.1474	1310.92834
6757.8142	1176.79795
6758.48109	1057.83129
6759.14808	735.89323
6759.81518	375.03643
6760.48237	69.20644
6761.14966	0
6761.81704	0
6762.48453	0
6763.15212	0
6765.15547	0
6765.82345	0
6766.49153	0
6767.15971	0
6767.82799	112.33455
6768.49636	274.47119
6769.16484	440.55906
6769.83342	429.79649
6770.50209	336.3313
6771.17086	216.63501
6771.83974	113.35384
6772.50871	122.69137
6773.17778	144.14666
6773.84695	224.01834
6774.51622	229.07737
6775.18559	123.76301
6775.85505	12.90538
6776.52462	0
6777.19429	0
6777.86405	0
6778.53392	0
6779.20388	0.14378
6779.87394	43.81515
6780.54411	105.46409
6781.21437	63.62359
6781.88473	2.12878
6782.55519	0
6783.22575	0
6783.89641	0.0908
6784.56717	27.72593
6785.23803	93.89109
6785.90899	90.78694
6786.58004	20.87307
6787.2512	0.11309
6787.92246	7.53242
6788.59382	9.26192
6789.26527	0
6789.93683	0
6790.60848	0
6791.28024	0
6791.95209	1.60781
6792.62405	123.86447
6793.2961	354.3215
6793.96825	571.08481
6794.64051	606.65525
6795.31286	603.7715
6795.98531	617.49968
6796.65787	653.91304
6797.33052	704.76139
6798.00327	743.26258
6798.67612	737.84214
6799.34908	526.01033
6800.02213	282.09012
6800.69528	88.67299
6801.36853	1.53835
6802.04189	0
6802.71534	0
6803.38889	0
6804.06254	0
6804.73629	0
6805.41015	0
6806.0841	0
6806.75815	0
6807.4323	0.57204
6808.10656	51.65828
6808.78091	121.70235
6809.45536	165.87377
6810.12992	175.61703
6810.80457	167.33441
6811.47932	129.56269
6812.15418	25.19421
6812.82913	0.52257
6813.50419	40.65934
6814.17934	157.92736
6814.8546	214.13387
6815.52996	145.423
6816.20541	76.49593
6816.88097	0.43495
6817.55663	0
6818.23238	0.03523
6818.90824	10.56308
6819.5842	5.84454
6820.26026	22.0038
6820.93642	0
6821.61268	0
6822.28904	0
6822.9655	0
6823.64206	0
6824.31873	0
6824.99549	0.04136
6825.67235	12.57571
6826.34932	64.34842
6827.02638	33.47489
6827.70355	21.24488
6828.38082	40.10633
6829.05818	114.78443
6829.73565	98.81611
6830.41322	32.92981
6831.09089	0
6831.76866	0
6832.44654	0.08792
6833.12451	26.69513
6833.80258	140.62537
6834.48076	265.57912
6835.15903	398.22648
6835.83741	413.93795
6836.51589	397.24875
6837.19446	352.98234
6837.87314	295.4799
6838.55192	247.34329
6839.23081	221.0195
6839.90979	171.33643
6840.58887	92.51912
6841.26806	29.1438
6841.94734	3.28603
6842.62673	0.20983
6843.30622	20.48358
6843.98581	2.0128
6844.6655	0
6845.34529	0
6846.02519	0
6846.70518	0
6847.38528	0
6848.06548	1.54784
6848.74577	33.51629
6849.42618	3.39836
6850.10668	6.73016
6850.78728	78.04335
6851.46798	124.54595
6852.14879	130.6037
6852.8297	101.73108
6853.51071	32.30282
6854.19182	3.23834
6854.87303	0.3754
6855.55434	8.12071
6856.23576	29.59487
6856.91728	82.6153
6857.59889	96.21169
6858.28061	40.94947
6858.96244	0
6859.64436	0
6860.32638	0
6861.00851	0
6861.69074	0.17886
6862.37307	53.12085
6863.0555	45.62737
6863.73804	28.76408
6864.42067	12.42893
6865.10341	5.7247
6865.78625	14.4966
6866.46919	37.49561
6867.15223	45.23248
6867.83538	38.61987
6868.51862	19.50254
6869.20197	0
6869.88542	0.0217
6870.56898	6.64867
6871.25263	69.66392
6871.93639	123.93928
6872.62025	182.46406
6873.30421	162.58043
6873.98827	134.05993
6874.67244	71.13187
6875.35671	22.60664
6876.04108	7.09875
6876.72555	8.05961
6877.41012	11.2248
6878.0948	5.58242
6878.77958	0
6879.46446	0.00379
6880.14944	1.18407
6880.83453	20.20739
6881.51972	44.71121
6882.20501	102.44417
6882.8904	84.15764
6883.57589	41.44417
6884.26149	3.86975
6884.94719	7.59034
6885.63299	0.39171
6886.3189	6.01253
6887.0049	8.44058
6887.69101	0
6888.37723	0
6889.06354	0.10682
6889.74996	31.64165
6890.43648	63.08468
6891.1231	55.45171
6891.80983	62.85769
6892.49666	58.63944
6893.18359	37.83831
6893.87062	9.21188
6894.55775	0.00956
6895.24499	2.92033
6895.93234	33.0929
6896.61978	41.68148
6897.30733	5.55568
6897.99498	0
6898.68273	0.14172
6899.37058	41.81432
6900.05854	63.81456
6900.7466	72.84375
6901.43477	12.40514
6902.12304	0
6902.81141	0
6903.49988	0
6904.18846	0
6904.87714	13.25113
6905.56592	14.67826
6906.2548	6.51808
6906.94379	9.03925
6907.63288	32.57648
6908.32208	71.03972
6909.01138	108.19728
6909.70078	112.12038
6910.39028	64.64757
6911.07989	39.40117
6911.7696	50.02784
6912.45941	69.90278
6913.14933	119.2669
6913.83935	202.06887
6914.52947	313.79379
6915.2197	409.78499
6915.91003	454.66339
6916.60047	422.58218
6917.291	309.0479
6917.98164	179.45358
6918.67239	90.51457
6919.36324	26.20612
6920.05419	22.89114
6920.74524	43.81408
6921.4364	1.80623
6922.12766	0
6922.81903	0.00379
6923.51049	1.11605
6924.20207	3.09488
6924.89374	6.8264
6925.58552	16.04039
6926.27741	51.84081
6926.96939	73.60755
6927.66148	48.85417
6928.35368	16.4346
6929.04598	0
6929.73838	0
6930.43088	0.04958
6931.12349	14.53589
6931.81621	27.45314
6932.50902	34.10208
6933.20195	55.79507
6933.89497	99.39337
6934.5881	104.78573
6935.28133	62.2909
6935.97467	12.56738
6936.66811	0
6937.36165	0
6938.0553	0.03918
6938.74906	11.58104
6939.44291	55.05359
6940.13687	100.0292
6940.83094	99.82273
6941.52511	48.15288
6942.21938	0
6942.91376	0
6943.60824	0.01963
6944.30283	5.78881
6944.99752	25.62401
6945.69231	16.71981
6946.38721	0
6947.08221	0.15835
6947.77732	46.37739
6948.47253	124.92863
6949.16785	192.22808
6949.86327	194.43448
6950.55879	141.7292
6951.25442	86.70406
6951.95015	61.83901
6952.64599	110.09162
6953.34193	126.4941
6954.03798	65.41076
6954.73413	14.57473
6955.43039	9.14229
6956.12675	14.45689
6956.82322	124.3947
6957.51978	186.09542
6958.21646	121.26719
6958.91324	47.60775
6959.61012	0
6960.30711	0
6961.0042	0.00216
6961.7014	6.5904
6962.3987	18.46646
6963.09611	11.02198
6963.79362	1.02341
6964.49124	14.30885
6965.18896	56.66869
6965.88679	117.03586
6966.58472	111.69947
6967.28276	68.27287
6967.9809	30.59342
6968.67914	0.19354
6969.3775	0
6970.07595	0
6970.77451	0
6971.47318	0.00716
6972.17195	2.13616
6972.87083	20.42326
6973.56981	67.71401
6974.26889	125.35444
6974.96809	122.80518
6975.66738	71.28601
6976.36679	11.24664
6977.06629	0
6977.7659	0
6978.46562	0
6979.16545	0.15715
6979.86537	45.64328
6980.56541	109.71496
6981.26555	109.80484
6981.96579	63.23931
6982.66614	9.28251
6983.36659	0.6857
6984.06715	14.47005
6984.76782	41.0044
6985.46859	0
6986.16947	0
6986.87045	0.05345
6987.57154	15.73397
6988.27273	105.57631
6988.97403	188.26543
6989.67543	165.68022
6990.37694	95.3533
6991.07856	52.93048
6991.78028	88.62581
6992.48211	143.48475
6993.18404	168.11153
6993.88608	116.41936
6994.58822	44.18916
6995.29047	40.49387
6995.99283	73.42952
6996.69529	109.45077
6997.39785	140.01234
6998.10053	128.27872
6998.80331	89.14194
6999.50619	38.06667
7000.20918	7.26399
7000.91228	7.55213
7001.61548	26.79615
7002.31879	30.3086
7003.0222	7.28066
7003.72572	0
7004.42935	2.9336
7005.13308	8.19387
7005.83692	7.60159
7006.54086	2.4068
7007.24491	1.78317
7007.94907	15.39757
7008.65333	57.68037
7009.3577	110.14414
7010.06218	128.02546
7010.76676	96.69051
7011.47144	48.90489
7012.17624	15.65477
7012.88114	5.0986
7013.58614	3.3915
7014.29126	8.0262
7014.99648	18.6207
7015.7018	53.4144
7016.40723	80.68463
7017.11277	69.54231
7017.81842	27.11147
7018.52417	0.31459
7019.23002	0.843
7019.93599	29.10478
7020.64206	0
7021.34824	0
7022.05452	0
7022.76091	0
7023.46741	0
7024.17401	0.07905
7024.88072	22.79376
7025.58754	73.97911
7026.29446	86.41861
7027.00149	40.99871
7027.70863	16.0892
7028.41587	0.30403
7029.12322	0.87648
7029.83068	8.48022
7030.53824	15.69469
7031.24591	17.1874
7031.95369	15.29811
7032.66157	16.32171
7033.36956	23.14858
7034.07766	39.43493
7034.78587	36.01305
7035.49418	29.39598
7036.2026	34.42711
7036.91113	8.45205
7037.61976	0
7038.3285	0
7039.03735	0
7039.7463	0
7040.45536	0
7041.16453	0
7041.87381	307.24119
7042.58319	2940.29155
7043.29268	6531.40665
7044.00228	10405.88966
7044.71198	11489.19537
7045.42179	10108.47181
7046.13171	7148.94211
7046.84174	4450.71019
7047.55187	2550.27324
7048.26211	1152.64563
7048.97246	247.71419
7049.68292	16.02026
7050.39348	0
7051.10415	0
7051.81493	0
7052.52582	0
7053.23681	0.02676
7053.94791	7.57643
7054.65912	0
7055.37043	0
7056.08186	0
7056.79339	0
7057.50503	0
7058.21677	1.85255
7058.92863	527.65411
7059.64059	1018.67353
7060.35266	1461.45771
7061.06483	1251.18368
7061.77712	997.03897
7062.48951	729.88327
7063.20201	478.15808
7063.91462	283.61582
7064.62734	209.20143
7065.34016	239.61956
7066.05309	146.26364
7066.76613	21.13404
7067.47928	0
7068.19254	0.0401
7068.9059	11.31627
7069.61937	0
7070.33295	0
7071.04664	0
7071.76043	0
7072.47434	0
7073.18835	0.25658
7073.90247	73.08974
7074.6167	211.42443
7075.33103	292.442
7076.04548	314.86848
7076.76003	263.68435
7077.47469	145.22088
7078.18946	0
7078.90434	0
7079.61933	0
7080.33442	0
7081.76493	0
7082.48035	0
7083.19588	0
7083.91152	0
7084.62726	5.91127
7085.34312	1678.94632
7086.05908	4668.14313
7086.77515	7616.05533
7087.49133	9890.49147
7088.20761	9522.43669
7088.92401	8626.33968
7089.64051	7379.44049
7090.35713	5688.63248
7091.07385	3458.44415
7091.79068	1703.87544
7092.50762	553.30843
7093.22467	0
7093.94182	0
7094.65909	0
7095.37646	0
7097.52924	0
7098.24705	0
7098.96497	0
7099.68299	0
7100.40113	0.43489
7101.11938	124.75342
7101.83773	809.47911
7102.55619	1440.31488
7103.27477	1817.33717
7103.99345	1557.62708
7104.71224	1244.65962
7105.43114	935.15068
7106.15015	696.63562
7106.86926	579.65436
7107.58849	562.07609
7108.30783	543.10367
7109.02727	296.01545
7109.74683	68.08414
7110.46649	0
7111.18627	0
7111.90615	0
7112.62614	0
7114.06645	0
7114.78677	0
7115.5072	0
7116.22774	0
7116.94839	0.11561
7117.66914	32.63716
7118.39001	98.54193
7119.11099	52.5161
7119.83207	0
7120.55327	0
7121.27458	0
7121.99599	0
7124.16089	0
7124.88275	0
7125.60471	0
7126.32678	0
7127.04897	4.75721
7127.77126	1336.73804
7128.49366	3142.12264
7129.21617	4899.36837
7129.9388	5603.64453
7130.66153	5562.65449
7131.38437	5362.75205
7132.10732	5045.06754
7132.83038	4640.71145
7133.55355	3941.27101
7134.27684	2405.9825
7135.00023	1117.37704
7135.72373	141.32256
7136.44734	0
7137.17106	0
7137.8949	0
7138.61884	0
7140.06705	0
7140.79132	0
7141.51571	0
7142.2402	0
7142.9648	0.79626
7143.68952	223.60926
7144.41434	698.00194
7145.13928	1114.24559
7145.86432	900.75333
7146.58947	848.87924
7147.31474	926.56474
7148.04012	1008.05554
7148.7656	1013.93673
7149.4912	924.68625
7150.2169	760.79734
7150.94272	555.89881
7151.66865	319.42365
7152.39469	130.64863
7153.12084	0
7153.8471	0
7154.57347	0
7155.29995	0
7156.02654	0
7156.75324	0
7157.48006	0
7158.20698	0
7158.93401	0.01959
7159.66116	5.4258
7160.38842	1.70233
7161.11578	0
7161.84326	0.07165
7162.57085	19.92022
7163.29855	29.81077
7164.02636	0
7164.75428	0
7165.48231	0
7166.21045	0
7166.93871	0
7167.66707	0
7168.39555	0
7169.12414	1.48105
7169.85284	413.46356
7170.58165	1254.14135
7171.31057	2178.38993
7172.0396	2968.57615
7172.76874	3098.00408
7173.498	3084.57271
7174.22736	2914.88471
7174.95684	2626.52165
7175.68643	2303.39331
7176.41612	2031.52143
7177.14593	1534.34869
7177.87586	809.57186
7178.60589	165.2371
7179.33603	0
7180.06629	0
7180.79666	0
7181.52714	0
7182.98843	0
7183.71924	0
7184.45017	0
7185.1812	0
7185.91235	0.33304
7186.64361	93.08533
7187.37498	401.49661
7188.10646	686.62444
7188.83806	606.09274
7189.56977	409.23686
7190.30158	268.84426
7191.03351	307.56616
7191.76555	474.69127
7192.49771	657.84102
7193.22997	809.09978
7193.96235	718.87449
7194.69484	426.41958
7195.42744	112.5564
7196.16015	0
7196.89298	0
7197.62591	0
7198.35896	0
7199.09212	0
7199.82539	0.02477
7200.55878	6.7955
7201.29227	0.2588
7202.02588	0
7202.7596	0
7203.49344	0
7204.22738	0
7204.96144	0.05434
7205.69561	14.92227
7206.42989	8.89539
7207.16428	0
7207.89879	0
7208.63341	0
7209.36814	0
7210.10298	0
7210.83794	0
7211.573	1.0384
7212.30818	286.58764
7213.04348	664.54184
7213.77888	1016.92467
7214.5144	1073.96839
7215.25003	1017.86581
7215.98577	979.60218
7216.72163	981.64315
7217.45759	1002.90056
7218.19367	996.27711
7218.92987	925.57368
7219.66617	775.32174
7220.40259	473.13134
7221.13912	206.89629
7221.87576	0
7222.61252	0
7223.34939	0
7224.08637	0
7224.82347	0
7225.56067	0
7226.29799	0.00927
7227.03543	2.527
7227.77297	0
7228.51063	0.07695
7229.2484	21.50924
7229.98629	144.25497
7230.72429	229.42011
7231.4624	160.32096
7232.20062	173.62666
7232.93896	225.34451
7233.67741	328.84341
7234.41597	421.13498
7235.15465	477.41492
7235.89343	425.01897
7236.63234	269.68805
7237.37135	123.93928
7238.11048	24.68513
7238.84972	0
7239.58908	0
7240.32855	0.03586
7241.06813	9.8458
7241.80782	24.62724
7242.54763	0
7243.28755	0
7244.02759	0
7244.76774	0
7245.508	0
7246.24838	0
7246.98886	0.31712
7247.72947	86.97627
7248.47018	226.23102
7249.21101	330.84947
7249.95196	279.12499
7250.69301	139.28263
7251.43418	2.64216
7252.17547	0.00188
7252.91687	1.07551
7253.65838	154.9968
7254.4	333.18507
7255.14174	479.94777
7255.88359	311.14503
7256.62556	105.48312
7257.36764	103.78431
7258.10984	297.89737
7258.85214	470.75134
7259.59457	598.26236
7260.3371	671.78793
7261.07975	683.70583
7261.82251	502.90489
7262.56539	291.46874
7263.30838	123.17421
7264.05149	8.56981
7264.79471	10.44318
7265.53804	0
7266.28149	0
7267.02505	0
7267.76873	0
7268.51252	0
7269.25642	0.06106
7270.00044	16.64142
7270.74458	35.62181
7271.48882	31.63813
7272.23318	81.70566
7272.97766	129.58117
7273.72225	88.19364
7274.46695	36.29331
7275.21177	21.79956
7275.95671	50.21614
7276.70175	101.665
7277.44692	151.94684
7278.19219	167.99528
7278.93758	115.42399
7279.68309	53.35307
7280.42871	0
7281.17444	0.00489
7281.92029	1.32131
7282.66626	0.45999
7283.41234	0
7284.15853	0.02696
7284.90484	7.26725
7285.65126	0
7286.3978	0
7287.14445	0
7287.89122	0
7288.6381	0
7289.38509	0
7290.1322	0.40556
7290.87943	110.24053
7291.62677	279.99041
7292.37423	458.23819
7293.1218	467.27387
7293.86948	333.54967
7294.61729	165.27415
7295.3652	0.72007
7296.11323	165.70117
7296.86138	257.04017
7297.60964	278.75885
7298.35801	235.91856
7299.10651	162.47855
7299.85511	135.54239
7300.60383	193.58545
7301.35267	264.59035
7302.10162	312.67852
7302.85069	247.91193
7303.59987	154.38669
7304.34917	37.94832
7305.09858	0
7305.84811	0
7306.59775	0
7307.34751	0.0079
7308.09739	2.32506
7308.84738	55.13557
7309.59748	56.23016
7310.3477	9.70464
7311.09804	0
7311.84849	0
7312.59906	0.30149
7313.34974	81.47111
7314.10054	175.27113
7314.85146	169.04611
7315.60249	109.61335
7316.35363	1.22537
7317.10489	14.67927
7317.85627	58.58471
7318.60776	118.8617
7319.35937	116.95758
7320.1111	66.87585
7320.86294	21.24814
7321.61489	6.21686
7322.36696	17.08819
7323.11915	2.77246
7323.87146	0
7324.62387	0
7325.37641	0
7326.12906	0
7326.88183	0
7327.63471	0.06111
7328.38771	34.71183
7329.14083	25.76202
7329.89406	3.27171
7330.64741	0
7331.40087	0
7332.15445	0.18391
7332.90815	105.55751
7333.66196	227.50634
7334.41589	341.10864
7335.16993	232.2527
7335.9241	36.93134
7336.67837	140.96653
7337.43277	273.16334
7338.18728	332.63306
7338.9419	309.52395
7339.69665	225.13567
7340.45151	157.9869
7341.20648	202.87124
7341.96158	287.22174
7342.71679	358.59229
7343.47211	315.35556
7344.22755	199.74854
7344.98311	79.40012
7345.73879	35.3131
7346.49458	24.99341
7347.25049	8.99676
7348.00651	0
7348.76266	0
7349.51891	0
7350.27529	0
7351.03178	6.77353
7351.78839	22.16557
7352.54512	43.15352
7353.30196	140.04029
7354.05892	215.67766
7354.816	245.74333
7355.57319	202.64835
7356.3305	114.47384
7357.08793	43.54283
7357.84547	8.2874
7358.60313	2.92165
7359.36091	0.00876
7360.11881	0
7360.87682	0.12522
7361.63495	37.85623
7362.39319	106.07319
7363.15156	115.53767
7363.91004	39.37143
7364.66864	0.07059
7365.42735	0
7366.18618	0
7366.94513	1.65738
7367.7042	37.64987
7368.46339	43.1481
7369.22269	12.17945
7369.98211	0
7370.74164	0
7371.5013	0
7372.26107	0
7373.02096	0
7373.78097	10.53234
7374.54109	27.18005
7375.30133	83.90935
7376.06169	177.39958
7376.82217	276.84838
7377.58276	294.51867
7378.34347	225.19092
7379.1043	101.65112
7379.86525	47.53623
7380.62632	59.19274
7381.3875	169.56721
7382.1488	209.96571
7382.91022	195.4454
7383.67175	130.72509
7384.43341	28.48232
7385.19518	51.53833
7385.95707	92.52889
7386.71908	198.86583
7387.4812	248.48202
7388.24345	213.6157
7389.00581	130.31307
7389.76829	48.72436
7390.53088	0.00749
7391.2936	1.97809
7392.05643	0.5373
7392.81938	0.30963
7393.58245	0.86135
7394.34564	6.19216
7395.10895	5.51114
7395.87237	0.63415
7396.63592	0.28207
7397.39958	1.58317
7398.16336	6.57241
7398.92725	7.37283
7399.69127	4.31297
7400.4554	5.01076
7401.21966	45.60245
7401.98403	111.69964
7402.74852	186.48835
7403.51312	238.27917
7404.27785	199.58479
7405.04269	112.42859
7405.80766	27.01713
7406.57274	0.05435
7407.33794	0
7408.10326	0
7408.8687	2.12962
7409.63425	0.03448
7410.39993	0.21639
7411.16572	2.14218
7411.93163	0
7412.69766	0
7413.46381	0
7414.23008	0
7414.99647	0.01022
7415.76297	28.10176
7416.5296	35.70592
7417.29634	10.15841
7418.06321	7.86704
7418.83019	16.88479
7419.59729	55.93446
7420.36451	117.70038
7421.13185	148.67431
7421.8993	171.88615
7422.66688	179.46736
7423.43458	167.05169
7424.20239	134.20294
7424.97033	33.27617
7425.73838	2.31082
7426.50655	9.33965
7427.27484	42.77732
7428.04325	115.48134
7428.81178	138.53422
7429.58043	117.27653
7430.3492	61.44597
7431.11809	34.56285
7431.8871	28.53719
7432.65622	4.61467
7433.42547	0
7434.19484	0
7434.96432	0.00951
7435.73393	2.71301
7436.50365	58.9564
7437.27349	143.7642
7438.04346	221.02659
7438.81354	209.2734
7439.58374	130.10018
7440.35406	56.25549
7441.1245	0
7441.89507	0
7442.66575	2.76916
7443.43655	42.28296
7444.20747	78.08362
7444.97851	55.29027
7445.74967	8.41491
7446.52095	0
7447.29235	6.85109
7448.06387	38.69123
7448.8355	65.40439
7449.60726	38.56492
7450.37914	11.71394
7451.15114	0
7451.92326	0
7452.6955	0
7453.46786	0
7454.24034	0
7455.01294	0
7455.78566	0
7456.5585	3723.0996
7457.33146	10355.69279
7458.10454	17601.41875
7458.87774	22060.28399
7459.65106	20325.53233
7460.4245	15251.80965
7461.19806	9743.26256
7461.97174	5614.43705
7462.74554	2641.60921
7463.51947	626.34371
7464.29351	42.72615
7465.06767	0
7465.84195	0
7466.61636	0
7467.39088	0
7469.71518	0
7470.49019	0
7471.26531	0
7472.04056	0
7472.81593	0.60874
7473.59142	163.19664
7474.36703	1314.9038
7475.14276	2379.02462
7475.91861	2982.79318
7476.69458	2541.37114
7477.47068	2080.43624
7478.24689	1669.0127
7479.02322	1348.66483
7479.79968	1119.56741
7480.57626	772.23348
7481.35295	403.93127
7482.12977	81.76248
7482.90671	0
7483.68377	0
7484.46095	0
7485.23826	0
7487.57089	0
7488.34868	0
7489.12659	0
7489.90462	0
7490.68277	0.20099
7491.46104	52.76487
7492.23943	187.31508
7493.01795	271.92434
7493.79658	202.23729
7494.57534	0
7495.35422	0
7496.13322	0
7496.91234	0
7497.69159	0
7498.47095	0
7499.25044	0
7500.03004	0
7500.80977	1.2112
7501.58963	332.61024
7502.3696	5094.76672
7503.14969	10918.38877
7503.92991	16787.43237
7504.71025	18308.20235
7505.4907	17006.89972
7506.27129	14962.20269
7507.05199	12588.84301
7507.83281	10235.94263
7508.61376	6248.32979
7509.39483	3016.76118
7510.17602	702.09795
7510.95733	0
7511.73877	0
7512.52032	0
7513.302	0
7514.86572	0
7515.64777	0
7516.42993	0
7517.21222	0
7517.99463	0.99592
7518.77716	263.26786
7519.55982	1730.11864
7520.34259	3067.72766
7521.12549	4006.07166
7521.90852	3682.3424
7522.69166	3244.9839
7523.47493	2748.69349
7524.25831	2254.29898
7525.04182	1819.73709
7525.82546	1495.56137
7526.60921	937.5197
7527.39309	381.98889
7528.17709	0
7528.96122	0
7529.74546	0
7530.52983	0
7543.0964	0
7543.88286	0
7544.66944	0
7545.45614	0
7546.24296	9.27864
7547.02991	2401.92903
7547.81698	6111.97173
7548.60417	9803.36782
7549.39149	12031.59688
7550.17893	11866.63362
7550.96649	11183.45579
7551.75418	10129.04373
7552.54199	8873.31258
7553.32992	7558.87718
7554.11798	4816.70451
7554.90616	2436.22946
7555.69446	527.53924
7556.48289	0
7557.27144	0
7558.06011	0
7558.84891	0
7560.42687	0
7561.21604	0
7562.00533	0
7562.79474	0
7563.58428	3.37289
7564.37394	869.0842
7565.16373	1873.50003
7565.95364	2876.87079
7566.74367	2838.16816
7567.53383	2623.74029
7568.32411	2361.1368
7569.11451	2122.89147
7569.90504	1966.34863
7570.69569	1883.1311
7571.48646	1259.48296
7572.27736	593.04483
7573.06839	42.62598
7573.85954	0
7574.65081	0
7575.4422	0
7576.23372	0
7581.77783	0
7582.57034	0
7583.36298	0
7584.15574	0
7584.94863	0.12167
7585.74164	30.96616
7586.53477	0
7587.32803	0
7588.12141	0
7588.91492	0
7589.70855	0
7590.50231	0.28968
7591.29619	79.24332
7592.0902	1434.15212
7592.88433	3268.18544
7593.67858	5201.20287
7594.47296	6252.2039
7595.26746	6242.58231
7596.06209	5927.0949
7596.85685	5434.71516
7597.65172	4897.60908
7598.44673	4395.79699
7599.24185	3498.85709
7600.03711	2017.00194
7600.83248	729.39904
7601.62799	0
7602.42361	0
7603.21936	0
7604.01524	0
7604.81124	0
7605.60737	0
7606.40362	0
7607.2	0
7607.9965	0.26394
7608.79313	69.93327
7609.58988	774.08958
7610.38676	1437.37946
7611.18376	1726.33983
7611.98089	1570.33747
7612.77814	1336.11669
7613.57552	1014.82007
7614.37302	692.47451
7615.17065	627.49499
7615.96841	887.3077
7616.76629	1170.50018
7617.56429	796.38412
7618.36242	319.56335
7619.16068	0
7619.95906	0
7620.75756	0
7621.5562	0
7632.75024	0
7633.55076	0
7634.35141	0
7635.15218	0
7635.95307	1.5193
7636.7541	387.16348
7637.55524	1014.18191
7638.35652	1772.41074
7639.15792	2484.21217
7639.95944	2690.14449
7640.7611	2733.42108
7641.56288	2600.7486
7642.36478	2333.96507
7643.16681	2016.68571
7643.96897	1737.72279
7644.77125	1539.70488
7645.57366	1001.55921
7646.3762	421.32866
7647.17886	0
7647.98165	0
7648.78457	0
7649.58761	0
7650.39078	0
7651.19408	0
7651.9975	0
7652.80105	0
7653.60472	0.78689
7654.40852	200.0164
7655.21245	550.26812
7656.0165	856.85876
7656.82069	730.13255
7657.62499	514.71258
7658.42943	240.68921
7659.23399	60.47148
7660.03868	399.39113
7660.84349	685.696
7661.64844	903.29457
7662.4535	639.75493
7663.2587	322.36012
7664.06402	0
7664.86947	0
7665.67505	0
7666.48075	0
7667.28658	0
7668.09254	0
7668.89863	0.15687
7669.70484	39.33106
7670.51118	0
7671.31764	0
7672.12424	0
7672.93096	0
7673.73781	0.49268
7674.54478	124.84919
7675.35188	356.87355
7676.15911	586.43106
7676.96647	559.86891
7677.77396	370.0713
7678.58157	203.35192
7679.38931	158.53384
7680.19717	233.37165
7681.00517	406.70791
7681.81329	657.89008
7682.62154	881.47205
7683.42992	906.39731
7684.23842	915.24427
7685.04705	919.60246
7685.85581	917.90122
7686.6647	885.30949
7687.47372	785.89248
7688.28286	598.44721
7689.09213	340.60104
7689.90153	174.16628
7690.71106	388.93179
7691.52071	399.39489
7692.33049	157.06413
7693.1404	0
7693.95044	0
7694.7606	0
7695.5709	0
7696.38132	0
7697.19187	0
7698.00255	0
7698.81335	0.27058
7699.62429	68.18809
7700.43535	173.20621
7701.24654	191.17037
7702.05786	163.60647
7702.86931	82.85136
7703.68088	7.26765
7704.49258	29.42663
7705.30442	196.97978
7706.11637	255.84242
7706.92846	136.44187
7707.74068	11.96913
7708.55302	0
7709.3655	0
7710.1781	0
7710.99083	0
7715.05641	0
7715.86991	0
7716.68354	0
7717.4973	0
7718.31119	0.01749
7719.12521	5.80642
7719.93935	365.36394
7720.75363	693.50058
7721.56803	1005.7608
7722.38256	862.74541
7723.19722	586.0731
7724.01201	310.93751
7724.82693	206.01982
7725.64198	335.5215
7726.45715	448.87498
7727.27246	491.45795
7728.08789	493.53107
7728.90346	515.18096
7729.71915	587.80636
7730.53497	685.72077
7731.35093	756.83496
7732.16701	749.07303
7732.98322	527.26885
7733.79955	291.90665
7734.61602	94.39064
7735.43262	3.7922
7736.24935	0
7737.0662	0
7737.88319	0
7738.7003	0.13129
7739.51755	32.61302
7740.33492	22.3363
7741.15242	4.91462
7741.97006	1.93583
7742.78782	1.5143
7743.60571	1.46105
7744.42373	0.20438
7745.24189	2.32785
7746.06017	27.70663
7746.87858	28.6028
7747.69712	20.94247
7748.51579	9.70264
7749.33459	46.13657
7750.15352	145.54841
7750.97258	257.79191
7751.79176	243.36077
7752.61108	55.667
7753.43053	0
7754.25011	0
7755.06982	0
7755.88966	0
7759.9908	0
7760.81142	0
7761.63217	0
7762.45305	0
7763.27406	0.72888
7764.0952	181.61438
7764.91647	444.37964
7765.73788	720.16172
7766.55941	706.99291
7767.38107	480.49006
7768.20286	237.62254
7769.02478	31.91182
7769.84684	179.44086
7770.66902	307.9518
7771.49133	397.62099
7772.31378	438.053
7773.13635	458.00143
7773.95906	501.95834
7774.78189	586.04917
7775.60486	679.94721
7776.42796	610.62691
7777.25119	422.91973
7778.07454	197.47905
7778.89803	35.61379
7779.72165	3.84768
7780.54541	0.93919
7781.36929	0
7782.1933	0
7783.01745	0.16627
7783.84172	50.82705
7784.66613	188.71989
7785.49066	198.89702
7786.31533	88.79503
7787.14013	4.03418
7787.96506	0
7788.79012	0.2206
7789.61531	54.81529
7790.44063	154.39185
7791.26609	248.97294
7792.09167	249.27964
7792.91739	293.08122
7793.74324	265.75289
7794.56922	135.36532
7795.39533	19.69164
7796.22157	0
7797.04794	0
7797.87445	0
7798.70109	0
7804.49122	0
7805.31891	0
7806.14673	0
7806.97468	0
7807.80277	1.5097
7808.63098	61.28535
7809.45933	162.72505
7810.28781	300.99567
7811.11642	488.24241
7811.94516	703.3616
7812.77404	886.39881
7813.60304	940.47025
7814.43218	909.52913
7815.26145	800.85239
7816.09085	615.10788
7816.92039	436.32416
7817.75005	390.83417
7818.57985	443.51691
7819.40978	522.794
7820.23985	632.15217
7821.07004	695.94664
7821.90037	603.99467
7822.73083	376.46546
7823.56142	181.79611
7824.39215	53.5769
7825.223	5.0732
7826.05399	15.4342
7826.88511	0
7827.71637	0
7828.54775	0
7829.37927	0.04206
7830.21092	10.59164
7831.0427	81.16165
7831.87462	128.29318
7832.70667	64.67251
7833.53885	11.17291
7834.37116	17.28778
7835.20361	97.74256
7836.03619	140.08185
7836.8689	77.72822
7837.70175	22.14332
7838.53472	0
7839.36783	0
7840.20108	0
7841.03445	0.04325
7841.86796	10.58591
7842.7016	13.54586
7843.53538	0
7844.36929	0
7845.20333	0
7846.0375	0
7846.87181	0
7847.70625	0
7848.54082	0.44518
7849.37552	109.21622
7850.21036	226.81697
7851.04534	172.73926
7851.88044	51.2273
7852.71568	0.15407
7853.55105	38.25782
7854.38656	196.89797
7855.2222	311.5534
7856.05797	372.07885
7856.89387	234.85935
7857.72991	146.55233
7858.56609	137.16304
7859.40239	98.40478
7860.23883	11.47457
7861.0754	10.28713
7861.91211	155.16224
7862.74895	240.2586
7863.58592	300.46469
7864.42303	342.48504
7865.26027	375.70222
7866.09765	323.2552
7866.93516	219.14941
7867.7728	99.6364
7868.61057	14.17468
7869.44848	0.14233
7870.28653	34.88237
7871.1247	92.52993
7871.96302	100.02812
7872.80146	36.20976
7873.64004	0
7874.47875	0
7875.3176	0.04935
7876.15658	12.26518
7876.9957	76.59869
7877.83495	150.16353
7878.67433	157.56604
7879.51385	106.26629
7880.3535	64.278
7881.19329	22.80081
7882.03321	0.17478
7882.87326	0.06443
7883.71345	15.87857
7884.55378	71.33706
7885.39423	101.18994
7886.23483	60.72259
7887.07555	16.25156
7887.91641	23.44067
7888.75741	92.75735
7889.59854	108.36698
7890.4398	23.73964
7891.2812	0
7892.12274	0
7892.9644	0.20645
7893.80621	50.55128
7894.64815	169.00653
7895.49022	262.13086
7896.33242	196.95435
7897.17477	95.2465
7898.01724	12.76297
7898.85985	0.07829
7899.7026	19.21069
7900.54548	79.06313
7901.3885	160.60682
7902.23165	203.97737
7903.07494	199.81316
7903.91836	206.93937
7904.76191	221.98037
7905.6056	238.59816
7906.44943	234.02408
7907.29339	171.01387
7908.13749	126.4815
7908.98172	97.53633
7909.82609	88.0711
7910.67059	76.30039
7911.51523	245.10106
7912.36	355.23129
7913.20491	314.71201
7914.04995	181.42308
7914.89513	31.76832
7915.74044	0
7916.58589	0
7917.43148	0
7918.2772	0
7919.12305	0
7919.96904	0
7920.81517	0
7921.66143	0
7922.50783	3663.10753
7923.35436	10821.20043
7924.20103	18620.93178
7925.04784	23787.61139
7925.89478	22030.66665
7926.74186	17503.41946
7927.58907	11630.77011
7928.43642	6895.87166
7929.2839	3383.69586
7930.13152	919.92854
7930.97928	66.97842
7931.82717	0
7932.6752	0
7933.52336	0
7934.37166	0
7936.91738	0
7937.76622	0
7938.6152	0
7939.46432	0
7940.31357	3.91477
7941.16296	948.36878
7942.01249	2448.12543
7942.86215	3978.9954
7943.71195	3935.47241
7944.56188	3166.22179
7945.41196	2377.94931
7946.26216	1689.06977
7947.11251	1211.72438
7947.96299	999.48218
7948.81361	873.35568
7949.66436	435.11658
7950.51525	12.33358
7951.36628	0
7952.21744	0
7953.06874	0
7953.92018	0
7954.77175	0
7955.62346	0
7956.47531	0
7957.32729	0
7958.17941	0.90491
7959.03167	218.27812
7959.88407	484.35034
7960.7366	605.58527
7961.58927	504.18777
7962.44207	192.05449
7963.29501	0
7964.14809	0
7965.00131	0
7965.85466	0
7966.70816	0
7967.56178	0
7968.41555	0
7969.26945	0
7970.12349	13.88923
7970.97767	3354.98788
7971.83198	10072.4798
7972.68644	16569.60433
7973.54102	21492.75471
7974.39575	20463.59202
7975.25062	18350.69786
7976.10562	15576.75084
7976.96076	12632.88382
7977.81603	8439.15672
7978.67145	4481.96815
7979.527	1722.06064
7980.38269	0
7981.23852	0
7982.09448	0
7982.95058	0
7984.6632	0
7985.51972	0
7986.37637	0
7987.23316	0
7988.09009	2.03455
7988.94716	493.48407
7989.80436	2285.28576
7990.66171	4003.20365
7991.51919	4637.12292
7992.37681	4125.25227
7993.23456	3630.7908
7994.09246	3195.61245
7994.95049	2806.74646
7995.80866	2421.96466
7996.66697	1772.95535
7997.52542	976.46266
7998.38401	310.25819
7999.24273	0
8000.1016	0
8000.9606	0
8001.81974	0
8013.86223	0
8014.72345	0
8015.58481	0
8016.4463	0
8017.30794	0.62357
8018.16971	162.04705
8019.03163	3439.84292
8019.89368	7486.17305
8020.75587	11500.50505
8021.6182	12869.58738
8022.48067	12750.86501
8023.34328	12111.19939
8024.20602	11028.84594
8025.06891	9659.78761
8025.93194	7993.80651
8026.7951	4819.62997
8027.6584	2243.7525
8028.52185	151.03306
8029.38543	0
8030.24915	0
8031.11301	0
8031.97701	0
8032.84115	0
8033.70543	0
8034.56985	0
8035.43441	0
8036.29911	2.95849
8037.16395	706.69157
8038.02893	1951.00569
8038.89404	3161.05613
8039.7593	3432.53499
8040.6247	3121.46079
8041.49023	2726.71658
8042.35591	2329.95599
8043.22172	2010.61026
8044.08768	1807.23939
8044.95378	1535.68514
8045.82001	881.34817
8046.68639	267.39441
8047.5529	0
8048.41956	0
8049.28635	0
8050.15329	0
8061.4362	0
8062.3051	0
8063.17414	0
8064.04332	0
8064.91264	0.56263
8065.7821	138.58419
8066.6517	1502.60389
8067.52145	3290.63667
8068.39133	5170.29264
8069.26135	6327.21655
8070.13152	6473.3299
8071.00182	6247.41731
8071.87227	5679.24758
8072.74285	4881.55121
8073.61358	4022.67132
8074.48445	3277.53326
8075.35546	2158.11578
8076.22661	1012.04758
8077.0979	10.82394
8077.96933	0
8078.84091	0
8079.71262	0
8080.58448	0
8081.45647	0
8082.32861	0
8083.20089	0
8084.07331	0.60284
8084.94587	144.65012
8085.81857	792.49358
8086.69142	1386.42983
8087.5644	1770.93312
8088.43753	1789.89935
8089.3108	1709.14792
8090.18421	1530.45613
8091.05776	1299.33303
8091.93145	1104.0929
8092.80529	1012.6007
8093.67926	649.44365
8094.55338	266.77225
8095.42764	0
8096.30204	0
8097.17658	0
8098.05126	0
8101.55142	0
8102.42681	0
8103.30234	0
8104.17802	0
8105.05384	0.1066
8105.9298	24.94992
8106.8059	11.21324
8107.68215	0
8108.55853	0
8109.43506	0
8110.31173	0
8111.18855	0
8112.0655	0
8112.9426	1.14451
8113.81984	271.22917
8114.69722	974.43491
8115.57475	1890.1891
8116.45241	2784.83873
8117.33022	2851.29006
8118.20817	2638.47355
8119.08627	2376.76194
8119.9645	2208.36834
8120.84288	2171.60917
8121.7214	2166.1332
8122.60007	1903.40288
8123.47887	1152.59324
8124.35782	471.71991
8125.23692	0
8126.11615	0
8126.99553	0
8127.87505	0
8128.75471	0
8129.63452	0
8130.51447	0
8131.39456	0
8132.27479	104.97923
8133.15517	387.87245
8134.03569	716.38345
8134.91635	822.26868
8135.79716	749.60922
8136.67811	611.94222
8137.5592	446.812
8138.44044	358.62625
8139.32181	388.86688
8140.20334	467.68077
8141.085	515.44244
8141.96681	290.59448
8142.84876	39.00196
8143.73086	0
8144.61309	0
8145.49548	0
8146.378	0
8149.90954	0
8150.79278	0
8151.67616	0
8152.55969	0
8153.44337	0.53932
8154.32718	126.75925
8155.21115	386.1019
8156.09525	563.97356
8156.9795	445.84691
8157.86389	263.66416
8158.74843	182.86484
8159.63311	242.82778
8160.51793	351.76473
8161.4029	513.09816
8162.28801	773.47482
8163.17327	1039.40605
8164.05866	1228.42435
8164.94421	1325.23187
8165.8299	1308.31275
8166.71573	1187.41803
8167.6017	990.4241
8168.48782	750.30399
8169.37409	502.36732
8170.2605	305.41283
8171.14705	273.28965
8172.03375	161.92649
8172.92059	2.87124
8173.80758	0
8174.69471	0
8175.58198	0
8176.4694	0
8177.35696	0
8178.24467	0
8179.13252	4.56652
8180.02052	6.71271
8180.90866	1.77482
8181.79695	47.82232
8182.68538	150.99818
8183.57396	248.20206
8184.46268	276.65789
8185.35155	240.25374
8186.24056	197.75721
8187.12971	195.3727
8188.01901	234.39586
8188.90846	346.22668
8189.79805	281.95786
8190.68778	128.33227
8191.57766	0
8192.46769	0
8193.35786	0
8194.24817	0
8197.81088	0
8198.70192	0
8199.59311	0
8200.48444	0
8201.37592	1.38584
8202.26754	322.12521
8203.15931	673.88388
8204.05122	1047.10272
8204.94328	1016.21677
8205.83549	745.34872
8206.72784	474.50497
8207.62033	256.3555
8208.51297	235.98778
8209.40576	376.68075
8210.29869	571.36067
8211.19177	781.28771
8212.08499	954.56094
8212.97836	1073.62042
8213.87188	1127.86144
8214.76554	952.0179
8215.65935	656.25698
8216.5533	356.713
8217.4474	142.42838
8218.34164	57.24061
8219.23603	76.6167
8220.13057	110.33433
8221.02525	55.89696
8221.92008	0
8222.81505	0
8223.71018	0
8224.60544	0
8225.50086	0.36048
8226.39642	35.65888
8227.29212	129.63237
8228.18797	187.38053
8229.08397	215.31141
8229.98012	234.35033
8230.87641	176.78241
8231.77285	106.42264
8232.66943	37.42765
8233.56616	0
8234.46304	0
8235.36006	0
8236.25723	0.00869
8237.15455	1.99184
8238.05201	0
8238.94962	0
8239.84738	0
8240.74528	0
8241.64333	0
8242.54153	0
8243.43987	0
8244.33837	0
8245.237	0.02101
8246.13579	4.80755
8247.03472	0
8247.9338	0
8248.83302	0.65706
8249.7324	152.18742
8250.63192	430.80808
8251.53158	710.09086
8252.4314	706.36652
8253.33136	540.74701
8254.23147	453.55659
8255.13172	381.05491
8256.03213	247.44856
8256.93268	25.55916
8257.83338	214.64923
8258.73422	472.8965
8259.63521	674.03261
8260.53635	779.91041
8261.43764	786.45033
8262.33908	727.52353
8263.24066	615.10427
8264.14239	401.56597
8265.04427	188.92762
8265.94629	1.18678
8266.84847	0
8267.75079	0
8268.65326	0
8269.55587	0.03601
8270.45864	8.92389
8271.36155	163.45305
8272.26461	283.7003
8273.16782	271.17838
8274.07117	180.17863
8274.97468	77.69971
8275.87833	15.78912
8276.78213	15.97375
8277.68607	84.03412
8278.59017	186.28852
8279.49441	260.8118
8280.39881	243.34408
8281.30335	186.92244
8282.20804	122.74749
8283.11287	90.0856
8284.01786	53.66933
8284.92299	0
8285.82827	0
8286.7337	0
8287.63928	0
8291.26308	0
8292.1694	0
8293.07587	0
8293.98249	0
8294.88926	0.00222
8295.79617	0.50433
8296.70324	0.29789
8297.61045	68.59944
8298.51781	208.6303
8299.42532	326.65597
8300.33298	294.69045
8301.24079	271.75964
8302.14875	361.27208
8303.05686	438.96737
8303.96511	439.37195
8304.87352	376.65318
8305.78207	345.40796
8306.69077	389.57783
8307.59963	433.92751
8308.50863	572.93232
8309.41778	685.08309
8310.32708	531.07992
8311.23653	319.58299
8312.14612	107.21986
8313.05587	6.64451
8313.96577	0
8314.87582	9.88206
8315.78601	28.13115
8316.69636	8.66659
8317.60685	0.68996
8318.5175	21.58199
8319.42829	125.72017
8320.33923	266.28317
8321.25033	411.10015
8322.16157	457.45635
8323.07296	390.60078
8323.9845	272.63924
8324.89619	156.24567
8325.80804	60.23628
8326.72003	7.57772
8327.63217	5.61819
8328.54446	0.27246
8329.4569	0
8330.36949	0
8331.28223	0
8332.19512	0.91802
8333.10817	3.7759
8334.02136	0.04394
8334.9347	0
8335.84819	3.73785
8336.76183	21.1168
8337.67562	0.97673
8338.58956	0
8339.50366	0
8340.4179	0
8341.33229	0
8342.24684	0
8343.16153	9.62874
8344.07637	1.07684
8344.99137	0
8345.90651	6.11488
8346.82181	103.10838
8347.73726	183.71627
8348.65285	250.29776
8349.5686	424.65068
8350.4845	632.37244
8351.40055	739.56688
8352.31675	741.3339
8353.2331	536.64038
8354.1496	347.41992
8355.06625	319.01777
8355.98306	411.54986
8356.90001	527.4735
8357.81711	723.8992
8358.73437	764.29864
8359.65178	541.2956
8360.56934	296.37416
8361.48704	67.56436
8362.4049	0.18961
8363.32292	43.1249
8364.24108	107.38187
8365.15939	115.73759
8366.07786	57.73667
8366.99647	9.74349
8367.91524	9.379
8368.83416	33.61765
8369.75323	84.65059
8370.67245	148.99281
8371.59182	213.83203
8372.51135	237.16643
8373.43102	186.08849
8374.35085	100.01994
8375.27083	32.99566
8376.19096	1.14639
8377.11124	7.90816
8378.03168	0.53738
8378.95226	0
8379.873	5.14456
8380.79389	20.6817
8381.71493	1.18996
8382.63613	0
8383.55747	0
8384.47897	0
8385.40062	8.87861
8386.32242	25.04308
8387.24437	18.90049
8388.16647	1.03596
8389.08873	0.34743
8390.01114	6.41003
8390.9337	28.31097
8391.85641	19.16813
8392.77928	5.80332
8393.7023	8.64442
8394.62547	8.05071
8395.54879	12.1356
8396.47226	45.41663
8397.39589	95.52154
8398.31967	208.01416
8399.2436	322.41447
8400.16769	372.44914
8401.09192	295.57002
8402.01631	201.02212
8402.94085	153.17083
8403.86555	179.96327
8404.7904	249.75893
8405.7154	299.16034
8406.64055	313.4315
8407.56585	280.49706
8408.49131	192.20503
8409.41692	100.21117
8410.34269	32.78824
8411.2686	0.03224
8412.19467	7.31779
8413.12089	24.22495
8414.04727	33.2389
8414.9738	28.16263
8415.90048	28.53155
8416.82731	75.80616
8417.7543	158.18943
8418.68144	237.15506
8419.60874	202.8355
8420.53618	106.59073
8421.46379	12.26982
8422.39154	0
8423.31945	0
8424.24751	0.1924
8425.17572	43.30242
8426.10409	78.19473
8427.03261	49.48103
8427.96128	0
8428.89011	0
8429.81909	0
8430.74823	0
8431.67751	0
8432.60696	0.22372
8433.53655	50.0512
8434.4663	36.80896
8435.39621	26.62901
8436.32626	2.95975
8437.25647	13.20797
8438.18684	48.56627
8439.11736	132.44515
8440.04803	214.25995
8440.97886	260.70569
8441.90984	274.28178
8442.84097	213.31146
8443.77226	98.30837
8444.7037	0
8445.6353	0
8446.56705	0
8447.49896	0
8448.43102	0
8449.36323	0
8450.2956	17.34739
8451.22812	984.44283
8452.1608	3764.53537
8453.09363	6966.62296
8454.02661	9279.09267
8454.95975	9189.63875
8455.89305	7677.37234
8456.8265	5702.00151
8457.7601	3640.0453
8458.69386	2058.69341
8459.62777	937.81336
8460.56184	300.67423
8461.49606	54.93441
8462.43044	0
8463.36497	0
8464.29966	0
8465.2345	0
8466.1695	0
8467.10465	0
8468.03995	0
8468.97541	0
8469.91103	2.64568
8470.8468	465.70677
8471.78273	1037.07029
8472.71881	1548.39229
8473.65505	1326.58861
8474.59144	1111.08639
8475.52799	951.45923
8476.46469	806.86091
8477.40155	627.87405
8478.33856	396.48414
8479.27573	143.01328
8480.21305	154.69427
8481.15053	178.39589
8482.08817	13.7032
8483.02596	0
8483.9639	0
8484.902	0
8485.84026	0
8486.77867	0
8487.71724	0
8488.65596	0.65944
8489.59484	116.13815
8490.53388	303.29564
8491.47307	406.97965
8492.41242	487.55903
8493.35192	363.71294
8494.29158	68.54537
8495.23139	0
8496.17136	0
8497.11149	0
8498.05177	0
8498.99221	0
8499.93281	0
8500.87356	0
8501.81447	10.03585
8502.75553	1766.34626
8503.69675	4787.34707
8504.63813	7680.02482
8505.57966	9192.80547
8506.52135	8551.8276
8507.46319	7555.78956
8508.40519	6375.12087
8509.34735	5170.12461
8510.28967	3780.45209
8511.23214	2154.97657
8512.17476	1023.74143
8513.11755	165.06181
8514.06049	0
8515.00359	0
8515.94684	0
8516.89025	0
8517.83382	0
8518.77755	0
8519.72143	0
8520.66547	0
8521.60966	345.20888
8522.55401	1054.65396
8523.49852	1862.81812
8524.44319	2252.02878
8525.38801	2150.62237
8526.33299	1816.15543
8527.27813	1365.57096
8528.22342	889.87299
8529.16888	575.58444
8530.11449	550.93332
8531.06025	617.57673
8532.00618	369.92351
8532.95226	43.45128
8533.8985	0
8534.84489	0
8535.79144	0
8536.73815	0
8539.57923	0
8540.52657	0
8541.47407	0
8542.42173	0
8543.36954	0.01295
8544.31751	2.23352
8545.26564	0
8546.21393	0
8547.16238	0
8548.11098	0
8549.05974	0
8550.00866	0
8550.95774	0
8551.90697	0
8552.85636	7.67245
8553.80592	1341.08679
8554.75563	3093.79907
8555.70549	4818.7489
8556.65552	5425.60687
8557.6057	5273.93972
8558.55604	4944.19856
8559.50655	4524.38986
8560.4572	4091.13678
8561.40802	3666.87261
8562.359	2640.67363
8563.31013	1404.25595
8564.26142	402.54998
8565.21288	0
8566.16449	0
8567.11625	0
8568.06818	0
8569.02027	0
8569.97251	0
8570.92491	0
8571.87748	0
8572.8302	2.71315
8573.78308	472.73729
8574.73611	973.24835
8575.68931	1342.66295
8576.64267	1257.20463
8577.59618	1181.32845
8578.54986	1120.83178
8579.50369	1062.48063
8580.45768	983.13961
8581.41184	839.40177
8582.36615	532.68334
8583.32062	266.79007
8584.27524	45.02829
8585.23003	0
8586.18498	0
8587.14009	0
8588.09535	0
8589.05078	0
8590.00637	0
8590.96211	0
8591.91801	0
8592.87408	0.02955
8593.8303	5.07655
8594.78669	0
8595.74323	0
8596.69993	0
8597.65679	0
8599.571	0
8600.52834	0
8601.48584	0
8602.4435	0
8603.40132	0.368
8604.3593	68.07912
8605.31744	850.43691
8606.27575	1733.43981
8607.23421	2585.54385
8608.19283	2686.98102
8609.15161	2604.08816
8610.11055	2435.71412
8611.06965	2223.96145
8612.02892	2045.86965
8612.98834	1967.75115
8613.94792	1970.03659
8614.90767	1357.52255
8615.86757	589.94409
8616.82763	0
8617.78786	0
8618.74824	0
8619.70879	0
8621.63036	0
8622.59139	0
8623.55258	0
8624.51393	0
8625.47544	125.09975
8626.43711	374.02022
8627.39894	641.76455
8628.36093	810.40299
8629.32309	922.05759
8630.2854	1000.78397
8631.24787	1026.97889
8632.21051	795.19277
8633.17331	495.57908
8634.13627	245.0226
8635.09939	101.78009
8636.06267	56.91843
8637.02611	52.75069
8637.98971	0
8638.95348	0
8639.9174	0
8640.88149	0
8641.84574	0
8642.81015	0
8643.77472	0
8644.73945	0.46464
8645.70434	18.43106
8646.6694	0
8647.63462	0
8648.6	0
8649.56554	0
8650.53124	0
8651.4971	0
8652.46313	0
8653.42932	0
8654.39567	1.69744
8655.36218	132.15822
8656.32885	436.42862
8657.29569	831.10077
8658.26268	1208.4578
8659.22984	1289.87583
8660.19716	1330.8219
8661.16465	1372.83886
8662.13229	1414.11392
8663.1001	1417.27336
8664.06807	1158.06777
8665.0362	705.97535
8666.0045	307.78062
8666.97295	49.91812
8667.94157	1.30599
8668.91035	0
8669.8793	0
8670.8484	0
8671.81767	0
8672.7871	0
8673.7567	0
8674.72646	0.73661
8675.69637	57.64875
8676.66646	242.25186
8677.6367	436.58057
8678.60711	544.09482
8679.57768	516.09979
8680.54841	459.85258
8681.51931	409.74482
8682.49037	418.51619
8683.46159	485.23715
8684.43297	373.84001
8685.40452	158.46828
8686.37623	0
8687.3481	0
8688.32014	0
8689.29234	0
8690.2647	0
8691.23723	0.15393
8692.20992	26.25316
8693.18277	5.48401
8694.15579	4.87531
8695.12897	0
8696.10231	0
8697.07582	0
8698.04949	0
8699.02332	0.62998
8699.99732	108.48016
8700.97148	206.99784
8701.94581	158.45373
8702.92029	92.94751
8703.89494	89.65295
8704.86976	146.22815
8705.84474	239.28346
8706.81988	336.54732
8707.79519	412.15484
8708.77066	482.17141
8709.7463	548.19595
8710.72209	576.05902
8711.69806	543.64116
8712.67418	447.10182
8713.65047	337.37158
8714.62693	347.63736
8715.60355	424.85125
8716.58033	564.87888
8717.55728	662.51007
8718.53439	587.52621
8719.51167	373.25723
8720.48911	176.52846
8721.46671	42.75256
8722.44448	0
8723.42241	0
8724.40051	0
8725.37877	0.19616
8726.3572	33.74954
8727.33579	121.72949
8728.31455	172.92836
8729.29347	133.7972
8730.27255	63.60098
8731.2518	27.19807
8732.23122	94.93957
8733.2108	171.94134
8734.19054	205.56265
8735.17045	171.93119
8736.15053	97.24045
8737.13077	19.8217
8738.11117	0
8739.09174	0
8740.07248	0
8741.05338	0
8743.99707	0
8744.97863	0
8745.96035	0
8746.94224	0
8747.9243	0.49828
8748.90652	85.91455
8749.88891	244.89772
8750.87146	412.06284
8751.85418	492.04153
8752.83706	378.32515
8753.82011	218.57761
8754.80333	150.07219
8755.78671	309.76395
8756.77025	476.04836
8757.75397	567.47819
8758.73784	561.57943
8759.72189	467.65438
8760.7061	325.61021
8761.69047	218.48589
8762.67501	247.04272
8763.65972	340.07759
8764.64459	349.22232
8765.62963	210.89164
8766.61484	63.76361
8767.60021	0
8768.58575	0
8769.57145	0
8770.55732	0
8771.54336	0.18726
8772.52956	33.18356
8773.51593	96.89463
8774.50246	156.08747
8775.48917	165.78084
8776.47603	124.43495
8777.46307	65.7718
8778.45027	24.00553
8779.43764	13.22281
8780.42517	24.67904
8781.41287	30.41108
8782.40074	26.87541
8783.38877	30.16151
8784.37697	4.66358
8785.36534	0.63187
8786.35388	0
8787.34258	0
8788.33145	0
8789.32048	0
8793.27829	0
8794.26816	0
8795.2582	0
8796.24841	0
8797.23878	2.04538
8798.22932	42.83428
8799.22002	146.01914
8800.2109	276.73402
8801.20194	401.82654
8802.19315	441.31743
8803.18452	377.67138
8804.17607	271.19007
8805.16778	133.80577
8806.15966	42.38278
8807.1517	45.1948
8808.14392	85.38653
8809.1363	132.18169
8810.12885	190.55353
8811.12157	236.61782
8812.11445	272.2854
8813.1075	290.26048
8814.10072	254.14316
8815.09411	172.77443
8816.08767	104.83489
8817.08139	98.609
8818.07529	176.03399
8819.06935	242.84182
8820.06358	180.24754
8821.05797	80.32021
8822.05254	0.20037
8823.04727	0
8824.04217	0.41262
8825.03724	70.33404
8826.03248	139.36956
8827.02789	164.75158
8828.02346	149.02009
8829.01921	128.55357
8830.01512	92.07538
8831.0112	27.60294
8832.00745	22.03185
8833.00386	48.19775
8834.00045	8.14201
8834.99721	0
8835.99413	0
8836.99122	0
8837.98848	3.2504
8838.98591	2.52954
8839.98351	2.26659
8840.98128	0.88829
8841.97921	0
8842.97732	0
8843.97559	0
8844.97404	0
8845.97265	0
8846.97143	0
8847.97038	3.00814
8848.9695	0.31028
8849.96879	11.01934
8850.96825	98.86656
8851.96788	225.82279
8852.96768	348.06468
8853.96764	344.87602
8854.96778	248.39193
8855.96809	113.29943
8856.96856	54.47487
8857.96921	96.36419
8858.97002	157.4239
8859.971	235.0329
8860.97216	312.69019
8861.97348	322.04242
8862.97497	240.60312
8863.97664	127.46616
8864.97847	44.07432
8865.98047	6.0639
8866.98264	0.48433
8867.98499	1.8475
8868.9875	14.8579
8869.99018	62.82986
8870.99303	120.3377
8871.99606	142.62719
8872.99925	111.31403
8874.00261	51.32602
8875.00614	15.36125
8876.00985	5.30363
8877.01372	46.29009
8878.01776	56.51426
8879.02198	49.17007
8880.02636	35.11059
8881.03092	12.45465
8882.03564	3.12976
8883.04054	0.36007
8884.04561	9.95351
8885.05084	37.01599
8886.05625	47.95858
8887.06183	8.15546
8888.06758	0.09079
8889.0735	0
8890.07959	0
8891.08585	0
8892.09228	0
8893.09888	1.50105
8894.10566	11.73194
8895.1126	0.456
8896.11972	0.40439
8897.12701	3.52298
8898.13447	0.02321
8899.14209	0
8900.14989	3.81257
8901.15787	43.17999
8902.16601	100.41126
8903.17432	157.33688
8904.18281	209.15177
8905.19147	211.68742
8906.20029	197.92954
8907.20929	164.16931
8908.21847	105.6562
8909.22781	66.44141
8910.23732	70.71809
8911.24701	129.3618
8912.25687	192.96235
8913.26689	226.33798
8914.2771	199.81841
8915.28747	143.13305
8916.29801	78.03838
8917.30873	50.89584
8918.31962	86.09658
8919.33068	110.5312
8920.34191	105.5835
8921.35331	44.95782
8922.36489	9.84587
8923.37664	1.28681
8924.38856	13.01332
8925.40065	5.88231
8926.41291	0
8927.42535	0
8928.43796	0.48909
8929.45074	10.60219
8930.46369	56.39812
8931.47682	40.45365
8932.49012	9.92486
8933.50359	0.12303
8934.51723	0.80276
8935.53105	7.73437
8936.54504	13.47236
8937.5592	14.23288
8938.57353	12.65134
8939.58804	12.58069
8940.60272	14.70913
8941.61757	15.33877
8942.63259	12.54972
8943.64779	8.75067
8944.66316	7.37952
8945.6787	7.66527
8946.69442	0.17061
8947.71031	0
8948.72637	0
8949.74261	0
8950.75901	0.68099
8951.7756	28.32109
8952.79235	97.19989
8953.80928	166.04131
8954.82638	229.3594
8955.84365	229.90099
8956.8611	212.2804
8957.87872	178.16042
8958.89652	125.00941
8959.91449	34.91015
8960.93263	2.76909
8961.95094	4.29523
8962.96943	7.60038
8963.9881	19.07847
8965.00693	49.05061
8966.02594	101.10228
8967.04513	114.26338
8968.06448	77.08005
8969.08401	32.98394
8970.10372	6.1051
8971.1236	1.11446
8972.14365	0.05852
8973.16388	0
8974.18428	0
8975.20485	0.16132
8976.2256	0.86162
8977.24653	1.9633
8978.26762	10.96086
8979.2889	39.7712
8980.31034	90.35813
8981.33196	128.1465
8982.35376	112.87898
8983.37573	56.52216
8984.39787	14.85424
8985.42019	0.42269
8986.44268	3.29771
8987.46535	6.97131
8988.48819	9.91939
8989.51121	13.30978
8990.5344	11.33304
8991.55776	3.89494
8992.5813	1.83481
8993.60502	23.83699
8994.62891	88.11165
8995.65297	135.85542
8996.67721	141.70551
8997.70163	88.1979
8998.72622	29.92625
8999.75098	0.48622
9000.77592	0
9001.80103	0
9002.82632	0
9003.85179	0.05278
9004.87743	34.64365
9005.90324	134.56964
9006.92924	247.19022
9007.9554	264.54837
9008.98174	206.34667
9010.00826	138.85195
9011.03495	20.96848
9012.06182	2.2772
9013.08886	19.15333
9014.11608	89.26004
9015.14348	127.06651
9016.17105	111.67954
9017.19879	61.20503
9018.22672	12.59095
9019.25481	4.34438
9020.28309	34.71863
9021.31154	69.34564
9022.34016	75.4222
9023.36896	48.74661
9024.39794	14.52022
9025.42709	5.40241
9026.45642	30.31471
9027.48593	87.35386
9028.51561	154.0939
9029.54546	173.25324
9030.5755	121.78807
9031.60571	42.41358
9032.63609	6.91323
9033.66666	0
9034.6974	0
9035.72831	0.14197
9036.7594	36.26675
9037.79067	68.11924
9038.82212	61.37055
9039.85374	35.7852
9040.88554	2.84924
9041.91751	0.75491
9042.94966	37.74181
9043.98199	121.42653
9045.0145	100.16716
9046.04718	29.79702
9047.08004	0.82271
9048.11307	0
9049.14628	0
9050.17967	0
9051.21324	0
9052.24698	0
9053.2809	0
9054.315	1.9451
9055.34928	329.44685
9056.38373	1314.77856
9057.41836	2239.2672
9058.45317	2906.9599
9059.48815	2527.42539
9060.52331	2055.59146
9061.55865	1585.16566
9062.59417	1185.31259
9063.62986	758.9506
9064.66573	390.60757
9065.70178	190.68914
9066.73801	42.38259
9067.77441	0.17033
9068.811	0
9069.84776	0
9070.88469	0
9071.92181	0
9072.9591	0
9073.99657	0
9075.03422	0.52647
9076.07205	24.89414
9077.11006	229.51703
9078.14824	412.91329
9079.1866	523.31424
9080.22514	548.60729
9081.26386	563.11484
9082.30275	550.86157
9083.34183	396.90005
9084.38108	231.8072
9085.42051	91.70292
9086.46012	10.33093
9087.49991	0.08528
9088.53988	14.43085
9089.58002	61.51568
9090.62035	62.87526
9091.66085	12.30379
9092.70153	0
9093.74239	0
9094.78343	0.12879
9095.82464	21.48402
9096.86604	43.07379
9097.90761	61.60539
9098.94937	39.70358
9099.9913	0
9101.03341	0
9102.0757	0
9103.11817	0
9105.20365	0
9106.24666	0
9107.28984	0
9108.33321	0
9109.37675	528.16789
9110.42048	1514.78666
9111.46438	2570.65882
9112.50846	3186.65237
9113.55273	3155.60051
9114.59717	2872.46277
9115.64179	2522.14873
9116.68659	2095.48326
9117.73157	1416.80467
9118.77673	779.89996
9119.82207	352.86429
9120.86759	72.87233
9121.91329	2.87101
9122.95917	0
9124.00523	0
9125.05147	0
9126.09789	0
9127.14449	0
9128.19127	0
9129.23823	0
9130.28537	1.38879
9131.33269	231.27795
9132.38019	502.6113
9133.42787	695.73518
9134.47573	606.85364
9135.52377	503.06738
9136.57199	406.00827
9137.62039	341.24577
9138.66898	318.6511
9139.71774	317.30732
9140.76668	284.13859
9141.81581	189.07657
9142.86511	71.85632
9143.91459	15.10186
9144.96426	0
9146.01411	0
9147.06413	0
9148.11434	0
9159.67858	0
9160.73096	0
9161.78353	0
9162.83627	0
9163.8892	1.83113
9164.9423	456.48713
9165.99559	1151.36316
9167.04906	1859.92857
9168.10271	2164.98372
9169.15655	2033.2029
9170.21056	1789.7447
9171.26476	1519.65287
9172.31914	1270.22149
9173.3737	1062.13094
9174.42844	731.13475
9175.48337	403.44821
9176.53847	139.14671
9177.59376	11.75688
9178.64923	9.67431
9179.70489	0
9180.76072	0
9181.81674	0
9182.87294	0
9183.92932	0
9184.98588	0.7994
9186.04263	133.64999
9187.09956	467.56289
9188.15667	800.35588
9189.21396	838.53296
9190.27144	754.22984
9191.32909	681.01254
9192.38694	617.40861
9193.44496	449.7147
9194.50317	230.5015
9195.56155	58.77434
9196.62013	0
9197.67888	0
9198.73782	0.01187
9199.79694	2.06535
9200.85624	20.49889
9201.91573	0
9202.9754	0.02551
9204.03525	4.17083
9205.09529	0.78908
9206.1555	3.21542
9207.21591	0
9208.27649	0
9209.33726	0
9210.39821	0.06248
9211.45934	10.49657
9212.52066	47.89143
9213.58216	0
9214.64385	0
9215.70572	0
9216.76777	0
9217.83001	0
9218.89243	1.68795
9219.95503	279.73864
9221.01782	695.84695
9222.08079	1107.93042
9223.14394	1265.71352
9224.20728	1129.96475
9225.2708	946.39223
9226.33451	746.82913
9227.3984	563.52415
9228.46247	419.60449
9229.52673	321.53184
9230.59117	248.12296
9231.6558	98.74363
9232.72061	0
9233.78561	0
9234.85078	0
9235.91615	0
9236.9817	0
9238.04743	0
9239.11334	0.03657
9240.17945	14.3324
9241.24573	133.33727
9242.3122	252.74903
9243.37886	294.70627
9244.4457	330.70749
9245.51272	358.46643
9246.57993	364.36698
9247.64732	311.42807
9248.7149	201.97307
9249.78267	100.45047
9250.85062	25.88382
9251.91875	3.01262
9252.98707	17.41606
9254.05557	0
9255.12426	0
9256.19313	0
9257.26219	0.02035
9258.33144	3.3106
9259.40087	0.04262
9260.47048	6.93301
9261.54028	0
9262.61027	0
9263.68044	0.11903
9264.75079	19.46134
9265.82134	16.89107
9266.89206	2.75336
9267.96298	0
9269.03408	0.01268
9270.10536	2.08869
9271.17683	4.54713
9272.24849	0
9273.32033	0.43565
9274.39236	72.27941
9275.46457	240.50635
9276.53697	431.66974
9277.60955	630.85801
9278.68233	637.95184
9279.75528	592.17811
9280.82843	506.24342
9281.90176	395.40951
9282.97527	282.1416
9284.04897	165.19415
9285.12286	68.49507
9286.19694	0
9287.2712	0
9288.34565	0
9289.42028	0.04468
9290.4951	7.45745
9291.57011	34.3584
9292.6453	25.34762
9293.72068	7.27758
9294.79625	2.94955
9295.87201	13.58882
9296.94795	26.93949
9298.02407	28.31349
9299.10039	16.46077
9300.17689	3.14407
9301.25358	0.27453
9302.33045	2.10595
9303.40751	10.31573
9304.48476	14.51762
9305.5622	18.14551
9306.63982	22.9385
9307.71763	27.46865
9308.79563	4.69827
9309.87382	0
9310.95219	0
9312.03075	0
9313.1095	0.12117
9314.18843	19.68675
9315.26756	8.76115
9316.34687	0
9317.42636	0.00401
9318.50605	0.66301
9319.58592	2.15546
9320.66598	2.16808
9321.74623	8.26575
9322.82667	0
9323.90729	0.19512
9324.9881	32.29894
9326.0691	114.56975
9327.15029	191.31235
9328.23167	185.76437
9329.31323	125.02835
9330.39498	12.24065
9331.47692	67.09872
9332.55905	134.78097
9333.64137	205.40479
9334.72387	257.03801
9335.80656	287.25086
9336.88945	268.64973
9337.97252	192.67376
9339.05577	105.37774
9340.13922	42.59121
9341.22286	0.07389
9342.30668	12.10407
9343.39069	25.5374
9344.4749	46.42689
9345.55929	31.4199
9346.64386	0
9347.72863	0
9348.81359	0
9349.89873	0
9350.98407	0.26699
9352.06959	43.75576
9353.1553	99.04771
9354.24121	139.35429
9355.3273	150.49268
9356.41358	166.31368
9357.50005	149.46058
9358.5867	86.54554
9359.67355	21.25998
9360.76059	0
9361.84782	0.04303
9362.93523	6.95953
9364.02284	2.15874
9365.11063	0
9366.19862	0.00282
9367.28679	0.47449
9368.37515	3.05299
9369.46371	4.25768
9370.55245	10.82706
9371.64138	20.72783
9372.7305	15.34658
9373.81982	7.5246
9374.90932	3.17797
9375.99901	2.80518
9377.08889	13.26072
9378.17897	60.85897
9379.26923	104.01117
9380.35968	144.78148
9381.45032	122.0683
9382.54116	36.34615
9383.63218	15.02249
9384.72339	92.84877
9385.8148	131.22826
9386.90639	147.02151
9387.99818	116.79169
9389.09015	45.8614
9390.18232	1.1644
9391.27467	6.71219
9392.36722	44.11927
9393.45996	58.86399
9394.55289	44.15987
9395.64601	21.46826
9396.73932	5.01787
9397.83282	0.90034
9398.92651	0
9400.02039	0.00419
9401.11447	0.70305
9402.20873	4.65435
9403.30319	8.54055
9404.39783	8.91872
9405.49267	5.95296
9406.5877	1.37171
9407.68292	0.01702
9408.77833	0.17722
9409.87393	1.71004
9410.96973	1.42001
9412.06571	0
9413.16189	9.29E-4
9414.25826	0.179
9415.35482	4.82944
9416.45157	11.90757
9417.54852	13.68002
9418.64565	13.33265
9419.74298	2.01492
9420.8405	0
9421.93821	0
9423.03611	0.19944
9424.13421	32.6199
9425.23249	89.85511
9426.33097	63.71149
9427.42964	15.47108
9428.5285	0.14068
9429.62756	23.05493
9430.7268	72.23188
9431.82624	93.70473
9432.92587	48.0466
9434.0257	12.5212
9435.12571	35.9032
9436.22592	105.55217
9437.32632	187.90411
9438.42692	253.62515
9439.5277	233.30351
9440.62868	189.27913
9441.72985	142.90649
9442.83122	91.07932
9443.93277	41.49529
9445.03452	0.33826
9446.13646	0.17117
9447.2386	0.00626
9448.34093	0
9449.44345	1.98595
9450.54616	47.48865
9451.64907	114.722
9452.75217	178.45176
9453.85546	184.90597
9454.95895	138.23824
9456.06263	78.45734
9457.1665	40.61338
9458.27056	95.838
9459.37482	142.84552
9460.47928	109.27721
9461.58392	48.65094
9462.68876	6.12484
9463.79379	0.10815
9464.89902	17.76703
9466.00444	69.81134
9467.11006	111.72946
9468.21586	87.52746
9469.32186	31.85565
9470.42806	0
9471.53445	0.11751
9472.64103	19.1391
9473.74781	51.48157
9474.85478	49.13214
9475.96194	27.67651
9477.0693	6.26797
9478.17686	0
9479.2846	0
9480.39255	0
9481.50068	0.01109
9482.60901	1.85654
9483.71754	13.15364
9484.82626	19.58999
9485.93517	14.60099
9487.04428	4.90015
9488.15358	2.02707
9489.26308	11.0537
9490.37277	26.35883
9491.48265	39.05183
9492.59273	57.57402
9493.70301	72.0764
9494.81348	96.98028
9495.92414	116.47019
9497.035	122.49826
9498.14606	79.47649
9499.25731	35.44928
9500.36876	2.76495
9501.4804	4.65541
9502.59223	7.88896
9503.70426	15.21278
9504.81649	24.03812
9505.92891	29.90746
9507.04152	23.31205
9508.15434	6.49602
9509.26734	0
9510.38054	12.47281
9511.49394	48.69892
9512.60754	103.24944
9513.72133	130.73733
9514.83531	110.46349
9515.94949	67.03809
9517.06387	25.60881
9518.17844	11.33292
9519.29321	23.39299
9520.40817	55.54916
9521.52333	79.10377
9522.63868	58.4898
9523.75423	7.35255
9524.86998	0
9525.98593	0
9527.10206	0.00264
9528.2184	0.69533
9529.33493	44.19159
9530.45166	58.60193
9531.56859	19.88768
9532.68571	0.80206
9533.80302	10.93219
9534.92054	43.2482
9536.03825	64.83863
9537.15615	56.91747
9538.27426	28.45051
9539.39256	6.20402
9540.51105	12.34232
9541.62975	43.81246
9542.74864	75.93013
9543.86772	72.80187
9544.98701	42.18195
9546.10649	10.15465
9547.22617	8.37003
9548.34604	31.68098
9549.46611	54.55941
9550.58638	52.69005
9551.70685	28.70504
9552.82751	4.87508
9553.94837	0.26223
9555.06943	0
9556.19068	0.11973
9557.31214	4.96622
9558.43379	30.51851
9559.55563	87.81903
9560.67768	151.1003
9561.79992	168.00971
9562.92236	109.29235
9564.045	50.45087
9565.16783	5.7819
9566.29087	5.99209
9567.4141	7.25416
9568.53753	9.60008
9569.66115	7.21413
9570.78498	0.5423
9571.909	0.00152
9573.03322	0.36285
9574.15764	19.48835
9575.28226	47.16116
9576.40707	84.86739
9577.53208	48.43937
9578.6573	8.06534
9579.78271	0.00816
9580.90831	1.33968
9582.03412	7.02187
9583.16012	5.82855
9584.28633	0.9703
9585.41273	0
9586.53933	0.00308
9587.66613	0.49829
9588.79313	1.48419
9589.92032	2.93551
9591.04772	5.93683
9592.17531	10.4838
9593.30311	17.16503
9594.4311	24.781
9595.55929	28.05866
9596.68768	21.563
9597.81627	8.50342
9598.94506	1.19648
9600.07404	6.78821
9601.20323	17.29467
9602.33261	18.14352
9603.4622	8.35106
9604.59198	1.52929
9605.72197	15.76963
9606.85215	75.49634
9607.98253	121.50572
9609.11311	151.81591
9610.2439	122.35899
9611.37488	61.33914
9612.50606	2.81846
9613.63744	0
9614.76902	0
9615.9008	0.25608
9617.03278	40.81024
9618.16496	40.90319
9619.29734	26.39485
9620.42992	3.49125
9621.5627	0
9622.69568	0.11648
9623.82886	18.67164
9624.96224	36.73784
9626.09582	38.22853
9627.2296	23.36194
9628.36358	4.58389
9629.49776	0.02097
9630.63214	3.45686
9631.76673	22.04497
9632.90151	35.88406
9634.03649	32.5499
9635.17168	14.76014
9636.30706	0
9637.44264	0.0181
9638.57843	2.94638
9639.71442	13.25626
9640.85061	18.5451
9641.98699	16.55178
9643.12358	11.00707
9644.26037	6.7921
9645.39737	3.85983
9646.53456	1.304
9647.67195	0.18443
9648.80955	2.74967
9649.94734	14.08637
9651.08534	28.05374
9652.22354	34.38242
9653.36194	30.31782
9654.50054	24.70146
9655.63934	28.18211
9656.77835	38.89915
9657.91755	45.4371
9659.05696	38.72839
9660.19657	20.29474
9661.33638	2.07514
9662.47639	0
9663.61661	0.02748
9664.75702	4.3922
9665.89764	8.00883
9667.03846	2.43666
9668.17948	0.00441
9669.32071	0.13057
9670.46213	3.14546
9671.60376	15.62112
9672.74559	39.07324
9673.88763	63.91603
9675.02986	71.27872
9676.1723	52.73777
9677.31494	21.14716
9678.45778	0
9679.60082	0
9680.74407	0.03267
9681.88752	5.24198
9683.03117	13.91016
9684.17503	17.54838
9685.31908	15.33141
9686.46334	9.12034
9687.60781	2.00082
9688.75247	0
9689.89734	0
9691.04241	0.01052
9692.18769	1.71889
9693.33317	9.45301
9694.47885	15.53917
9695.62473	17.02337
9696.77082	11.87182
9697.91711	2.9436
9699.0636	0.26435
9700.2103	11.63313
9701.3572	33.15271
9702.5043	47.47447
9703.65161	40.6138
9704.79912	16.0896
9705.94683	0
9707.09475	0.15298
9708.24287	24.45865
9709.3912	55.49371
9710.53973	68.10355
9711.68846	55.39746
9712.8374	29.71939
9713.98654	6.06267
9715.13588	0.17737
9716.28543	0
9717.43518	0.00181
9718.58514	0.29975
9719.7353	2.52122
9720.88566	8.35601
9722.03623	14.01276
9723.18701	15.98883
9724.33798	12.37719
9725.48917	4.80139
9726.64055	0
9727.79214	0
9728.94394	0
9730.09594	0.01028
9731.24815	1.65356
9732.40055	5.64978
9733.55317	2.73234
9734.70599	0.15362
9735.85901	12.1486
9737.01224	51.35362
9738.16567	92.23248
9739.31931	73.47208
9740.47316	31.36237
9741.6272	0
9742.78146	0.01443
9743.93592	2.63936
9745.09058	58.80789
9746.24545	64.57862
9747.40052	54.87123
9748.5558	14.79696
9749.71129	0
9750.86698	18.6681
9752.02288	66.78714
9753.17898	133.04011
9754.33529	191.3597
9755.4918	196.73301
9756.64852	152.51374
9757.80544	96.10372
9758.96257	53.95147
9760.11991	26.63001
9761.27745	21.62086
9762.4352	33.26924
9763.59315	59.69167
9764.75131	86.61011
9765.90968	64.35473
9767.06825	32.72623
9768.22703	8.57246
9769.38601	0
9770.5452	0
9771.7046	0.01077
9772.86421	1.71749
9774.02402	4.35796
9775.18403	0.13533
9776.34426	21.61429
9777.50468	61.15268
9778.66532	98.20786
9779.82616	87.82562
9780.98721	31.65356
9782.14847	7.43379
9783.30993	0.00247
9784.4716	0.39388
9785.63348	0.95276
9786.79556	1.94509
9787.95786	17.0008
9789.12035	42.47608
9790.28306	58.16276
9791.44597	30.98021
9792.60909	0
9793.77242	0.0472
9794.93595	7.47048
9796.09969	12.3355
9797.26364	12.0222
9798.4278	4.94769
9799.59216	0.11479
9800.75673	0
9801.92151	0.00288
9803.0865	0.47242
9804.25169	3.37063
9805.41709	7.29791
9806.5827	9.53347
9807.74852	1.61399
9808.91455	0.05864
9810.08078	9.68589
9811.24722	80.5126
9812.41387	147.06668
9813.58073	202.47275
9814.7478	171.06541
9815.91507	125.2021
9817.08255	24.18389
9818.25024	1.18823
9819.41814	10.09531
9820.58625	30.15723
9821.75457	30.76306
9822.92309	16.10979
9824.09182	3.11006
9825.26077	1.02385
9826.42992	2.07297
9827.59927	3.20399
9828.76884	0.95206
9829.93862	0.00858
9831.1086	1.38757
9832.2788	7.47735
9833.4492	10.59728
9834.61981	11.7428
9835.79063	13.36905
9836.96166	13.11576
9838.1329	7.86715
9839.30435	0.45195
9840.47601	0
9841.64788	0
9842.81995	0.00774
9843.99224	1.23017
9845.16473	3.63548
9846.33744	7.22469
9847.51035	12.48432
9848.68348	15.51861
9849.85681	12.24023
9851.03035	5.90508
9852.20411	5.78661
9853.37807	16.13277
9854.55224	28.08272
9855.72662	29.26919
9856.90122	19.15097
9858.07602	9.96213
9859.25103	13.08962
9860.42625	22.10283
9861.60169	23.3907
9862.77733	0
9863.95318	0
9865.12925	0
9866.30552	0.12888
9867.482	20.13147
9868.6587	6.07403
9869.8356	1.96526
9871.01272	18.60771
9872.19005	114.9226
9873.36758	159.77148
9874.54533	173.83458
9875.72329	170.91405
9876.90146	153.67812
9878.07984	126.72753
9879.25843	63.00184
9880.43723	26.40994
9881.61624	31.62355
9882.79547	5.85015
9883.9749	0
9885.15455	0.07554
9886.33441	11.9725
9887.51447	33.25855
9888.69475	33.38326
9889.87524	19.38453
9891.05595	3.10569
9892.23686	0
9893.41799	0
9894.59932	0.02136
9895.78087	3.46005
9896.96263	21.35336
9898.1446	42.38146
9899.32679	58.10205
9900.50918	60.13442
9901.69179	44.86324
9902.87461	19.07349
9904.05764	0
9905.24089	0.02778
9906.42434	4.42252
9907.60801	16.28231
9908.79189	17.31454
9909.97598	10.60186
9911.16028	4.85507
9912.3448	4.40135
9913.52953	9.93108
9914.71447	20.33474
9915.89962	30.37562
9917.08499	31.52324
9918.27057	20.26615
9919.45636	3.75453
9920.64236	0.00106
9921.82858	0.18896
9923.01501	3.71291
9924.20165	2.38277
9925.38851	0.17133
9926.57558	6.09259
9927.76286	25.48645
9928.95035	73.26151
9930.13806	106.65194
9931.32598	101.97376
9932.51411	59.17249
9933.70246	25.09371
9934.89102	12.0243
9936.07979	2.08538
9937.26878	10.67072
9938.45798	28.89513
9939.64739	38.81301
9940.83702	29.36348
9942.02686	10.50822
9943.21691	2.42318
9944.40718	11.91492
9945.59766	28.09628
9946.78836	38.60132
9947.97927	40.65316
9949.17039	36.06136
9950.36173	25.20666
9951.55328	10.86887
9952.74505	2.3937
9953.93702	10.19266
9955.12922	35.31422
9956.32163	64.63799
9957.51425	77.5384
9958.70708	62.26385
9959.90013	29.10573
9961.0934	2.94342
9962.28688	0.16896
9963.48057	3.48813
9964.67448	1.65071
9965.8686	0
9967.06294	0.00316
9968.25749	0.58323
9969.45226	14.61473
9970.64724	14.69693
9971.84244	3.97341
9973.03785	0
9974.23348	0
9975.42932	0
9976.62538	0
9977.82165	0.00152
9979.01814	0.26998
9980.21484	5.3677
9981.41176	12.53458
9982.60889	13.06145
9983.80624	4.69936
9985.0038	0
9986.20158	0
9987.39958	0.00481
9988.59779	0.74402
9989.79621	0.14508
9990.99486	0
9992.19371	0.08019
9993.39279	12.63482
9994.59208	37.25309
9995.79158	45.55498
9996.9913	29.74469
9998.19124	4.95203
9999.39139	5.04E-4
10000.59176	0.1314
10001.79235	8.3476
10002.99315	12.40728
10004.19417	16.25661
10005.3954	25.44807
10006.59685	29.22252
10007.79852	19.73563
10009.0004	3.96346
10010.2025	0.17181
10011.40482	26.99288
10012.60735	70.21276
10013.8101	66.42903
10015.01307	43.85855
10016.21625	18.80666
10017.41965	1.72181
10018.62327	0.24029
10019.8271	8.72261
10021.03115	21.88673
10022.23542	28.61058
10023.43991	22.14577
10024.64461	8.31514
10025.84953	0.00966
10027.05466	1.52368
10028.26002	5.09742
10029.46559	0.32602
10030.67138	0
10031.87738	0.08272
10033.08361	13.00018
10034.29005	37.62539
10035.49671	96.83895
10036.70359	101.88257
10037.91068	43.90404
10039.11799	23.39037
10040.32552	9.9882
10041.53327	0
10042.74124	0
10043.94942	0
10045.15782	0
10046.36644	0
10047.57528	0.00427
10048.78434	0.76711
10049.99361	16.99036
10051.2031	24.42639
10052.41281	16.04156
10053.62274	3.82562
10054.83289	4.74542
10056.04326	23.06717
10057.25384	48.3073
10058.46465	65.60154
10059.67567	65.11436
10060.88691	46.48429
10062.09837	19.80333
10063.31005	0.71405
10064.52195	1.35752
10065.73406	14.75938
10066.9464	30.08464
10068.15895	33.65551
10069.37173	22.73168
10070.58472	0
10071.79793	0.14997
10073.01136	23.49091
10074.22501	65.55317
10075.43888	56.86635
10076.65297	32.24577
10077.86728	5.82523
10079.08181	0.10463
10080.29656	16.23936
10081.51152	25.97002
10082.72671	18.28532
10083.94212	5.25873
10085.15774	0.48079
10086.37359	4.47832
10087.58966	10.16973
10088.80594	9.03124
10090.02245	2.31104
10091.23917	0
10092.45612	0
10093.67329	0
10094.89067	0.00519
10096.10828	0.90135
10097.32611	16.27049
10098.54416	37.25153
10099.76242	44.32271
10100.98091	30.67793
10102.19962	6.63261
10103.41855	0
10104.6377	0.04471
10105.85707	6.99163
10107.07666	20.24298
10108.29648	19.66339
10109.51651	9.15905
10110.73676	0.00267
10111.95724	0
10113.17793	0
10114.39885	0.00653
10115.61999	1.08377
10116.84135	12.74094
10118.06293	25.02381
10119.28473	26.5204
10120.50675	14.44344
10121.729	0
10122.95146	0
10124.17415	0
10125.39706	0
10127.84354	0
10129.06712	0
10130.29091	0
10131.51493	0
10132.73917	0.00144
10133.96363	0.35217
10135.18831	20.39121
10136.41322	48.62616
10137.63835	62.99867
10138.8637	49.52108
10140.08927	19.88124
10141.31506	0.08261
10142.54108	0
10143.76732	0
10144.99378	0
10146.22046	0.01376
10147.44737	2.23753
10148.67449	21.17333
10149.90185	40.23826
10151.12942	42.66388
10152.35722	25.36625
10153.58523	1.58606
10154.81348	0
10156.04194	0
10157.27063	6E-5
10158.49954	0.03256
10159.72867	3.6961
10160.95803	19.05999
10162.18761	33.79992
10163.41741	35.06596
10164.64744	22.28519
10165.87769	7.89
10167.10816	4.29166
10168.33886	12.62026
10169.56978	23.30227
10170.80092	24.41162
10172.03229	11.96192
10173.26388	0
10174.4957	0.04124
10175.72773	6.46671
10176.96	27.19886
10178.19248	39.4298
10179.42519	36.08734
10180.65812	23.79657
10181.89128	12.67432
10183.12466	6.28837
10184.35827	2.00076
10185.5921	0
10186.82615	0.01354
10188.06043	2.18941
10189.29494	19.45881
10190.52966	41.05802
10191.76462	51.25198
10192.99979	39.49536
10194.23519	14.26251
10195.47082	7.16E-4
10196.70667	0.21032
10197.94274	15.59329
10199.17904	27.64587
10200.41557	24.83813
10201.65232	11.91894
10202.88929	0.88111
10204.12649	0.00884
10205.36391	1.38701
10206.60156	6.32632
10207.83944	13.53604
10209.07754	24.14612
10210.31586	32.07385
10211.55441	26.98583
10212.79319	8.14889
10214.03219	0
10215.27142	0.04951
10216.51087	7.65781
10217.75055	18.6304
10218.99045	13.78046
10220.23058	2.05246
10221.47093	0.0584
10222.71151	9.06621
10223.95232	27.74153
10225.19335	42.81059
10226.43461	44.3468
10227.6761	31.4914
10228.91781	14.26897
10230.15974	5.47524
10231.40191	7.68664
10232.6443	8.02377
10233.88691	1.26562
10235.12975	0.026
10236.37282	4.06878
10237.61612	17.60173
10238.85964	26.40547
10240.10338	25.10005
10241.34736	17.05732
10242.59156	8.00359
10243.83599	0.95689
10245.08064	0
10246.32552	0
10247.57063	0.04526
10248.81597	7.01072
10250.06153	20.13157
10251.30732	33.44467
10252.55334	42.42606
10253.79958	43.62171
10255.04605	34.66615
10256.29275	16.74219
10257.53968	0
10258.78683	0
10260.03421	0.02596
10261.28182	3.98093
10262.52965	5.43744
10263.77772	0
10265.02601	0
10266.27453	0
10267.52327	0
10268.77225	0
10270.02145	0.04893
10271.27088	7.58736
10272.52054	23.88929
10273.77043	37.17865
10275.02054	42.62285
10276.27088	39.93665
10277.52145	31.08436
10278.77225	19.08717
10280.02328	7.37164
10281.27454	0.4009
10282.52602	0.06148
10283.77773	9.51154
10285.02968	27.28812
10286.28185	40.7462
10287.53424	41.15202
10288.78687	32.87048
10290.03973	27.23574
10291.29281	26.00984
10292.54613	20.31585
10293.79967	9.71964
10295.05344	7.74668
10296.30744	23.51477
10297.56167	45.83087
10298.81613	52.38429
10300.07082	34.05936
10301.32574	6.84249
10302.58089	0.10646
10303.83627	16.46505
10305.09187	48.02397
10306.34771	63.8349
10307.60377	50.00183
10308.86007	19.88336
10310.11659	0.07148
10311.37335	0.03557
10312.63033	5.4589
10313.88755	11.05508
10315.14499	6.79391
10316.40266	0
10317.66057	0.00154
10318.9187	0.26918
10320.17707	5.61491
10321.43566	6.97947
10322.69449	2.20571
10323.95354	0
10325.21283	0
10326.47234	0
10327.73209	0
10328.99206	0.02011
10330.25227	3.10842
10331.51271	9.76413
10332.77338	4.57751
10334.03428	0
10335.29541	0.0733
10336.55677	11.28606
10337.81836	30.06919
10339.08019	39.08076
10340.34224	33.97962
10341.60452	19.20899
10342.86704	4.45599
10344.12979	1.36487
10345.39277	15.59211
10346.65598	38.29836
10347.91942	51.24887
10349.18309	43.88102
10350.447	22.72022
10351.71113	3.23212
10352.9755	0.01244
10354.2401	1.96539
10355.50493	13.05068
10356.76999	18.24337
10358.03529	10.08156
10359.30081	0
10360.56657	0.00932
10361.83256	1.57282
10363.09879	25.03841
10364.36524	43.7514
10365.63193	46.42779
10366.89885	32.81011
10368.166	12.72955
10369.43338	0
10370.701	0
10371.96885	0
10373.23693	0
10374.50524	0
10375.77379	0
10377.04257	0.07205
10378.31158	11.0901
10379.58082	31.86938
10380.8503	52.84439
10382.12001	59.72905
10383.38995	44.58019
10384.66013	17.63984
10385.93054	0.1112
10387.20118	0.56598
10388.47206	10.61074
10389.74316	15.98885
10391.01451	9.99353
10392.28608	0.14412
10393.55789	0
10394.82993	0
10396.10221	0.0058
10397.37472	0.88377
10398.64746	2.104
10399.92044	0
10401.19365	0
10402.46709	0
10403.74077	0.01489
10405.01469	2.36895
10406.28883	20.18137
10407.56321	39.68644
10408.83783	48.55583
10410.11268	41.2163
10411.38776	23.81316
10412.66308	6.77134
10413.93863	0
10415.21441	0
10416.49043	0.00359
10417.76669	0.57376
10419.04318	5.52939
10420.3199	11.72197
10421.59686	17.31135
10422.87405	17.28917
10424.15148	9.03754
10425.42915	0
10426.70704	0.01739
10427.98518	2.68501
10429.26354	12.30532
10430.54215	17.37444
10431.82099	17.43439
10433.10006	15.07025
10434.37937	10.7654
10435.65891	4.17591
10436.93869	0
10438.21871	0
10439.49896	0
10440.77944	0
10442.06016	0
10443.34112	0
10444.62231	0
10445.90374	0
10447.18541	0.03156
10448.46731	4.77174
10449.74944	7.2437
10451.03182	3.73767
10452.31443	2.21726
10453.59727	4.46918
10454.88035	4.11031
10456.16367	0
10457.44722	0.00845
10458.73101	1.3993
10460.01504	20.43129
10461.2993	38.70787
10462.5838	42.28517
10463.86853	28.27881
10465.15351	7.95466
10466.43872	0.01365
10467.72416	2.1452
10469.00984	15.73236
10470.29576	27.6679
10471.58192	34.97649
10472.86831	38.57743
10474.15494	35.65907
10475.44181	23.64038
10476.72892	9.07118
10478.01626	3.96717
10479.30384	12.41544
10480.59165	26.28915
10481.87971	34.60638
10483.168	32.28635
10484.45653	20.36169
10485.7453	4.47836
10487.0343	0
10488.32354	0.08296
10489.61302	12.60584
10490.90274	31.42364
10492.19269	41.82333
10493.48289	38.95477
10494.77332	25.47166
10496.06399	9.02112
10497.3549	8.1E-4
10498.64604	0.1447
10499.93743	3.59421
10501.22905	8.21189
10502.52091	7.75806
10503.81301	2.68236
10505.10535	0
10506.39792	0
10507.69074	0
10508.98379	0.03139
10510.27708	4.73632
10511.57061	7.32606
10512.86438	0.55904
10514.15839	0
10515.45264	0.00415
10516.74712	0.73971
10518.04185	18.09918
10519.33681	36.35041
10520.63202	40.24334
10521.92746	26.57816
10523.22314	8.24328
10524.51906	2.66372
10525.81522	12.91482
10527.11162	25.00275
10528.40826	24.30745
10529.70514	10.36691
10531.00226	0
10532.29962	0.01488
10533.59722	2.37248
10534.89506	23.09791
10536.19313	40.95278
10537.49145	45.59423
10538.79001	36.53919
10540.08881	21.55411
10541.38785	8.35115
10542.68712	0.50336
10543.98664	0.00996
10545.2864	1.52561
10546.5864	5.96646
10547.88664	8.73605
10549.18712	10.74011
10550.48784	14.26779
10551.7888	17.05938
10553.09	14.5013
10554.39145	6.0992
10555.69313	0
10556.99505	0
10558.29722	0
10559.59963	0
10560.90227	0.00135
10562.20516	0.20241
10563.50829	0.08637
10564.81166	0
10566.11527	0
10567.41912	0
10568.72322	0.00434
10570.02755	0.75179
10571.33213	15.81007
10572.63695	24.51735
10573.94201	19.00958
10575.24731	4.89225
10576.55286	0
10577.85864	0.001
10579.16467	0.15124
10580.47094	0.33523
10581.77745	0
10583.0842	0
10584.3912	0
10585.69843	0
10589.6216	0
10590.9298	0
10592.23825	0
10593.54694	0
10594.85588	0.05287
10596.16506	8.02699
10597.47447	23.47663
10598.78414	35.38593
10600.09404	35.48106
10601.40419	22.44228
10602.71458	4.44424
10604.02521	0
10605.33609	0
10606.64721	0
10607.95857	0
10609.27018	0
10610.58203	0
10611.89412	0
10613.20645	0.01245
10614.51903	1.902
10615.83186	7.54086
10617.14492	13.31753
10618.45823	20.06228
10619.77179	23.57267
10621.08558	18.27564
10622.39963	6.30171
10623.71391	0.03923
10625.02844	5.99533
10626.34321	24.03983
10627.65823	39.53284
10628.97349	39.39371
10630.289	21.96096
10631.60475	0.11145
10632.92074	0
10634.23698	0.05936
10635.55346	8.90719
10636.87019	12.00153
10638.18716	3.2518
10639.50438	0.00711
10640.82184	1.14566
10642.13954	13.30485
10643.45749	24.14541
10644.77569	26.28908
10646.09413	17.84626
10647.41282	3.65013
10648.73175	0
10650.05092	0
10651.37034	0
10652.69001	0
10654.00992	0
10655.33007	0
10656.65048	0
10657.97112	0.01419
10659.29202	2.19181
10660.61315	12.64241
10661.93454	20.47582
10663.25617	20.82705
10664.57804	15.20702
10665.90016	9.65564
10667.22253	6.39231
10668.54514	2.41478
10669.868	0
10671.19111	0
10672.51446	0
10673.83806	0.04298
10675.1619	6.56435
10676.48599	27.44509
10677.81033	52.9659
10679.13491	68.11399
10680.45974	61.36893
10681.78481	37.18396
10683.11014	11.83854
10684.43571	0
10685.76152	0
10687.08758	0
10688.41389	0
10689.74045	0
10691.06725	0.08092
10692.3943	12.10639
10693.7216	21.00443
10695.04914	14.73661
10696.37694	0.06904
10697.70498	0
10699.03326	0.04576
10700.3618	6.89929
10701.69058	20.01761
10703.01961	31.87487
10704.34888	39.51058
10705.67841	37.27795
10707.00818	24.36369
10708.3382	8.91323
10709.66847	0.83043
10710.99898	1.69101
10712.32974	6.99862
10713.66075	11.26256
10714.99201	13.42398
10716.32352	15.21656
10717.65528	16.73261
10718.98728	14.52021
10720.31953	5.72776
10721.65203	0
10722.98478	0
10724.31778	0.00246
10725.65103	0.3674
10726.98452	0.5707
10728.31827	0
10729.65226	0
10730.9865	0
10732.32099	0
10733.65573	0.01701
10734.99072	2.58818
10736.32595	11.31372
10737.66144	15.1807
10738.99717	11.53714
10740.33316	3.36738
10741.66939	0
10743.00588	0.07116
10744.34261	10.70683
10745.67959	30.14632
10747.01682	42.13646
10748.35431	35.34782
10749.69204	14.91299
10751.03002	0
10752.36825	0
10753.70673	0
10755.04546	0
10756.38444	0.00935
10757.72367	1.4757
10759.06315	14.4672
10760.40288	23.82782
10761.74286	20.21438
10763.0831	5.26032
10764.42358	0
10765.76431	0
10767.10529	0.04412
10768.44653	6.53031
10769.78801	3.32438
10771.12974	0
10772.47173	0.031
10773.81397	4.63049
10775.15645	8.71353
10776.49919	2.99772
10777.84218	0
10779.18542	9.18E-4
10780.52891	0.13893
10781.87265	0.52382
10783.21665	0.11337
10784.56089	0
10785.90539	0
10787.25014	0
10788.59514	0
10799.36419	0
10800.71146	0
10802.05898	0
10803.40675	0
10804.75477	0.00208
10806.10304	0.3961
10807.45157	13.26658
10808.80035	19.22456
10810.14938	13.51218
10811.49867	1.72688
10812.8482	0
10814.19799	0.01959
10815.54804	2.9544
10816.89833	10.28889
10818.24888	8.83311
10819.59968	0.57826
10820.95074	0
10822.30204	0.00151
10823.6536	0.30467
10825.00542	12.31562
10826.35749	23.96051
10827.70981	25.63757
10829.06238	14.54275
10830.41521	0
10831.76829	0
10833.12162	0
10834.47521	0
10835.82905	0
10837.18315	0
10838.5375	0
10839.8921	0
10841.24696	0.03574
10842.60207	5.46769
10843.95743	31.11664
10845.31305	56.05774
10846.66893	62.21257
10848.02505	46.1512
10849.38144	20.79655
10850.73807	1.66884
10852.09496	0
10853.45211	0.01669
10854.80951	2.47219
10856.16716	3.9331
10857.52507	1.93074
10858.88324	0
10860.24166	0
10861.60033	0.0965
10862.95926	14.37576
10864.31845	35.9532
10865.67789	47.26009
10867.03758	40.34425
10868.39753	22.78368
10869.75773	7.74809
10871.11819	0.93969
10872.47891	0
10873.83988	0.02424
10875.20111	3.67265
10876.56259	18.41107
10877.92433	30.63481
10879.28632	30.84239
10880.64857	19.20347
10882.01108	3.27248
10883.37384	0
10884.73686	0
10886.10013	0
10887.46366	0
10897.01555	0
10898.38113	0
10899.74697	0
10901.11306	0
10902.47941	0.00956
10903.84602	1.42922
10905.21289	4.69909
10906.58001	10.00973
10907.94739	20.20482
10909.31502	29.42655
10910.68292	29.14803
10912.05107	18.88439
10913.41948	6.24965
10914.78814	0
10916.15707	0
10917.52625	0.06751
10918.89569	10.0418
10920.26538	25.48918
10921.63534	32.85125
10923.00555	25.01082
10924.37602	8.23257
10925.74675	0
10927.11773	0.07371
10928.48898	10.93624
10929.86048	24.09193
10931.23224	26.59401
10932.60426	15.98812
10933.97653	0.6245
10935.34907	0
10936.72186	0
10938.09491	0.02766
10939.46822	4.06812
10940.84179	4.00169
10942.21562	0
10943.58971	0
10944.96405	0.03366
10946.33866	5.06891
10947.71352	22.40421
10949.08864	26.23224
10950.46403	15.90285
10951.83967	4.41684
10953.21557	4.31713
10954.59173	15.50904
10955.96814	27.57648
10957.34482	30.25454
10958.72176	20.85384
10960.09896	5.08773
10961.47641	0
10962.85413	0
10964.23211	0
10965.61034	0
10966.98884	0
10968.3676	0.00889
10969.74661	1.31173
10971.12589	2.03662
10972.50542	0
10973.88522	0
10975.26528	0.03766
10976.64559	5.62447
10978.02617	18.87781
10979.40701	19.81754
10980.78811	10.00333
10982.16947	0.09767
10983.55109	0.00387
10984.93297	0.56419
10986.31511	0
10987.69751	0
10989.08017	0.00359
10990.4631	0.59841
10991.84628	10.96799
10993.22973	13.26775
10994.61344	3.49159
10995.99741	0
10997.38164	0.0442
10998.76613	6.49714
11000.15088	7.56224
11001.53589	0.46446
11002.92117	0
11004.30671	0
11005.69251	0
11007.07857	0.00136
11008.46489	0.24523
11009.85148	6.92355
11011.23832	20.00209
11012.62543	29.99731
11014.0128	28.12534
11015.40044	14.58857
11016.78833	1.43484
11018.17649	0.58042
11019.56491	10.48672
11020.95359	21.995
11022.34254	30.34439
11023.73175	38.11389
11025.12122	44.80839
11026.51095	43.93102
11027.90095	32.36426
11029.29121	16.63088
11030.68173	7.99819
11032.07251	13.70631
11033.46356	27.29048
11034.85487	57.1604
11036.24645	68.95546
11037.63828	58.64112
11039.03038	31.75405
11040.42275	5.47636
11041.81538	0
11043.20827	0.04434
11044.60142	6.53849
11045.99484	16.78965
11047.38852	19.95165
11048.78247	13.53606
11050.17668	2.25103
11051.57115	0
11052.96589	0.02408
11054.36089	3.54488
11055.75616	8.28728
11057.15169	6.24397
11058.54748	0
11059.94354	0
11061.33986	0
11062.73645	0
11073.91867	0
11075.31764	0
11076.71688	0
11078.11638	0
11079.51615	0.00331
11080.91618	0.47878
11082.31647	0
11083.71704	0
11085.11786	0
11086.51896	0
11087.92031	0
11089.32194	0
11090.72383	0.01382
11092.12599	2.06925
11093.52841	10.4668
11094.9311	15.08934
11096.33405	15.09147
11097.73727	11.53747
11099.14076	5.87049
11100.54451	1.47461
11101.94853	0.19243
11103.35281	0
11104.75736	0
11106.16218	0.05361
11107.56727	7.92109
11108.97262	25.12772
11110.37824	33.99292
11111.78412	27.43085
11113.19027	11.49979
11114.59669	0.08113
11116.00338	0
11117.41033	0.02862
11118.81755	4.23059
11120.22504	13.86053
11121.63279	20.72893
11123.04082	22.58816
11124.4491	18.33236
11125.85766	8.39782
11127.26649	0
11128.67558	0
11130.08494	0.01822
11131.49456	2.64518
11132.90446	2.19329
11134.31462	0.04479
11135.72505	0
11137.13575	0
11138.54672	0
11139.95795	0
11141.36946	0
11142.78123	0
11144.19327	0.00471
11145.60558	0.79244
11147.01816	16.49587
11148.431	29.50727
11149.84411	28.36947
11151.2575	14.12166
11152.67115	1.96498
11154.08507	5.93347
11155.49926	23.99364
11156.91372	40.8216
11158.32844	43.1021
11159.74344	30.35215
11161.15871	12.75393
11162.57424	0.78238
11163.99005	0.18783
11165.40612	0
11166.82246	0.00342
11168.23907	0.61447
11169.65596	17.75552
11171.07311	37.95139
11172.49053	44.70403
11173.90822	32.93736
11175.32618	12.9325
11176.74441	0
11178.16291	0
11179.58169	0
11181.00073	0.00158
11182.42004	0.26506
11183.83962	5.44366
11185.25947	12.09777
11186.67959	15.38867
11188.09999	11.93801
11189.52065	2.46674
11190.94158	0
11192.36279	0
11193.78426	0.01316
11195.20601	1.90869
11196.62803	1.50744
11198.05032	0
11199.47288	0
11200.89571	0
11202.31881	0
11203.74218	0
11205.16582	0
11206.58974	0
11208.01393	0
11209.43838	0.05043
11210.86311	7.4199
11212.28812	22.07161
11213.71339	25.40655
11215.13893	15.42812
11216.56475	0.97531
11217.99084	0.00552
11219.4172	0.92695
11220.84383	19.16088
11222.27074	37.87062
11223.69791	45.88998
11225.12536	39.99448
11226.55309	25.18743
11227.98108	10.06002
11229.40935	3.76573
11230.83789	12.8054
11232.2667	34.17395
11233.69578	53.32551
11235.12514	55.84526
11236.55477	41.79364
11237.98467	23.82563
11239.41485	11.90432
11240.8453	4.87277
11242.27602	0
11243.70701	0
11245.13828	0
11246.56982	0
11248.00164	0
11249.43373	0
11250.86609	0
11252.29872	0.06985
11253.73163	10.15969
11255.16482	17.78835
11256.59827	15.28653
11258.032	5.92242
11259.46601	1.02998
11260.90029	3.62193
11262.33484	6.43049
11263.76967	1.84713
11265.20477	0
11266.64014	0
11268.07579	0
11269.51172	0
11270.94791	0.06329
11272.38439	9.25003
11273.82114	23.31573
11275.25816	27.55397
11276.69546	19.20771
11278.13303	6.39964
11279.57087	0.25706
11281.009	0.5326
11282.44739	8.66623
11283.88607	20.75427
11285.32501	30.47945
11286.76424	32.59669
11288.20373	26.95596
11289.64351	17.70681
11291.08356	8.06487
11292.52388	0.49615
11293.96448	0.01659
11295.40536	2.50567
11296.84651	18.19291
11298.28793	35.07011
11299.72964	44.2437
11301.17162	41.77477
11302.61387	29.1193
11304.0564	12.31314
11305.49921	0.98028
11306.94229	0.81404
11308.38565	7.82223
11309.82929	14.69857
11311.2732	13.46261
11312.71739	4.36444
11314.16186	0
11315.6066	0
11317.05162	0.04387
11318.49692	6.38546
11319.94249	13.76231
11321.38834	8.94887
11322.83447	0
11324.28087	0.04472
11325.72755	6.57815
11327.17451	24.30123
11328.62175	37.75634
11330.06926	41.83244
11331.51705	36.84926
11332.96512	25.08241
11334.41347	11.05941
11335.86209	1.47746
11337.31099	1.03595
11338.76017	6.26775
11340.20963	9.05998
11341.65936	1.77067
11343.10937	0
11344.55966	0.06341
11346.01023	9.35656
11347.46108	39.28255
11348.91221	61.93654
11350.36361	57.67746
11351.81529	29.70291
11353.26725	1.38183
11354.71949	3.36E-4
11356.17201	0.1186
11357.62481	10.18111
11359.07789	14.13799
11360.53124	9.7803
11361.98487	1.03421
11363.43879	0
11364.89298	0
11366.34745	0
11367.8022	0
11369.25723	0
11370.71254	0.00118
11372.16813	0.24131
11373.62399	10.39178
11375.08014	16.15126
11376.53657	11.90791
11377.99327	2.41223
11379.45026	0
11380.90753	0.00488
11382.36507	0.71045
11383.8229	1.67399
11385.28101	0.50277
11386.73939	2.19554
11388.19806	12.78506
11389.65701	30.0969
11391.11623	48.13631
11392.57574	59.93046
11394.03553	58.37269
11395.4956	41.24033
11396.95595	16.59246
11398.41658	2.69482
11399.87749	3.87901
11401.33868	6.80259
11402.80016	0.50848
11404.26191	0
11405.72395	0.04431
11407.18626	6.49548
11408.64886	24.50045
11410.11174	35.28998
11411.5749	31.78667
11413.03834	17.87387
11414.50207	4.0086
11415.96607	0.02544
11417.43036	2.77427
11418.89493	8.4768
11420.35978	8.97728
11421.82491	4.6279
11423.29032	0.70892
11424.75602	0
11426.222	0
11427.68826	0
11429.1548	4.32E-4
11430.62162	0.08608
11432.08873	3.50448
11433.55612	3.33563
11435.02379	0.00438
11436.49175	0
11437.95999	0.00372
11439.42851	0.53741
11440.89731	0.96187
11442.3664	0
11443.83577	0.02705
11445.30542	3.97714
11446.77535	17.31124
11448.24557	22.50486
11449.71607	13.38058
11451.18686	0.24813
11452.65793	0.07002
11454.12928	10.14925
11455.60091	24.02072
11457.07283	23.87037
11458.54504	11.14356
11460.01752	0
11461.49029	0.00292
11462.96335	0.42701
11464.43669	1.46575
11465.91031	0.29731
11467.38422	0
11468.85841	0
11470.33288	0
11471.80764	0
11473.28269	0.07515
11474.75801	10.95974
11476.23363	36.40478
11477.70953	64.07664
11479.18571	76.92754
11480.66218	42.24187
11482.13893	18.47579
11483.61596	5.08223
11485.09329	1.25794
11486.57089	6.16849
11488.04879	13.85273
11489.52696	20.59668
11491.00543	21.32177
11492.48418	12.97892
11493.96321	0.96788
11495.44253	0
11496.92213	0
11498.40202	0.0315
11499.8822	4.53017
11501.36266	6.92169
11502.84341	3.40759
11504.32445	0
11505.80577	0.05032
11507.28737	7.38225
11508.76926	32.188
11510.25144	58.58473
11511.73391	70.63254
11513.21666	59.25548
11514.6997	31.78167
11516.18302	6.65878
11517.66663	0
11519.15053	0
11520.63472	0
11522.11919	0
11523.60395	0.00538
11525.08899	0.77208
11526.57432	1.2462
11528.05994	0
11529.54585	0
11531.03205	0
11532.51853	0.00771
11534.0053	1.14623
11535.49235	7.43239
11536.9797	8.21077
11538.46733	1.76722
11539.95525	0
11541.44346	0
11542.93195	0.03387
11544.42074	4.84403
11545.90981	5.36601
11547.39917	0.079
11548.88881	0
11550.37875	0
11551.86897	0
11553.35949	0
11554.85029	0
11556.34138	0.00924
11557.83276	1.4512
11559.32442	20.1877
11560.81638	39.56997
11562.30863	43.69385
11563.80116	29.21421
11565.29398	7.64312
11566.78709	0
11568.2805	0
11569.77419	0.01573
11571.26817	2.24612
11572.76243	2.2271
11574.25699	0
11575.75184	0
11577.24698	0.1106
11578.74241	15.93516
11580.23812	36.87661
11581.73413	50.13451
11583.23043	50.07438
11584.72701	37.38164
11586.22389	19.14049
11587.72106	6.98899
11589.21852	9.62955
11590.71626	25.49976
11592.2143	45.05267
11593.71263	59.06089
11595.21125	61.97913
11596.71016	51.06216
11598.20936	29.08098
11599.70885	6.69269
11601.20863	0
11602.7087	7.04E-4
11604.20907	0.10512
11605.70972	0.78738
11607.21067	1.24841
11608.7119	1.67676
11610.21343	0.45251
11611.71525	0
11613.21736	0
11614.71977	0.03037
11616.22246	4.32706
11617.72544	4.21092
11619.22872	0.0972
11620.73229	0
11622.23615	0.05008
11623.74031	7.25689
11625.24475	24.8201
11626.74949	38.75879
11628.25452	41.22005
11629.75984	31.13749
11631.26545	16.35252
11632.77136	8.36067
11634.27756	14.9315
11635.78405	30.28247
11637.29083	59.60091
11638.79791	72.79387
11640.30528	66.50557
11641.81294	44.98225
11643.3209	20.29515
11644.82914	1.39187
11646.33768	0
11647.84652	0
11649.35565	0
11650.86507	0.0031
11652.37478	0.48153
11653.88479	6.29933
11655.39509	13.79449
11656.90569	15.21917
11658.41657	8.60655
11659.92776	3.46065
11661.43923	11.13543
11662.951	28.75248
11664.46307	39.67243
11665.97543	32.0574
11667.48808	11.83239
11669.00102	0
11670.51427	0
11672.0278	0
11673.54163	0
11675.05575	0
11676.57017	0
11678.08489	0.07432
11679.5999	10.64659
11681.1152	24.49984
11682.6308	26.39946
11684.14669	16.69418
11685.66288	5.94073
11687.17936	3.51434
11688.69614	8.91986
11690.21321	14.46302
11691.73058	13.69511
11693.24825	6.5496
11694.76621	1.03002
11696.28446	0.69335
11697.80301	6.08124
11699.32186	10.35439
11700.841	7.87586
11702.36044	1.52446
11703.88018	0
11705.40021	0.02159
11706.92053	3.12854
11708.44116	12.65187
11709.96208	23.13826
11711.48329	28.5876
11713.00481	24.10131
11714.52661	12.19826
11716.04872	0.86924
11717.57112	0
11719.09382	0
11720.61682	0
11722.14011	0.05765
11723.6637	8.2472
11725.18759	18.91778
11726.71177	23.24098
11728.23625	17.42874
11729.76103	5.66708
11731.2861	0
11732.81148	0.0441
11734.33715	6.28328
11735.86312	11.06098
11737.38938	5.83801
11738.91595	0
11740.44281	0.00246
11741.96997	0.43744
11743.49742	12.97342
11745.02518	18.40248
11746.55323	13.15848
11748.08159	5.8013
11749.61024	5.36665
11751.13918	22.75524
11752.66843	61.60569
11754.19798	100.24206
11755.72782	92.53524
11757.25796	37.25599
11758.78841	12.46708
11760.31915	0
11761.85019	0
11763.38152	0
11764.91316	0
11766.4451	0
11767.97733	0
11769.50987	0
11771.0427	0
11772.57584	0.02324
11774.10927	3.42982
11775.643	23.49214
11777.17704	47.59667
11778.71137	91.75588
11780.246	62.87079
11781.78094	25.99453
11783.31617	7.55913
11784.8517	0.01628
11786.38753	2.31545
11787.92367	4.66696
11789.4601	1.94741
11790.99683	0
11792.53387	0
11794.0712	0.05709
11795.60884	8.14698
11797.14677	20.61809
11798.68501	24.83312
11800.22355	18.24686
11801.76239	5.73401
11803.30153	0
11804.84097	0
11806.38071	0.0026
11807.92075	0.36448
11809.4611	0
11811.00174	0
11812.54269	0
11814.08394	0
11815.62549	0
11817.16735	0.01311
11818.7095	1.92892
11820.25196	13.28438
11821.79471	26.96641
11823.33777	29.10467
11824.88114	17.41134
11826.4248	2.5996
11827.96877	0
11829.51304	0.02525
11831.05761	3.59444
11832.60249	8.52691
11834.14766	9.24382
11835.69314	5.41568
11837.23892	1.42743
11838.78501	0.85993
11840.3314	3.128
11841.87809	3.50576
11843.42508	0.3645
11844.97238	0
11846.51998	0.04222
11848.06789	6.04229
11849.61609	18.92363
11851.1646	33.65889
11852.71342	44.49482
11854.26254	45.17242
11855.81196	34.62374
11857.36168	18.19341
11858.91171	3.38736
11860.46205	0.00622
11862.01268	0.95951
11863.56363	12.6241
11865.11487	24.87189
11866.66642	27.11155
11868.21828	18.8847
11869.77044	7.68107
11871.3229	0.3666
11872.87567	0.00199
11874.42874	0.36992
11875.98212	12.97185
11877.5358	33.11462
11879.08979	48.51317
11880.64408	48.79032
11882.19868	34.7388
11883.75358	16.08345
11885.30879	2.23838
11886.8643	0.00778
11888.42012	1.16764
11889.97624	11.37803
11891.53267	28.43172
11893.08941	48.39426
11894.64645	62.67689
11896.20379	61.00735
11897.76145	42.01332
11899.3194	18.05564
11900.87767	4.82326
11902.43624	7.06678
11903.99511	18.22852
11905.5543	31.32319
11907.11379	43.88936
11908.67358	53.70366
11910.23369	56.99116
11911.79409	51.91152
11913.35481	39.52578
11914.91583	18.32093
11916.47716	6.07213
11918.0388	8.12781
11919.60074	26.55267
11921.16299	55.50219
11922.72555	71.55127
11924.28841	39.71045
11925.85158	5.76545
11927.41506	0
11928.97885	0.2092
11930.54294	29.60428
11932.10734	58.44411
11933.67205	52.06829
11935.23707	32.20905
11936.8024	11.4142
11938.36803	0.50224
11939.93397	0.00998
11941.50022	1.44314
11943.06678	7.29489
11944.63364	17.62966
11946.20082	28.5789
11947.7683	31.68971
11949.33609	22.02647
11950.90419	5.07658
11952.4726	0
11954.04132	0.04654
11955.61034	6.5774
11957.17968	12.88432
11958.74932	7.57059
11960.31928	3.57678
11961.88954	15.82749
11963.46011	40.63287
11965.03099	72.57671
11966.60218	65.07824
11968.17368	34.23611
11969.74549	11.34199
11971.31761	3.1082
11972.89004	9.40748
11974.46278	19.00907
11976.03583	23.55813
11977.60918	20.67447
11979.18285	11.7238
11980.75683	1.30672
11982.33112	0
11983.90572	0.03217
11985.48063	4.53932
11987.05585	8.34212
11988.63138	4.19019
11990.20722	0
11991.78337	0.00342
11993.35984	0.61029
11994.93661	18.85413
11996.5137	34.06857
11998.09109	34.26712
11999.6688	21.19848
12001.24682	0
12002.82515	0
12004.40379	0
12005.98274	0
12120.49117	0
12122.09308	0
12123.69531	0
12125.29786	0